customer_id,risk_score,prediction,confidence,scoring_date
7590-VHVEG,1.0,Likely to churn,1.0,2026-08-19
5575-GNVDE,0.09430604982206406,Unlikely to churn,0.905693950177936,2026-08-19
3668-QPYBK,1.0,Likely to churn,1.0,2026-08-19
7795-CFOCW,0.09430604982206406,Unlikely to churn,0.905693950177936,2026-08-19
9237-HQITU,0.5149700598802395,Likely to churn,0.5149700598802395,2026-08-19
9305-CDSKC,0.7213930348258707,Likely to churn,0.7213930348258707,2026-08-19
1452-KIOVK,0.5050301810865191,Likely to churn,0.5050301810865191,2026-08-19
6713-OKOMC,0.5149700598802395,Likely to churn,0.5149700598802395,2026-08-19
7892-POOKP,0.5050301810865191,Likely to churn,0.5050301810865191,2026-08-19
6388-TABGU,0.09430604982206406,Unlikely to churn,0.905693950177936,2026-08-19
9763-GRSKD,0.5149700598802395,Likely to churn,0.5149700598802395,2026-08-19
7469-LKBCI,0.016241299303944315,Unlikely to churn,0.9837587006960556,2026-08-19
8091-TTVAX,0.057692307692307696,Unlikely to churn,0.9423076923076923,2026-08-19
0280-XJGEX,0.5050301810865191,Likely to churn,0.5050301810865191,2026-08-19
5129-JLPIS,0.5050301810865191,Likely to churn,0.5050301810865191,2026-08-19
3655-SNQYZ,0.0,Unlikely to churn,1.0,2026-08-19
8191-XWSZG,1.0,Likely to churn,1.0,2026-08-19
9959-WOFKT,0.10679611650485436,Unlikely to churn,0.8932038834951457,2026-08-19
4190-MFLUW,0.5149700598802395,Likely to churn,0.5149700598802395,2026-08-19
4183-MYFRB,0.5050301810865191,Likely to churn,0.5050301810865191,2026-08-19
8779-QRDMV,1.0,Likely to churn,1.0,2026-08-19
1680-VDCWW,1.0,Likely to churn,1.0,2026-08-19
1066-JKSGK,1.0,Likely to churn,1.0,2026-08-19
3638-WEABW,0.016241299303944315,Unlikely to churn,0.9837587006960556,2026-08-19
6322-HRPFA,0.5050301810865191,Likely to churn,0.5050301810865191,2026-08-19
6865-JZNKO,0.5050301810865191,Likely to churn,0.5050301810865191,2026-08-19
6467-CHFZW,0.5050301810865191,Likely to churn,0.5050301810865191,2026-08-19
8665-UTDHZ,1.0,Likely to churn,1.0,2026-08-19
5248-YGIJN,0.0,Unlikely to churn,1.0,2026-08-19
8773-HHUOZ,0.5050301810865191,Likely to churn,0.5050301810865191,2026-08-19
3841-NFECX,0.10679611650485436,Unlikely to churn,0.8932038834951457,2026-08-19
4929-XIHVW,0.7213930348258707,Likely to churn,0.7213930348258707,2026-08-19
6827-IEAUQ,0.09430604982206406,Unlikely to churn,0.905693950177936,2026-08-19
7310-EGVHZ,1.0,Likely to churn,1.0,2026-08-19
3413-BMNZE,1.0,Likely to churn,1.0,2026-08-19
6234-RAAPL,0.10679611650485436,Unlikely to churn,0.8932038834951457,2026-08-19
6047-YHPVI,0.5149700598802395,Likely to churn,0.5149700598802395,2026-08-19
6572-ADKRS,0.5050301810865191,Likely to churn,0.5050301810865191,2026-08-19
5380-WJKOV,0.5050301810865191,Likely to churn,0.5050301810865191,2026-08-19
8168-UQWWF,0.7213930348258707,Likely to churn,0.7213930348258707,2026-08-19
8865-TNMNX,0.09430604982206406,Unlikely to churn,0.905693950177936,2026-08-19
9489-DEDVP,0.016241299303944315,Unlikely to churn,0.9837587006960556,2026-08-19
9867-JCZSP,1.0,Likely to churn,1.0,2026-08-19
4671-VJLCL,0.016241299303944315,Unlikely to churn,0.9837587006960556,2026-08-19
4080-IIARD,0.5149700598802395,Likely to churn,0.5149700598802395,2026-08-19
3714-NTNFO,0.5050301810865191,Likely to churn,0.5050301810865191,2026-08-19
5948-UJZLF,1.0,Likely to churn,1.0,2026-08-19
7760-OYPDY,0.7213930348258707,Likely to churn,0.7213930348258707,2026-08-19
7639-LIAYI,0.016241299303944315,Unlikely to churn,0.9837587006960556,2026-08-19
2954-PIBKO,0.016241299303944315,Unlikely to churn,0.9837587006960556,2026-08-19
8012-SOUDQ,0.5050301810865191,Likely to churn,0.5050301810865191,2026-08-19
9420-LOJKX,0.5050301810865191,Likely to churn,0.5050301810865191,2026-08-19
6575-SUVOI,0.5050301810865191,Likely to churn,0.5050301810865191,2026-08-19
7495-OOKFY,0.7213930348258707,Likely to churn,0.7213930348258707,2026-08-19
4667-QONEA,0.09430604982206406,Unlikely to churn,0.905693950177936,2026-08-19
1658-BYGOY,0.5050301810865191,Likely to churn,0.5050301810865191,2026-08-19
8769-KKTPH,0.057692307692307696,Unlikely to churn,0.9423076923076923,2026-08-19
5067-XJQFU,0.057692307692307696,Unlikely to churn,0.9423076923076923,2026-08-19
3957-SQXML,0.016241299303944315,Unlikely to churn,0.9837587006960556,2026-08-19
5954-BDFSG,0.10679611650485436,Unlikely to churn,0.8932038834951457,2026-08-19
0434-CSFON,0.5050301810865191,Likely to churn,0.5050301810865191,2026-08-19
1215-FIGMP,0.175,Unlikely to churn,0.825,2026-08-19
0526-SXDJP,0.016241299303944315,Unlikely to churn,0.9837587006960556,2026-08-19
0557-ASKVU,0.09430604982206406,Unlikely to churn,0.905693950177936,2026-08-19
5698-BQJOH,0.7213930348258707,Likely to churn,0.7213930348258707,2026-08-19
5122-CYFXA,0.5149700598802395,Likely to churn,0.5149700598802395,2026-08-19
8627-ZYGSZ,0.09430604982206406,Unlikely to churn,0.905693950177936,2026-08-19
3410-YOQBQ,0.016241299303944315,Unlikely to churn,0.9837587006960556,2026-08-19
3170-NMYVV,0.016241299303944315,Unlikely to churn,0.9837587006960556,2026-08-19
7410-OIEDU,0.7213930348258707,Likely to churn,0.7213930348258707,2026-08-19
2273-QCKXA,1.0,Likely to churn,1.0,2026-08-19
0731-EBJQB,1.0,Likely to churn,1.0,2026-08-19
1891-QRQSA,0.10679611650485436,Unlikely to churn,0.8932038834951457,2026-08-19
8028-PNXHQ,0.016241299303944315,Unlikely to churn,0.9837587006960556,2026-08-19
5630-AHZIL,0.5149700598802395,Likely to churn,0.5149700598802395,2026-08-19
2673-CXQEU,0.057692307692307696,Unlikely to churn,0.9423076923076923,2026-08-19
6416-JNVRK,0.09430604982206406,Unlikely to churn,0.905693950177936,2026-08-19
5590-ZSKRV,0.5149700598802395,Likely to churn,0.5149700598802395,2026-08-19
0191-ZHSKZ,0.5050301810865191,Likely to churn,0.5050301810865191,2026-08-19
3887-PBQAO,0.09430604982206406,Unlikely to churn,0.905693950177936,2026-08-19
5919-TMRGD,0.825,Likely to churn,0.825,2026-08-19
8108-UXRQN,0.5149700598802395,Likely to churn,0.5149700598802395,2026-08-19
9191-MYQKX,0.5149700598802395,Likely to churn,0.5149700598802395,2026-08-19
9919-YLNNG,0.5050301810865191,Likely to churn,0.5050301810865191,2026-08-19
0318-ZOPWS,0.016241299303944315,Unlikely to churn,0.9837587006960556,2026-08-19
4445-ZJNMU,0.7213930348258707,Likely to churn,0.7213930348258707,2026-08-19
4808-YNLEU,0.09430604982206406,Unlikely to churn,0.905693950177936,2026-08-19
1862-QRWPE,0.016241299303944315,Unlikely to churn,0.9837587006960556,2026-08-19
2796-NNUFI,0.016241299303944315,Unlikely to churn,0.9837587006960556,2026-08-19
3016-KSVCP,0.5050301810865191,Likely to churn,0.5050301810865191,2026-08-19
4767-HZZHQ,0.5050301810865191,Likely to churn,0.5050301810865191,2026-08-19
2424-WVHPL,0.825,Likely to churn,0.825,2026-08-19
7233-PAHHL,0.0,Unlikely to churn,1.0,2026-08-19
6067-NGCEU,0.35384615384615387,Unlikely to churn,0.6461538461538461,2026-08-19
9848-JQJTX,0.10679611650485436,Unlikely to churn,0.8932038834951457,2026-08-19
8637-XJIVR,0.7213930348258707,Likely to churn,0.7213930348258707,2026-08-19
9803-FTJCG,0.09430604982206406,Unlikely to churn,0.905693950177936,2026-08-19
0278-YXOOG,1.0,Likely to churn,1.0,2026-08-19
3212-KXOCR,0.016241299303944315,Unlikely to churn,0.9837587006960556,2026-08-19
4598-XLKNJ,0.5050301810865191,Likely to churn,0.5050301810865191,2026-08-19
6380-ARCEH,1.0,Likely to churn,1.0,2026-08-19
3679-XASPY,1.0,Likely to churn,1.0,2026-08-19
7123-WQUHX,0.2857142857142857,Unlikely to churn,0.7142857142857143,2026-08-19
5386-THSLQ,0.09430604982206406,Unlikely to churn,0.905693950177936,2026-08-19
3192-NQECA,0.10679611650485436,Unlikely to churn,0.8932038834951457,2026-08-19
6180-YBIQI,0.5149700598802395,Likely to churn,0.5149700598802395,2026-08-19
6728-DKUCO,0.057692307692307696,Unlikely to churn,0.9423076923076923,2026-08-19
9750-BOOHV,0.09430604982206406,Unlikely to churn,0.905693950177936,2026-08-19
8597-CWYHH,0.057692307692307696,Unlikely to churn,0.9423076923076923,2026-08-19
2848-YXSMW,0.016241299303944315,Unlikely to churn,0.9837587006960556,2026-08-19
0486-HECZI,0.175,Unlikely to churn,0.825,2026-08-19
4549-ZDQYY,0.09430604982206406,Unlikely to churn,0.905693950177936,2026-08-19
5712-AHQNN,0.5050301810865191,Likely to churn,0.5050301810865191,2026-08-19
4846-WHAFZ,0.5050301810865191,Likely to churn,0.5050301810865191,2026-08-19
5256-SKJGO,0.016241299303944315,Unlikely to churn,0.9837587006960556,2026-08-19
3071-VBYPO,0.7213930348258707,Likely to churn,0.7213930348258707,2026-08-19
9560-BBZXK,0.016241299303944315,Unlikely to churn,0.9837587006960556,2026-08-19
5299-RULOA,0.7213930348258707,Likely to churn,0.7213930348258707,2026-08-19
8402-OOOHJ,0.016241299303944315,Unlikely to churn,0.9837587006960556,2026-08-19
9445-ZUEQE,0.5050301810865191,Likely to churn,0.5050301810865191,2026-08-19
1091-SOZGA,0.057692307692307696,Unlikely to churn,0.9423076923076923,2026-08-19
2928-HLDBA,0.5149700598802395,Likely to churn,0.5149700598802395,2026-08-19
0404-SWRVG,0.5149700598802395,Likely to churn,0.5149700598802395,2026-08-19
6497-TILVL,0.5149700598802395,Likely to churn,0.5149700598802395,2026-08-19
7219-TLZHO,1.0,Likely to churn,1.0,2026-08-19
4622-YNKIJ,0.0,Unlikely to churn,1.0,2026-08-19
4412-YLTKF,0.5050301810865191,Likely to churn,0.5050301810865191,2026-08-19
6734-PSBAW,0.016241299303944315,Unlikely to churn,0.9837587006960556,2026-08-19
3930-ZGWVE,1.0,Likely to churn,1.0,2026-08-19
2639-UGMAZ,0.09430604982206406,Unlikely to churn,0.905693950177936,2026-08-19
2876-GZYZC,0.7213930348258707,Likely to churn,0.7213930348258707,2026-08-19
6207-WIOLX,0.5050301810865191,Likely to churn,0.5050301810865191,2026-08-19
8587-XYZSF,0.016241299303944315,Unlikely to churn,0.9837587006960556,2026-08-19
3091-FYHKI,1.0,Likely to churn,1.0,2026-08-19
2372-HWUHI,1.0,Likely to churn,1.0,2026-08-19
7799-LGRDP,0.016241299303944315,Unlikely to churn,0.9837587006960556,2026-08-19
7850-VWJUU,0.5050301810865191,Likely to churn,0.5050301810865191,2026-08-19
3774-VBNXY,0.016241299303944315,Unlikely to churn,0.9837587006960556,2026-08-19
6217-KDYWC,0.016241299303944315,Unlikely to churn,0.9837587006960556,2026-08-19
0390-DCFDQ,0.825,Likely to churn,0.825,2026-08-19
3146-MSEGF,0.0,Unlikely to churn,1.0,2026-08-19
4080-OGPJL,0.5149700598802395,Likely to churn,0.5149700598802395,2026-08-19
1095-WGNGG,0.10679611650485436,Unlikely to churn,0.8932038834951457,2026-08-19
2636-SJDOU,0.09430604982206406,Unlikely to churn,0.905693950177936,2026-08-19
1131-QQZEB,0.016241299303944315,Unlikely to churn,0.9837587006960556,2026-08-19
5716-EZXZN,0.10679611650485436,Unlikely to churn,0.8932038834951457,2026-08-19
6837-BJYDQ,1.0,Likely to churn,1.0,2026-08-19
2135-RXIHG,1.0,Likely to churn,1.0,2026-08-19
6440-DKQGE,0.09430604982206406,Unlikely to churn,0.905693950177936,2026-08-19
3466-BYAVD,0.5050301810865191,Likely to churn,0.5050301810865191,2026-08-19
3780-YVMFA,0.5149700598802395,Likely to churn,0.5149700598802395,2026-08-19
3874-EQOEP,0.7213930348258707,Likely to churn,0.7213930348258707,2026-08-19
1679-JRFBR,0.057692307692307696,Unlikely to churn,0.9423076923076923,2026-08-19
9073-ZZIAY,0.0,Unlikely to churn,1.0,2026-08-19
3077-RSNTJ,1.0,Likely to churn,1.0,2026-08-19
6551-GNYDG,0.5050301810865191,Likely to churn,0.5050301810865191,2026-08-19
9167-APMXZ,0.5050301810865191,Likely to churn,0.5050301810865191,2026-08-19
2749-CTKAJ,1.0,Likely to churn,1.0,2026-08-19
6371-NZYEG,0.016241299303944315,Unlikely to churn,0.9837587006960556,2026-08-19
7554-NEWDD,0.016241299303944315,Unlikely to churn,0.9837587006960556,2026-08-19
8992-VONJD,0.5149700598802395,Likely to churn,0.5149700598802395,2026-08-19
0867-MKZVY,0.5050301810865191,Likely to churn,0.5050301810865191,2026-08-19
4482-EWFMI,0.5149700598802395,Likely to churn,0.5149700598802395,2026-08-19
4648-YPBTM,0.016241299303944315,Unlikely to churn,0.9837587006960556,2026-08-19
2907-ILJBN,1.0,Likely to churn,1.0,2026-08-19
6345-FZOQH,0.016241299303944315,Unlikely to churn,0.9837587006960556,2026-08-19
3376-BMGFE,0.5149700598802395,Likely to churn,0.5149700598802395,2026-08-19
5997-OPVFA,0.0,Unlikely to churn,1.0,2026-08-19
3445-HXXGF,0.175,Unlikely to churn,0.825,2026-08-19
1159-WFSGR,0.5050301810865191,Likely to churn,0.5050301810865191,2026-08-19
7654-YWJUF,0.09430604982206406,Unlikely to churn,0.905693950177936,2026-08-19
1875-QIVME,0.7213930348258707,Likely to churn,0.7213930348258707,2026-08-19
6727-IOTLZ,0.0,Unlikely to churn,1.0,2026-08-19
0691-JVSYA,0.057692307692307696,Unlikely to churn,0.9423076923076923,2026-08-19
5918-VUKWP,1.0,Likely to churn,1.0,2026-08-19
1744-JHKYS,0.5050301810865191,Likely to churn,0.5050301810865191,2026-08-19
2656-FMOKZ,0.5050301810865191,Likely to churn,0.5050301810865191,2026-08-19
2070-FNEXE,0.5149700598802395,Likely to churn,0.5149700598802395,2026-08-19
5947-SGKCL,0.5050301810865191,Likely to churn,0.5050301810865191,2026-08-19
3712-PKXZA,1.0,Likely to churn,1.0,2026-08-19
6317-YPKDH,1.0,Likely to churn,1.0,2026-08-19
6582-OIVSP,1.0,Likely to churn,1.0,2026-08-19
9367-WXLCH,0.7213930348258707,Likely to churn,0.7213930348258707,2026-08-19
5524-KHNJP,0.09430604982206406,Unlikely to churn,0.905693950177936,2026-08-19
1918-ZBFQJ,0.7213930348258707,Likely to churn,0.7213930348258707,2026-08-19
1024-GUALD,1.0,Likely to churn,1.0,2026-08-19
4827-USJHP,0.5050301810865191,Likely to churn,0.5050301810865191,2026-08-19
8167-GJLRN,1.0,Likely to churn,1.0,2026-08-19
0956-SYCWG,1.0,Likely to churn,1.0,2026-08-19
8017-UVSZU,0.5050301810865191,Likely to churn,0.5050301810865191,2026-08-19
7100-FQPRV,0.09430604982206406,Unlikely to churn,0.905693950177936,2026-08-19
2472-OVKUP,0.7213930348258707,Likely to churn,0.7213930348258707,2026-08-19
2984-RGEYA,0.016241299303944315,Unlikely to churn,0.9837587006960556,2026-08-19
9680-NIAUV,0.0,Unlikely to churn,1.0,2026-08-19
2146-EGVDT,0.016241299303944315,Unlikely to churn,0.9837587006960556,2026-08-19
2604-IJPDU,0.5050301810865191,Likely to churn,0.5050301810865191,2026-08-19
9178-JHUVJ,0.016241299303944315,Unlikely to churn,0.9837587006960556,2026-08-19
6168-YBYNP,0.35384615384615387,Unlikely to churn,0.6461538461538461,2026-08-19
7255-SSFBC,0.0,Unlikely to churn,1.0,2026-08-19
3645-DEYGF,1.0,Likely to churn,1.0,2026-08-19
9323-HGFWY,0.2857142857142857,Unlikely to churn,0.7142857142857143,2026-08-19
8544-GOQSH,0.5050301810865191,Likely to churn,0.5050301810865191,2026-08-19
3363-DTIVD,0.10679611650485436,Unlikely to churn,0.8932038834951457,2026-08-19
7018-WBJNK,0.7213930348258707,Likely to churn,0.7213930348258707,2026-08-19
9142-KZXOP,0.5050301810865191,Likely to churn,0.5050301810865191,2026-08-19
7674-YTAFD,0.09430604982206406,Unlikely to churn,0.905693950177936,2026-08-19
6348-SNFUS,0.016241299303944315,Unlikely to churn,0.9837587006960556,2026-08-19
1285-OKIPP,0.825,Likely to churn,0.825,2026-08-19
7825-ECJRF,0.5050301810865191,Likely to churn,0.5050301810865191,2026-08-19
1347-KTTTA,0.057692307692307696,Unlikely to churn,0.9423076923076923,2026-08-19
7841-TZDMQ,1.0,Likely to churn,1.0,2026-08-19
4195-NZGTA,1.0,Likely to churn,1.0,2026-08-19
7157-SMCFK,0.016241299303944315,Unlikely to churn,0.9837587006960556,2026-08-19
4709-LKHYG,1.0,Likely to churn,1.0,2026-08-19
2504-DSHIH,0.5050301810865191,Likely to churn,0.5050301810865191,2026-08-19
0699-NDKJM,0.175,Unlikely to churn,0.825,2026-08-19
9286-BHDQG,0.016241299303944315,Unlikely to churn,0.9837587006960556,2026-08-19
0230-WEQUW,0.016241299303944315,Unlikely to churn,0.9837587006960556,2026-08-19
2040-LDIWQ,0.0,Unlikely to churn,1.0,2026-08-19
6496-JDSSB,0.7213930348258707,Likely to churn,0.7213930348258707,2026-08-19
9408-SSNVZ,0.5149700598802395,Likely to churn,0.5149700598802395,2026-08-19
4443-EMBNA,0.016241299303944315,Unlikely to churn,0.9837587006960556,2026-08-19
6469-MRVET,1.0,Likely to churn,1.0,2026-08-19
0742-MOABM,0.5149700598802395,Likely to churn,0.5149700598802395,2026-08-19
5961-VUSRV,1.0,Likely to churn,1.0,2026-08-19
6778-JFCMK,0.09430604982206406,Unlikely to churn,0.905693950177936,2026-08-19
6341-JVQGF,0.09430604982206406,Unlikely to churn,0.905693950177936,2026-08-19
2232-DMLXU,1.0,Likely to churn,1.0,2026-08-19
4811-JBUVU,0.5050301810865191,Likely to churn,0.5050301810865191,2026-08-19
0945-TSONX,0.0,Unlikely to churn,1.0,2026-08-19
2651-ZCBXV,0.10679611650485436,Unlikely to churn,0.8932038834951457,2026-08-19
3316-UWXUY,0.5050301810865191,Likely to churn,0.5050301810865191,2026-08-19
8937-RDTHP,0.825,Likely to churn,0.825,2026-08-19
7083-MIOPC,0.016241299303944315,Unlikely to churn,0.9837587006960556,2026-08-19
1984-GPTEH,0.5050301810865191,Likely to churn,0.5050301810865191,2026-08-19
1251-KRREG,1.0,Likely to churn,1.0,2026-08-19
0621-JFHOL,0.016241299303944315,Unlikely to churn,0.9837587006960556,2026-08-19
9903-LYSAB,0.5050301810865191,Likely to churn,0.5050301810865191,2026-08-19
0094-OIFMO,0.7213930348258707,Likely to churn,0.7213930348258707,2026-08-19
9227-UAQFT,0.016241299303944315,Unlikely to churn,0.9837587006960556,2026-08-19
7301-ABVAD,0.0,Unlikely to churn,1.0,2026-08-19
6614-FHDBO,0.0,Unlikely to churn,1.0,2026-08-19
7576-ASEJU,0.09430604982206406,Unlikely to churn,0.905693950177936,2026-08-19
9058-HRZSV,0.175,Unlikely to churn,0.825,2026-08-19
4522-AKYLR,0.5149700598802395,Likely to churn,0.5149700598802395,2026-08-19
0221-WMXNQ,0.5149700598802395,Likely to churn,0.5149700598802395,2026-08-19
0303-UNCIP,0.09430604982206406,Unlikely to churn,0.905693950177936,2026-08-19
9947-OTFQU,0.5050301810865191,Likely to churn,0.5050301810865191,2026-08-19
0322-YINQP,1.0,Likely to churn,1.0,2026-08-19
0959-WHOKV,0.057692307692307696,Unlikely to churn,0.9423076923076923,2026-08-19
4075-JFPGR,0.09430604982206406,Unlikely to churn,0.905693950177936,2026-08-19
4629-NRXKX,0.5149700598802395,Likely to churn,0.5149700598802395,2026-08-19
9514-JDSKI,1.0,Likely to churn,1.0,2026-08-19
3282-ZISZV,0.09430604982206406,Unlikely to churn,0.905693950177936,2026-08-19
3675-YDUPJ,0.5149700598802395,Likely to churn,0.5149700598802395,2026-08-19
4111-BNXIF,0.016241299303944315,Unlikely to churn,0.9837587006960556,2026-08-19
7017-VFHAY,0.10679611650485436,Unlikely to churn,0.8932038834951457,2026-08-19
6655-LHBYW,0.057692307692307696,Unlikely to churn,0.9423076923076923,2026-08-19
4959-JOSRX,1.0,Likely to churn,1.0,2026-08-19
5046-NUHWD,0.5050301810865191,Likely to churn,0.5050301810865191,2026-08-19
7273-TEFQD,0.5149700598802395,Likely to churn,0.5149700598802395,2026-08-19
3606-TWKGI,0.7213930348258707,Likely to churn,0.7213930348258707,2026-08-19
7529-ZDFXI,0.175,Unlikely to churn,0.825,2026-08-19
7605-BDWDC,0.016241299303944315,Unlikely to churn,0.9837587006960556,2026-08-19
1950-KSVVJ,0.057692307692307696,Unlikely to churn,0.9423076923076923,2026-08-19
0123-CRBRT,0.0,Unlikely to churn,1.0,2026-08-19
6292-TOSSS,0.016241299303944315,Unlikely to churn,0.9837587006960556,2026-08-19
3197-ARFOY,0.5050301810865191,Likely to churn,0.5050301810865191,2026-08-19
6323-AYBRX,0.016241299303944315,Unlikely to churn,0.9837587006960556,2026-08-19
7014-ZZXAW,0.016241299303944315,Unlikely to churn,0.9837587006960556,2026-08-19
4385-GZQXV,0.5050301810865191,Likely to churn,0.5050301810865191,2026-08-19
7633-MVPUY,0.016241299303944315,Unlikely to churn,0.9837587006960556,2026-08-19
6366-ZGQGL,1.0,Likely to churn,1.0,2026-08-19
4716-HHKQH,0.5050301810865191,Likely to churn,0.5050301810865191,2026-08-19
5940-AHUHD,0.825,Likely to churn,0.825,2026-08-19
6432-TWQLB,0.7213930348258707,Likely to churn,0.7213930348258707,2026-08-19
4484-GLZOU,0.5050301810865191,Likely to churn,0.5050301810865191,2026-08-19
3179-GBRWV,0.5050301810865191,Likely to churn,0.5050301810865191,2026-08-19
8645-KWHJO,0.5050301810865191,Likely to churn,0.5050301810865191,2026-08-19
4130-MZLCC,0.5149700598802395,Likely to churn,0.5149700598802395,2026-08-19
0314-TKOSI,0.5149700598802395,Likely to churn,0.5149700598802395,2026-08-19
8229-MYEJZ,0.5149700598802395,Likely to churn,0.5149700598802395,2026-08-19
2080-SRCDE,1.0,Likely to churn,1.0,2026-08-19
9577-WJVCQ,0.175,Unlikely to churn,0.825,2026-08-19
9512-UIBFX,0.5050301810865191,Likely to churn,0.5050301810865191,2026-08-19
6202-DYYFX,0.09430604982206406,Unlikely to churn,0.905693950177936,2026-08-19
3808-HFKDE,0.5050301810865191,Likely to churn,0.5050301810865191,2026-08-19
5583-SXDAG,0.825,Likely to churn,0.825,2026-08-19
3488-PGMQJ,0.5149700598802395,Likely to churn,0.5149700598802395,2026-08-19
3580-REOAC,0.5149700598802395,Likely to churn,0.5149700598802395,2026-08-19
7534-BFESC,0.5050301810865191,Likely to churn,0.5050301810865191,2026-08-19
3727-OWVYD,0.09430604982206406,Unlikely to churn,0.905693950177936,2026-08-19
2294-SALNE,0.09430604982206406,Unlikely to churn,0.905693950177936,2026-08-19
4847-TAJYI,0.7213930348258707,Likely to churn,0.7213930348258707,2026-08-19
1563-IWQEX,0.5149700598802395,Likely to churn,0.5149700598802395,2026-08-19
8203-XJZRC,1.0,Likely to churn,1.0,2026-08-19
6556-DBKZF,0.016241299303944315,Unlikely to churn,0.9837587006960556,2026-08-19
6851-WEFYX,0.5050301810865191,Likely to churn,0.5050301810865191,2026-08-19
2985-JUUBZ,0.5050301810865191,Likely to churn,0.5050301810865191,2026-08-19
6390-DSAZX,0.825,Likely to churn,0.825,2026-08-19
0895-LMRSF,0.09430604982206406,Unlikely to churn,0.905693950177936,2026-08-19
8098-LLAZX,0.7213930348258707,Likely to churn,0.7213930348258707,2026-08-19
8266-VBFQL,0.7213930348258707,Likely to churn,0.7213930348258707,2026-08-19
8181-YHCMF,0.016241299303944315,Unlikely to churn,0.9837587006960556,2026-08-19
2240-HSJQD,0.5050301810865191,Likely to churn,0.5050301810865191,2026-08-19
1248-DYXUB,0.016241299303944315,Unlikely to churn,0.9837587006960556,2026-08-19
0265-EDXBD,0.5050301810865191,Likely to churn,0.5050301810865191,2026-08-19
4115-BNPJY,0.016241299303944315,Unlikely to churn,0.9837587006960556,2026-08-19
3167-SNQPL,0.5050301810865191,Likely to churn,0.5050301810865191,2026-08-19
4091-TVOCN,0.09430604982206406,Unlikely to churn,0.905693950177936,2026-08-19
1098-TDVUQ,1.0,Likely to churn,1.0,2026-08-19
7277-OZCGZ,0.5050301810865191,Likely to churn,0.5050301810865191,2026-08-19
1557-EMYVT,0.10679611650485436,Unlikely to churn,0.8932038834951457,2026-08-19
2799-ARNLO,0.5149700598802395,Likely to churn,0.5149700598802395,2026-08-19
7563-BIUPC,0.7213930348258707,Likely to churn,0.7213930348258707,2026-08-19
5027-YOCXN,0.057692307692307696,Unlikely to churn,0.9423076923076923,2026-08-19
3973-SKMLN,0.016241299303944315,Unlikely to churn,0.9837587006960556,2026-08-19
2321-OMBXY,0.09430604982206406,Unlikely to churn,0.905693950177936,2026-08-19
2840-XANRC,0.5050301810865191,Likely to churn,0.5050301810865191,2026-08-19
6745-JEFZB,0.5050301810865191,Likely to churn,0.5050301810865191,2026-08-19
5020-ZSTTY,0.09430604982206406,Unlikely to churn,0.905693950177936,2026-08-19
9880-TDQAC,0.016241299303944315,Unlikely to churn,0.9837587006960556,2026-08-19
8705-WZCYL,1.0,Likely to churn,1.0,2026-08-19
7102-JJVTX,0.09430604982206406,Unlikely to churn,0.905693950177936,2026-08-19
8626-PTQGE,0.016241299303944315,Unlikely to churn,0.9837587006960556,2026-08-19
4983-CLMLV,0.5050301810865191,Likely to churn,0.5050301810865191,2026-08-19
5701-YVSVF,0.7213930348258707,Likely to churn,0.7213930348258707,2026-08-19
5804-LEPIM,0.5149700598802395,Likely to churn,0.5149700598802395,2026-08-19
5697-GOMBF,0.5050301810865191,Likely to churn,0.5050301810865191,2026-08-19
2739-CACDQ,0.5050301810865191,Likely to churn,0.5050301810865191,2026-08-19
9385-EHGDO,0.016241299303944315,Unlikely to churn,0.9837587006960556,2026-08-19
9498-FIMXL,1.0,Likely to churn,1.0,2026-08-19
2379-GYFLQ,0.057692307692307696,Unlikely to churn,0.9423076923076923,2026-08-19
0122-OAHPZ,0.5149700598802395,Likely to churn,0.5149700598802395,2026-08-19
2868-SNELZ,0.7213930348258707,Likely to churn,0.7213930348258707,2026-08-19
4322-RCYMT,0.09430604982206406,Unlikely to churn,0.905693950177936,2026-08-19
6680-NENYN,0.10679611650485436,Unlikely to churn,0.8932038834951457,2026-08-19
2088-IEBAU,0.0,Unlikely to churn,1.0,2026-08-19
7982-VCELR,0.5050301810865191,Likely to churn,0.5050301810865191,2026-08-19
1343-EHPYB,0.35384615384615387,Unlikely to churn,0.6461538461538461,2026-08-19
6035-BXTTY,0.5050301810865191,Likely to churn,0.5050301810865191,2026-08-19
6885-PKOAM,0.0,Unlikely to churn,1.0,2026-08-19
7520-HQWJU,0.175,Unlikely to churn,0.825,2026-08-19
9639-BUJXT,1.0,Likely to churn,1.0,2026-08-19
5924-SNGKP,1.0,Likely to churn,1.0,2026-08-19
0021-IKXGC,0.825,Likely to churn,0.825,2026-08-19
2034-GDRCN,0.7213930348258707,Likely to churn,0.7213930348258707,2026-08-19
8966-SNIZF,0.016241299303944315,Unlikely to churn,0.9837587006960556,2026-08-19
6243-OZGFH,0.5050301810865191,Likely to churn,0.5050301810865191,2026-08-19
4654-DLAMQ,0.057692307692307696,Unlikely to churn,0.9423076923076923,2026-08-19
0513-RBGPE,0.016241299303944315,Unlikely to churn,0.9837587006960556,2026-08-19
5160-UXJED,0.09430604982206406,Unlikely to churn,0.905693950177936,2026-08-19
4115-NZRKS,0.7213930348258707,Likely to churn,0.7213930348258707,2026-08-19
0219-YTZUE,0.7213930348258707,Likely to churn,0.7213930348258707,2026-08-19
0623-IIHUG,0.5050301810865191,Likely to churn,0.5050301810865191,2026-08-19
4572-DVCGN,0.7213930348258707,Likely to churn,0.7213930348258707,2026-08-19
3351-NGXYI,0.5050301810865191,Likely to churn,0.5050301810865191,2026-08-19
8984-EYLLL,0.10679611650485436,Unlikely to churn,0.8932038834951457,2026-08-19
9057-MSWCO,0.5050301810865191,Likely to churn,0.5050301810865191,2026-08-19
9833-TGFHX,0.057692307692307696,Unlikely to churn,0.9423076923076923,2026-08-19
9294-TDIPC,1.0,Likely to churn,1.0,2026-08-19
5229-DTFYB,0.10679611650485436,Unlikely to churn,0.8932038834951457,2026-08-19
0104-PPXDV,0.09430604982206406,Unlikely to churn,0.905693950177936,2026-08-19
5176-LMJXE,0.016241299303944315,Unlikely to churn,0.9837587006960556,2026-08-19
3583-KRKMD,0.5050301810865191,Likely to churn,0.5050301810865191,2026-08-19
1010-DIAUQ,0.7213930348258707,Likely to churn,0.7213930348258707,2026-08-19
9069-LGEUL,0.5050301810865191,Likely to churn,0.5050301810865191,2026-08-19
7302-ZHMHP,1.0,Likely to churn,1.0,2026-08-19
9571-EDEBV,0.057692307692307696,Unlikely to churn,0.9423076923076923,2026-08-19
3520-FJGCV,0.0,Unlikely to churn,1.0,2026-08-19
6563-VRERX,1.0,Likely to churn,1.0,2026-08-19
0259-GBZSH,0.7213930348258707,Likely to churn,0.7213930348258707,2026-08-19
6122-EFVKN,0.016241299303944315,Unlikely to churn,0.9837587006960556,2026-08-19
2805-EDJPQ,0.057692307692307696,Unlikely to churn,0.9423076923076923,2026-08-19
6862-CQUMB,0.5050301810865191,Likely to churn,0.5050301810865191,2026-08-19
7156-MXBJE,0.09430604982206406,Unlikely to churn,0.905693950177936,2026-08-19
6158-HDPXZ,1.0,Likely to churn,1.0,2026-08-19
9601-BRXPO,0.5050301810865191,Likely to churn,0.5050301810865191,2026-08-19
2863-IMQDR,0.0,Unlikely to churn,1.0,2026-08-19
5686-CMAWK,0.09430604982206406,Unlikely to churn,0.905693950177936,2026-08-19
5651-CRHKQ,0.09430604982206406,Unlikely to churn,0.905693950177936,2026-08-19
6905-NIQIN,1.0,Likely to churn,1.0,2026-08-19
8204-YJCLA,0.016241299303944315,Unlikely to churn,0.9837587006960556,2026-08-19
5167-ZFFMM,0.825,Likely to churn,0.825,2026-08-19
6583-SZVGP,0.10679611650485436,Unlikely to churn,0.8932038834951457,2026-08-19
4895-TMWIR,0.5149700598802395,Likely to churn,0.5149700598802395,2026-08-19
0533-BNWKF,0.175,Unlikely to churn,0.825,2026-08-19
1708-PBBOA,0.09430604982206406,Unlikely to churn,0.905693950177936,2026-08-19
8782-LKFPK,0.5050301810865191,Likely to churn,0.5050301810865191,2026-08-19
5522-JBWMO,1.0,Likely to churn,1.0,2026-08-19
3597-MVHJT,0.5050301810865191,Likely to churn,0.5050301810865191,2026-08-19
9774-NRNAU,0.5050301810865191,Likely to churn,0.5050301810865191,2026-08-19
0224-RLWWD,1.0,Likely to churn,1.0,2026-08-19
9967-ATRFS,0.5050301810865191,Likely to churn,0.5050301810865191,2026-08-19
3951-NJCVI,0.5050301810865191,Likely to churn,0.5050301810865191,2026-08-19
2977-CEBSX,0.0,Unlikely to churn,1.0,2026-08-19
0177-PXBAT,0.5050301810865191,Likely to churn,0.5050301810865191,2026-08-19
6599-CEBNN,0.5050301810865191,Likely to churn,0.5050301810865191,2026-08-19
2519-ERQOJ,0.5050301810865191,Likely to churn,0.5050301810865191,2026-08-19
5876-QMYLD,1.0,Likely to churn,1.0,2026-08-19
2277-AXSDC,1.0,Likely to churn,1.0,2026-08-19
9442-JTWDL,1.0,Likely to churn,1.0,2026-08-19
0979-PHULV,0.175,Unlikely to churn,0.825,2026-08-19
3067-SVMTC,0.09430604982206406,Unlikely to churn,0.905693950177936,2026-08-19
5495-GPSRW,0.016241299303944315,Unlikely to churn,0.9837587006960556,2026-08-19
7606-BPHHN,0.016241299303944315,Unlikely to churn,0.9837587006960556,2026-08-19
4742-DRORA,0.057692307692307696,Unlikely to churn,0.9423076923076923,2026-08-19
0111-KLBQG,0.5050301810865191,Likely to churn,0.5050301810865191,2026-08-19
4800-VHZKI,1.0,Likely to churn,1.0,2026-08-19
7989-CHGTL,1.0,Likely to churn,1.0,2026-08-19
0334-GDDSO,0.7213930348258707,Likely to churn,0.7213930348258707,2026-08-19
4163-NCJAK,0.09430604982206406,Unlikely to churn,0.905693950177936,2026-08-19
5233-AOZUF,0.5050301810865191,Likely to churn,0.5050301810865191,2026-08-19
5973-EJGDP,0.5050301810865191,Likely to churn,0.5050301810865191,2026-08-19
1996-DBMUS,0.5050301810865191,Likely to churn,0.5050301810865191,2026-08-19
7916-VCCPB,0.5050301810865191,Likely to churn,0.5050301810865191,2026-08-19
4686-GEFRM,0.10679611650485436,Unlikely to churn,0.8932038834951457,2026-08-19
5249-QYHEX,0.016241299303944315,Unlikely to churn,0.9837587006960556,2026-08-19
0578-SKVMF,0.5050301810865191,Likely to churn,0.5050301810865191,2026-08-19
5564-NEMQO,0.825,Likely to churn,0.825,2026-08-19
2233-FAGXV,0.5149700598802395,Likely to churn,0.5149700598802395,2026-08-19
5605-IYGFG,0.5149700598802395,Likely to churn,0.5149700598802395,2026-08-19
7663-ZTEGJ,0.2857142857142857,Unlikely to churn,0.7142857142857143,2026-08-19
3935-TBRZZ,0.09430604982206406,Unlikely to churn,0.905693950177936,2026-08-19
8111-BKVDS,0.5149700598802395,Likely to churn,0.5149700598802395,2026-08-19
2055-SIFSS,0.175,Unlikely to churn,0.825,2026-08-19
2806-MLNTI,0.057692307692307696,Unlikely to churn,0.9423076923076923,2026-08-19
8734-DKSTZ,0.7213930348258707,Likely to churn,0.7213930348258707,2026-08-19
4360-PNRQB,0.5050301810865191,Likely to churn,0.5050301810865191,2026-08-19
6152-ONASV,0.09430604982206406,Unlikely to churn,0.905693950177936,2026-08-19
9063-ZGTUY,0.175,Unlikely to churn,0.825,2026-08-19
7781-HVGMK,0.016241299303944315,Unlikely to churn,0.9837587006960556,2026-08-19
2181-UAESM,1.0,Likely to churn,1.0,2026-08-19
2957-LOLHO,0.5149700598802395,Likely to churn,0.5149700598802395,2026-08-19
6048-NJXHX,0.016241299303944315,Unlikely to churn,0.9837587006960556,2026-08-19
2320-SLKMB,0.5050301810865191,Likely to churn,0.5050301810865191,2026-08-19
4980-URKXC,1.0,Likely to churn,1.0,2026-08-19
4376-KFVRS,0.0,Unlikely to churn,1.0,2026-08-19
5886-VLQVU,0.5050301810865191,Likely to churn,0.5050301810865191,2026-08-19
3577-AMVUX,1.0,Likely to churn,1.0,2026-08-19
0771-WLCLA,0.5050301810865191,Likely to churn,0.5050301810865191,2026-08-19
5628-RKIFK,0.5050301810865191,Likely to churn,0.5050301810865191,2026-08-19
0206-TBWLC,0.057692307692307696,Unlikely to churn,0.9423076923076923,2026-08-19
2937-FTHUR,0.5050301810865191,Likely to churn,0.5050301810865191,2026-08-19
1910-FMXJM,0.5050301810865191,Likely to churn,0.5050301810865191,2026-08-19
7752-XUSCI,0.35384615384615387,Unlikely to churn,0.6461538461538461,2026-08-19
4110-PFEUZ,1.0,Likely to churn,1.0,2026-08-19
0732-OCQOC,0.016241299303944315,Unlikely to churn,0.9837587006960556,2026-08-19
5168-MSWXT,0.7213930348258707,Likely to churn,0.7213930348258707,2026-08-19
1090-ESELR,0.10679611650485436,Unlikely to churn,0.8932038834951457,2026-08-19
8592-PLTMQ,0.09430604982206406,Unlikely to churn,0.905693950177936,2026-08-19
5760-WRAHC,0.5050301810865191,Likely to churn,0.5050301810865191,2026-08-19
8847-GEOOQ,0.175,Unlikely to churn,0.825,2026-08-19
0256-LTHVJ,0.5050301810865191,Likely to churn,0.5050301810865191,2026-08-19
4785-FCIFB,0.016241299303944315,Unlikely to churn,0.9837587006960556,2026-08-19
8313-NDOIA,0.5050301810865191,Likely to churn,0.5050301810865191,2026-08-19
5149-CUZUJ,0.09430604982206406,Unlikely to churn,0.905693950177936,2026-08-19
0942-KOWSM,0.0,Unlikely to churn,1.0,2026-08-19
4237-CLSMM,1.0,Likely to churn,1.0,2026-08-19
1452-VOQCH,0.825,Likely to churn,0.825,2026-08-19
4719-UMSIY,1.0,Likely to churn,1.0,2026-08-19
6614-VBEGU,0.5050301810865191,Likely to churn,0.5050301810865191,2026-08-19
0880-TKATG,0.7213930348258707,Likely to churn,0.7213930348258707,2026-08-19
3811-VBYBZ,0.7213930348258707,Likely to churn,0.7213930348258707,2026-08-19
1480-BKXGA,0.0,Unlikely to churn,1.0,2026-08-19
2996-XAUVF,0.016241299303944315,Unlikely to churn,0.9837587006960556,2026-08-19
9076-AXYIK,0.10679611650485436,Unlikely to churn,0.8932038834951457,2026-08-19
5968-XQIVE,0.09430604982206406,Unlikely to churn,0.905693950177936,2026-08-19
8896-RAZCR,0.016241299303944315,Unlikely to churn,0.9837587006960556,2026-08-19
4640-UHDOS,0.5149700598802395,Likely to churn,0.5149700598802395,2026-08-19
4933-IKULF,1.0,Likely to churn,1.0,2026-08-19
3583-EKAPL,1.0,Likely to churn,1.0,2026-08-19
1304-BCCFO,0.5149700598802395,Likely to churn,0.5149700598802395,2026-08-19
4104-PVRPS,0.5050301810865191,Likely to churn,0.5050301810865191,2026-08-19
9399-APLBT,0.825,Likely to churn,0.825,2026-08-19
2359-KMGLI,0.5050301810865191,Likely to churn,0.5050301810865191,2026-08-19
3780-DDGSE,0.5050301810865191,Likely to churn,0.5050301810865191,2026-08-19
4431-EDMIQ,0.5149700598802395,Likely to churn,0.5149700598802395,2026-08-19
0306-JAELE,0.7213930348258707,Likely to churn,0.7213930348258707,2026-08-19
6227-HWPWX,0.5050301810865191,Likely to churn,0.5050301810865191,2026-08-19
0486-LGCCH,0.016241299303944315,Unlikely to churn,0.9837587006960556,2026-08-19
0447-BEMNG,0.5050301810865191,Likely to churn,0.5050301810865191,2026-08-19
4612-SSVHJ,0.5050301810865191,Likely to churn,0.5050301810865191,2026-08-19
5168-MQQCA,0.057692307692307696,Unlikely to churn,0.9423076923076923,2026-08-19
5949-XIKAE,0.7213930348258707,Likely to churn,0.7213930348258707,2026-08-19
7971-HLVXI,0.0,Unlikely to churn,1.0,2026-08-19
9094-AZPHK,0.5050301810865191,Likely to churn,0.5050301810865191,2026-08-19
3649-JPUGY,0.0,Unlikely to churn,1.0,2026-08-19
4472-LVYGI,0.016241299303944315,Unlikely to churn,0.9837587006960556,2026-08-19
8372-JUXUI,0.825,Likely to churn,0.825,2026-08-19
3552-CTCYF,0.10679611650485436,Unlikely to churn,0.8932038834951457,2026-08-19
6778-YSNIH,1.0,Likely to churn,1.0,2026-08-19
0388-EOPEX,0.5149700598802395,Likely to churn,0.5149700598802395,2026-08-19
5756-OZRIO,0.09430604982206406,Unlikely to churn,0.905693950177936,2026-08-19
6579-JPICP,1.0,Likely to churn,1.0,2026-08-19
8205-OTCHB,0.09430604982206406,Unlikely to churn,0.905693950177936,2026-08-19
4134-BSXLX,0.5050301810865191,Likely to churn,0.5050301810865191,2026-08-19
0505-SPOOW,0.016241299303944315,Unlikely to churn,0.9837587006960556,2026-08-19
6235-VDHOM,0.5149700598802395,Likely to churn,0.5149700598802395,2026-08-19
7783-YKGDV,0.7213930348258707,Likely to churn,0.7213930348258707,2026-08-19
4374-YMUSQ,0.057692307692307696,Unlikely to churn,0.9423076923076923,2026-08-19
4513-CXYIX,0.0,Unlikely to churn,1.0,2026-08-19
3957-HHLMR,0.09430604982206406,Unlikely to churn,0.905693950177936,2026-08-19
7803-XOCCZ,0.5050301810865191,Likely to churn,0.5050301810865191,2026-08-19
5736-YEJAX,0.016241299303944315,Unlikely to churn,0.9837587006960556,2026-08-19
5609-CEBID,0.5050301810865191,Likely to churn,0.5050301810865191,2026-08-19
8981-FJGLA,0.5149700598802395,Likely to churn,0.5149700598802395,2026-08-19
7218-HKQFK,0.7213930348258707,Likely to churn,0.7213930348258707,2026-08-19
4636-QRJKY,0.7213930348258707,Likely to churn,0.7213930348258707,2026-08-19
1135-LMECX,1.0,Likely to churn,1.0,2026-08-19
4332-MUOEZ,0.2857142857142857,Unlikely to churn,0.7142857142857143,2026-08-19
8535-SFUTN,0.35384615384615387,Unlikely to churn,0.6461538461538461,2026-08-19
5956-VKDTT,0.5149700598802395,Likely to churn,0.5149700598802395,2026-08-19
8677-HDZEE,0.35384615384615387,Unlikely to churn,0.6461538461538461,2026-08-19
2475-MROZF,0.5050301810865191,Likely to churn,0.5050301810865191,2026-08-19
9412-GHEEC,0.5050301810865191,Likely to churn,0.5050301810865191,2026-08-19
3482-ABPKK,0.09430604982206406,Unlikely to churn,0.905693950177936,2026-08-19
6705-LXORM,0.5149700598802395,Likely to churn,0.5149700598802395,2026-08-19
0257-ZESQC,0.5050301810865191,Likely to churn,0.5050301810865191,2026-08-19
7531-GQHME,0.5149700598802395,Likely to churn,0.5149700598802395,2026-08-19
5174-ITUMV,0.057692307692307696,Unlikely to churn,0.9423076923076923,2026-08-19
4109-CYRBD,0.5050301810865191,Likely to churn,0.5050301810865191,2026-08-19
0913-XWSCN,0.175,Unlikely to churn,0.825,2026-08-19
6825-UYPFK,0.5050301810865191,Likely to churn,0.5050301810865191,2026-08-19
8397-MVTAZ,0.5050301810865191,Likely to churn,0.5050301810865191,2026-08-19
0750-EBAIU,0.09430604982206406,Unlikely to churn,0.905693950177936,2026-08-19
8606-CIQUL,0.0,Unlikely to churn,1.0,2026-08-19
3571-DPYUH,0.057692307692307696,Unlikely to churn,0.9423076923076923,2026-08-19
7601-GNDYK,0.016241299303944315,Unlikely to churn,0.9837587006960556,2026-08-19
0356-OBMAC,0.10679611650485436,Unlikely to churn,0.8932038834951457,2026-08-19
8067-NIOYM,0.016241299303944315,Unlikely to churn,0.9837587006960556,2026-08-19
1403-GYAFU,0.016241299303944315,Unlikely to churn,0.9837587006960556,2026-08-19
4234-XTNEA,0.7213930348258707,Likely to churn,0.7213930348258707,2026-08-19
1297-VQDRP,0.057692307692307696,Unlikely to churn,0.9423076923076923,2026-08-19
9282-IZGQK,0.825,Likely to churn,0.825,2026-08-19
5348-CAGXB,0.7213930348258707,Likely to churn,0.7213930348258707,2026-08-19
0621-HJWXJ,0.175,Unlikely to churn,0.825,2026-08-19
5844-QVTAT,0.09430604982206406,Unlikely to churn,0.905693950177936,2026-08-19
8905-IAZPF,0.057692307692307696,Unlikely to churn,0.9423076923076923,2026-08-19
5394-MEITZ,0.0,Unlikely to churn,1.0,2026-08-19
6859-QNXIQ,0.0,Unlikely to churn,1.0,2026-08-19
2782-LFZVW,0.5149700598802395,Likely to churn,0.5149700598802395,2026-08-19
2866-IKBTM,1.0,Likely to churn,1.0,2026-08-19
1342-JPNKI,0.7213930348258707,Likely to churn,0.7213930348258707,2026-08-19
2817-NTQDO,0.5149700598802395,Likely to churn,0.5149700598802395,2026-08-19
7129-AZJDE,0.09430604982206406,Unlikely to churn,0.905693950177936,2026-08-19
6986-IJDHX,0.5050301810865191,Likely to churn,0.5050301810865191,2026-08-19
2560-PPCHE,0.057692307692307696,Unlikely to churn,0.9423076923076923,2026-08-19
4676-MQUEA,0.057692307692307696,Unlikely to churn,0.9423076923076923,2026-08-19
8138-EALND,0.5050301810865191,Likely to churn,0.5050301810865191,2026-08-19
3580-HYCSP,0.0,Unlikely to churn,1.0,2026-08-19
1352-HNSAW,0.0,Unlikely to churn,1.0,2026-08-19
2075-PUEPR,0.016241299303944315,Unlikely to churn,0.9837587006960556,2026-08-19
1982-FEBTD,0.016241299303944315,Unlikely to churn,0.9837587006960556,2026-08-19
5301-GAUUY,0.5050301810865191,Likely to churn,0.5050301810865191,2026-08-19
5791-KAJFD,0.09430604982206406,Unlikely to churn,0.905693950177936,2026-08-19
2654-VBVPB,1.0,Likely to churn,1.0,2026-08-19
1154-HYWWO,0.09430604982206406,Unlikely to churn,0.905693950177936,2026-08-19
2501-XWWTZ,0.5149700598802395,Likely to churn,0.5149700598802395,2026-08-19
3716-UVSPD,1.0,Likely to churn,1.0,2026-08-19
6815-ABQFQ,0.057692307692307696,Unlikely to churn,0.9423076923076923,2026-08-19
7343-EOBEU,1.0,Likely to churn,1.0,2026-08-19
3701-SFMUH,0.5149700598802395,Likely to churn,0.5149700598802395,2026-08-19
6103-LIANB,0.10679611650485436,Unlikely to churn,0.8932038834951457,2026-08-19
7319-VENRZ,0.5149700598802395,Likely to churn,0.5149700598802395,2026-08-19
5846-NEQVZ,0.016241299303944315,Unlikely to churn,0.9837587006960556,2026-08-19
6967-QIQRV,0.2857142857142857,Unlikely to churn,0.7142857142857143,2026-08-19
5781-RFZRP,0.016241299303944315,Unlikely to churn,0.9837587006960556,2026-08-19
0939-YAPAF,0.5050301810865191,Likely to churn,0.5050301810865191,2026-08-19
0308-IVGOK,0.09430604982206406,Unlikely to churn,0.905693950177936,2026-08-19
7293-LSCDV,0.016241299303944315,Unlikely to churn,0.9837587006960556,2026-08-19
7025-WCBNE,0.016241299303944315,Unlikely to churn,0.9837587006960556,2026-08-19
5756-JYOJT,0.09430604982206406,Unlikely to churn,0.905693950177936,2026-08-19
4710-FDUIZ,0.057692307692307696,Unlikely to churn,0.9423076923076923,2026-08-19
6030-REHUX,0.5050301810865191,Likely to churn,0.5050301810865191,2026-08-19
9548-LIGTA,0.0,Unlikely to churn,1.0,2026-08-19
5150-LJNSR,0.2857142857142857,Unlikely to churn,0.7142857142857143,2026-08-19
8270-RKSAP,0.5149700598802395,Likely to churn,0.5149700598802395,2026-08-19
6522-YRBXD,0.5050301810865191,Likely to churn,0.5050301810865191,2026-08-19
2640-LYMOV,1.0,Likely to churn,1.0,2026-08-19
1218-VKFPE,0.5149700598802395,Likely to churn,0.5149700598802395,2026-08-19
3627-FHKBK,0.825,Likely to churn,0.825,2026-08-19
2865-TCHJW,0.7213930348258707,Likely to churn,0.7213930348258707,2026-08-19
1423-BMPBQ,1.0,Likely to churn,1.0,2026-08-19
2393-DIVAI,1.0,Likely to churn,1.0,2026-08-19
5192-EBGOV,0.825,Likely to churn,0.825,2026-08-19
4568-KNYWR,0.016241299303944315,Unlikely to churn,0.9837587006960556,2026-08-19
8752-IMQOS,1.0,Likely to churn,1.0,2026-08-19
0742-LAFQK,0.10679611650485436,Unlikely to churn,0.8932038834951457,2026-08-19
0795-LAFGP,0.0,Unlikely to churn,1.0,2026-08-19
0619-OLYUR,0.0,Unlikely to churn,1.0,2026-08-19
5512-IDZEI,0.09430604982206406,Unlikely to churn,0.905693950177936,2026-08-19
0459-SPZHJ,0.0,Unlikely to churn,1.0,2026-08-19
0215-BQKGS,0.5050301810865191,Likely to churn,0.5050301810865191,2026-08-19
9244-ZVAPM,1.0,Likely to churn,1.0,2026-08-19
0719-SYFRB,0.5149700598802395,Likely to churn,0.5149700598802395,2026-08-19
8208-EUMTE,0.016241299303944315,Unlikely to churn,0.9837587006960556,2026-08-19
5172-MIGPM,0.5149700598802395,Likely to churn,0.5149700598802395,2026-08-19
1710-RCXUS,0.09430604982206406,Unlikely to churn,0.905693950177936,2026-08-19
0374-FIUCA,0.016241299303944315,Unlikely to churn,0.9837587006960556,2026-08-19
5839-SUYVZ,0.5050301810865191,Likely to churn,0.5050301810865191,2026-08-19
5173-ZXXXL,1.0,Likely to churn,1.0,2026-08-19
1096-ADRUX,0.09430604982206406,Unlikely to churn,0.905693950177936,2026-08-19
2001-MCUUW,0.10679611650485436,Unlikely to churn,0.8932038834951457,2026-08-19
2731-GJRDG,0.2857142857142857,Unlikely to churn,0.7142857142857143,2026-08-19
4723-BEGSG,0.0,Unlikely to churn,1.0,2026-08-19
6516-NKQBO,0.0,Unlikely to churn,1.0,2026-08-19
8672-OAUPW,0.09430604982206406,Unlikely to churn,0.905693950177936,2026-08-19
8207-DMRVL,0.0,Unlikely to churn,1.0,2026-08-19
3419-SNJJD,0.35384615384615387,Unlikely to churn,0.6461538461538461,2026-08-19
6543-CPZMK,0.5149700598802395,Likely to churn,0.5149700598802395,2026-08-19
4765-OXPPD,0.5149700598802395,Likely to churn,0.5149700598802395,2026-08-19
2804-ETQDK,0.016241299303944315,Unlikely to churn,0.9837587006960556,2026-08-19
6689-VRRTK,0.057692307692307696,Unlikely to churn,0.9423076923076923,2026-08-19
7138-GIRSH,0.016241299303944315,Unlikely to churn,0.9837587006960556,2026-08-19
9396-ZSFLL,0.5050301810865191,Likely to churn,0.5050301810865191,2026-08-19
6464-KEXXH,0.5149700598802395,Likely to churn,0.5149700598802395,2026-08-19
7134-MJPDY,0.057692307692307696,Unlikely to churn,0.9423076923076923,2026-08-19
5240-CAOYT,0.175,Unlikely to churn,0.825,2026-08-19
4059-IIEBK,0.7213930348258707,Likely to churn,0.7213930348258707,2026-08-19
4881-JVQOD,0.5149700598802395,Likely to churn,0.5149700598802395,2026-08-19
0516-UXRMT,0.09430604982206406,Unlikely to churn,0.905693950177936,2026-08-19
4851-BQDNX,0.09430604982206406,Unlikely to churn,0.905693950177936,2026-08-19
5148-HKFIR,0.016241299303944315,Unlikely to churn,0.9837587006960556,2026-08-19
1009-IRMNA,0.5149700598802395,Likely to churn,0.5149700598802395,2026-08-19
3003-CMDUU,0.5050301810865191,Likely to churn,0.5050301810865191,2026-08-19
5016-IBERQ,0.5050301810865191,Likely to churn,0.5050301810865191,2026-08-19
6797-UCJHZ,0.057692307692307696,Unlikely to churn,0.9423076923076923,2026-08-19
2469-DTSGX,0.0,Unlikely to churn,1.0,2026-08-19
4554-YGZIH,0.5050301810865191,Likely to churn,0.5050301810865191,2026-08-19
5099-BAILX,0.5050301810865191,Likely to churn,0.5050301810865191,2026-08-19
9931-KGHOA,0.5050301810865191,Likely to churn,0.5050301810865191,2026-08-19
1775-KWJKQ,0.0,Unlikely to churn,1.0,2026-08-19
7665-VIGUD,1.0,Likely to churn,1.0,2026-08-19
9411-TPQQV,0.09430604982206406,Unlikely to churn,0.905693950177936,2026-08-19
7207-RMRDB,0.35384615384615387,Unlikely to churn,0.6461538461538461,2026-08-19
7954-MLBUN,0.10679611650485436,Unlikely to churn,0.8932038834951457,2026-08-19
2077-DDHJK,0.016241299303944315,Unlikely to churn,0.9837587006960556,2026-08-19
4913-EHYUI,0.057692307692307696,Unlikely to churn,0.9423076923076923,2026-08-19
0195-IESCP,0.7213930348258707,Likely to churn,0.7213930348258707,2026-08-19
9574-BOSMD,0.016241299303944315,Unlikely to churn,0.9837587006960556,2026-08-19
4580-TMHJU,0.5050301810865191,Likely to churn,0.5050301810865191,2026-08-19
0970-ETWGE,0.825,Likely to churn,0.825,2026-08-19
4908-XAXAY,0.09430604982206406,Unlikely to churn,0.905693950177936,2026-08-19
8404-VLQFB,0.5050301810865191,Likely to churn,0.5050301810865191,2026-08-19
1626-ERCMM,0.5050301810865191,Likely to churn,0.5050301810865191,2026-08-19
0887-HJGAR,1.0,Likely to churn,1.0,2026-08-19
2391-IPLOP,0.09430604982206406,Unlikely to churn,0.905693950177936,2026-08-19
5644-PDMZC,0.7213930348258707,Likely to churn,0.7213930348258707,2026-08-19
3509-GWQGF,0.5050301810865191,Likely to churn,0.5050301810865191,2026-08-19
9576-ANLXO,0.5149700598802395,Likely to churn,0.5149700598802395,2026-08-19
2024-BASKD,0.825,Likely to churn,0.825,2026-08-19
5845-BZZIB,0.016241299303944315,Unlikely to churn,0.9837587006960556,2026-08-19
1140-UKVZG,0.5050301810865191,Likely to churn,0.5050301810865191,2026-08-19
4160-AMJTL,0.5149700598802395,Likely to churn,0.5149700598802395,2026-08-19
5183-SNMJQ,0.7213930348258707,Likely to churn,0.7213930348258707,2026-08-19
8100-PNJMH,0.0,Unlikely to churn,1.0,2026-08-19
7838-LAZFO,0.09430604982206406,Unlikely to churn,0.905693950177936,2026-08-19
4464-JCOLN,1.0,Likely to churn,1.0,2026-08-19
2085-JVGAD,0.5050301810865191,Likely to churn,0.5050301810865191,2026-08-19
5650-VDUDS,1.0,Likely to churn,1.0,2026-08-19
8095-WANWK,0.5149700598802395,Likely to churn,0.5149700598802395,2026-08-19
3030-ZKIWL,1.0,Likely to churn,1.0,2026-08-19
9565-FLVCG,0.016241299303944315,Unlikely to churn,0.9837587006960556,2026-08-19
8755-OGKNA,0.016241299303944315,Unlikely to churn,0.9837587006960556,2026-08-19
2800-VEQXM,0.5149700598802395,Likely to churn,0.5149700598802395,2026-08-19
7538-GWHML,0.5149700598802395,Likely to churn,0.5149700598802395,2026-08-19
5533-RJFTJ,0.5050301810865191,Likely to churn,0.5050301810865191,2026-08-19
3859-CVCET,0.5149700598802395,Likely to churn,0.5149700598802395,2026-08-19
0214-JHPFW,0.016241299303944315,Unlikely to churn,0.9837587006960556,2026-08-19
5642-MHDQT,1.0,Likely to churn,1.0,2026-08-19
3088-FVYWK,0.016241299303944315,Unlikely to churn,0.9837587006960556,2026-08-19
3276-HDUEG,0.825,Likely to churn,0.825,2026-08-19
9092-GDZKO,0.5050301810865191,Likely to churn,0.5050301810865191,2026-08-19
0823-HSCDJ,0.5050301810865191,Likely to churn,0.5050301810865191,2026-08-19
3729-OWRVL,0.10679611650485436,Unlikely to churn,0.8932038834951457,2026-08-19
2324-AALNO,0.09430604982206406,Unlikely to churn,0.905693950177936,2026-08-19
0822-GAVAP,1.0,Likely to churn,1.0,2026-08-19
5760-IFJOZ,0.7213930348258707,Likely to churn,0.7213930348258707,2026-08-19
2826-UWHIS,0.5050301810865191,Likely to churn,0.5050301810865191,2026-08-19
1448-PWKYE,0.825,Likely to churn,0.825,2026-08-19
7501-IWUNG,0.016241299303944315,Unlikely to churn,0.9837587006960556,2026-08-19
4957-TREIR,0.5149700598802395,Likely to churn,0.5149700598802395,2026-08-19
7251-LJBQN,0.057692307692307696,Unlikely to churn,0.9423076923076923,2026-08-19
8040-MNRTF,0.825,Likely to churn,0.825,2026-08-19
1536-HBSWP,1.0,Likely to churn,1.0,2026-08-19
5313-FPXWG,0.09430604982206406,Unlikely to churn,0.905693950177936,2026-08-19
0067-DKWBL,1.0,Likely to churn,1.0,2026-08-19
0946-FKYTX,0.09430604982206406,Unlikely to churn,0.905693950177936,2026-08-19
5076-YVXCM,0.5050301810865191,Likely to churn,0.5050301810865191,2026-08-19
8262-COGGB,1.0,Likely to churn,1.0,2026-08-19
6663-JOCQO,0.09430604982206406,Unlikely to churn,0.905693950177936,2026-08-19
9620-QJREV,1.0,Likely to churn,1.0,2026-08-19
2276-YDAVZ,0.5149700598802395,Likely to churn,0.5149700598802395,2026-08-19
2682-KEVRP,1.0,Likely to churn,1.0,2026-08-19
2480-JZOSN,1.0,Likely to churn,1.0,2026-08-19
0078-XZMHT,0.0,Unlikely to churn,1.0,2026-08-19
5896-NPFWW,0.5149700598802395,Likely to churn,0.5149700598802395,2026-08-19
9978-HYCIN,0.09430604982206406,Unlikely to churn,0.905693950177936,2026-08-19
8338-QIUNR,0.016241299303944315,Unlikely to churn,0.9837587006960556,2026-08-19
1525-LNLOJ,0.016241299303944315,Unlikely to churn,0.9837587006960556,2026-08-19
9450-TRJUU,0.5050301810865191,Likely to churn,0.5050301810865191,2026-08-19
1766-GKNMI,0.5050301810865191,Likely to churn,0.5050301810865191,2026-08-19
6942-LBFDP,1.0,Likely to churn,1.0,2026-08-19
1456-TWCGB,0.5149700598802395,Likely to churn,0.5149700598802395,2026-08-19
7133-VBDCG,0.5050301810865191,Likely to churn,0.5050301810865191,2026-08-19
7596-ZYWBB,0.016241299303944315,Unlikely to churn,0.9837587006960556,2026-08-19
8329-UTMVM,0.2857142857142857,Unlikely to churn,0.7142857142857143,2026-08-19
3014-WJKSM,0.5050301810865191,Likely to churn,0.5050301810865191,2026-08-19
3347-YJZZE,0.5050301810865191,Likely to churn,0.5050301810865191,2026-08-19
1029-QFBEN,1.0,Likely to churn,1.0,2026-08-19
7929-DMBCV,0.5050301810865191,Likely to churn,0.5050301810865191,2026-08-19
9661-JALZV,0.016241299303944315,Unlikely to churn,0.9837587006960556,2026-08-19
5433-KYGHE,0.5050301810865191,Likely to churn,0.5050301810865191,2026-08-19
4312-KFRXN,0.016241299303944315,Unlikely to churn,0.9837587006960556,2026-08-19
5575-TPIZQ,0.5050301810865191,Likely to churn,0.5050301810865191,2026-08-19
0114-IGABW,0.016241299303944315,Unlikely to churn,0.9837587006960556,2026-08-19
9944-AEXBM,0.5050301810865191,Likely to churn,0.5050301810865191,2026-08-19
1853-ARAAQ,0.5050301810865191,Likely to churn,0.5050301810865191,2026-08-19
6952-OMNWB,0.175,Unlikely to churn,0.825,2026-08-19
4697-LUPSU,1.0,Likely to churn,1.0,2026-08-19
8434-VGEQQ,0.016241299303944315,Unlikely to churn,0.9837587006960556,2026-08-19
4952-YSOGZ,0.7213930348258707,Likely to churn,0.7213930348258707,2026-08-19
1589-AGTLK,0.5149700598802395,Likely to churn,0.5149700598802395,2026-08-19
5244-IRFIH,0.5050301810865191,Likely to churn,0.5050301810865191,2026-08-19
6549-YMFAW,0.5149700598802395,Likely to churn,0.5149700598802395,2026-08-19
4950-HKQTE,0.016241299303944315,Unlikely to churn,0.9837587006960556,2026-08-19
6786-OBWQR,0.7213930348258707,Likely to churn,0.7213930348258707,2026-08-19
2684-EIWEO,0.5050301810865191,Likely to churn,0.5050301810865191,2026-08-19
2753-JMMCV,0.016241299303944315,Unlikely to churn,0.9837587006960556,2026-08-19
6439-GTPCA,0.5050301810865191,Likely to churn,0.5050301810865191,2026-08-19
6621-YOBKI,1.0,Likely to churn,1.0,2026-08-19
1216-JWVUX,0.5050301810865191,Likely to churn,0.5050301810865191,2026-08-19
7564-GHCVB,0.016241299303944315,Unlikely to churn,0.9837587006960556,2026-08-19
1173-NOEYG,0.5050301810865191,Likely to churn,0.5050301810865191,2026-08-19
7595-EHCDL,0.5050301810865191,Likely to churn,0.5050301810865191,2026-08-19
6647-ZEDXT,0.2857142857142857,Unlikely to churn,0.7142857142857143,2026-08-19
2521-NPUZR,0.10679611650485436,Unlikely to churn,0.8932038834951457,2026-08-19
1307-TVUFB,0.5050301810865191,Likely to churn,0.5050301810865191,2026-08-19
7503-MIOGA,0.0,Unlikely to churn,1.0,2026-08-19
4381-MHQDC,0.016241299303944315,Unlikely to churn,0.9837587006960556,2026-08-19
6923-JHPMP,0.7213930348258707,Likely to churn,0.7213930348258707,2026-08-19
5138-WVKYJ,0.7213930348258707,Likely to churn,0.7213930348258707,2026-08-19
4018-PPNDW,0.016241299303944315,Unlikely to churn,0.9837587006960556,2026-08-19
1635-FJFCC,0.5149700598802395,Likely to churn,0.5149700598802395,2026-08-19
2499-AJYUA,0.0,Unlikely to churn,1.0,2026-08-19
6919-ELBGL,0.0,Unlikely to churn,1.0,2026-08-19
3966-HRMZA,0.5149700598802395,Likely to churn,0.5149700598802395,2026-08-19
6425-JWTDV,0.016241299303944315,Unlikely to churn,0.9837587006960556,2026-08-19
8405-IGQFX,0.09430604982206406,Unlikely to churn,0.905693950177936,2026-08-19
8224-IVVPA,0.5050301810865191,Likely to churn,0.5050301810865191,2026-08-19
9477-LGWQI,0.016241299303944315,Unlikely to churn,0.9837587006960556,2026-08-19
1410-RSCMR,0.5149700598802395,Likely to churn,0.5149700598802395,2026-08-19
3115-CZMZD,0.016241299303944315,Unlikely to churn,0.9837587006960556,2026-08-19
0139-IVFJG,0.7213930348258707,Likely to churn,0.7213930348258707,2026-08-19
6683-VLCTZ,0.5050301810865191,Likely to churn,0.5050301810865191,2026-08-19
5730-DBDSI,0.016241299303944315,Unlikely to churn,0.9837587006960556,2026-08-19
0030-FNXPP,1.0,Likely to churn,1.0,2026-08-19
2189-WWOEW,0.5050301810865191,Likely to churn,0.5050301810865191,2026-08-19
5684-FJVYR,0.0,Unlikely to churn,1.0,2026-08-19
4013-GUXND,1.0,Likely to churn,1.0,2026-08-19
1894-IGFSG,0.5050301810865191,Likely to churn,0.5050301810865191,2026-08-19
7379-POKDZ,0.5149700598802395,Likely to churn,0.5149700598802395,2026-08-19
1266-NZYUI,0.016241299303944315,Unlikely to churn,0.9837587006960556,2026-08-19
7969-FFOWG,0.016241299303944315,Unlikely to churn,0.9837587006960556,2026-08-19
4718-DHSMV,0.5149700598802395,Likely to churn,0.5149700598802395,2026-08-19
5175-WLYXL,0.5050301810865191,Likely to churn,0.5050301810865191,2026-08-19
7817-OMJNA,1.0,Likely to churn,1.0,2026-08-19
8728-SKJLR,0.5050301810865191,Likely to churn,0.5050301810865191,2026-08-19
3137-NYQQI,0.09430604982206406,Unlikely to churn,0.905693950177936,2026-08-19
7706-DZNKK,0.5149700598802395,Likely to churn,0.5149700598802395,2026-08-19
0236-HFWSV,0.5050301810865191,Likely to churn,0.5050301810865191,2026-08-19
3900-AQPHZ,1.0,Likely to churn,1.0,2026-08-19
5842-POCOP,0.7213930348258707,Likely to churn,0.7213930348258707,2026-08-19
2037-XJFUP,0.2857142857142857,Unlikely to churn,0.7142857142857143,2026-08-19
8823-RLPWL,0.0,Unlikely to churn,1.0,2026-08-19
9505-SQFSW,0.5149700598802395,Likely to churn,0.5149700598802395,2026-08-19
7314-OXENN,0.7213930348258707,Likely to churn,0.7213930348258707,2026-08-19
3758-CKOQL,0.057692307692307696,Unlikely to churn,0.9423076923076923,2026-08-19
0322-CHQRU,1.0,Likely to churn,1.0,2026-08-19
5676-CFLYY,0.016241299303944315,Unlikely to churn,0.9837587006960556,2026-08-19
7521-AFHAB,0.5149700598802395,Likely to churn,0.5149700598802395,2026-08-19
0285-INHLN,0.5050301810865191,Likely to churn,0.5050301810865191,2026-08-19
4678-DVQEO,1.0,Likely to churn,1.0,2026-08-19
5125-CNDSP,0.09430604982206406,Unlikely to churn,0.905693950177936,2026-08-19
0691-IFBQW,0.057692307692307696,Unlikely to churn,0.9423076923076923,2026-08-19
4992-LTJNE,0.016241299303944315,Unlikely to churn,0.9837587006960556,2026-08-19
2202-OUTMO,0.5050301810865191,Likely to churn,0.5050301810865191,2026-08-19
0810-BDHAW,0.09430604982206406,Unlikely to churn,0.905693950177936,2026-08-19
0229-LFJAF,0.016241299303944315,Unlikely to churn,0.9837587006960556,2026-08-19
7131-ZQZNK,0.016241299303944315,Unlikely to churn,0.9837587006960556,2026-08-19
3442-ZHHCC,0.09430604982206406,Unlikely to churn,0.905693950177936,2026-08-19
5726-CVNYA,0.016241299303944315,Unlikely to churn,0.9837587006960556,2026-08-19
9871-ELEYA,0.016241299303944315,Unlikely to churn,0.9837587006960556,2026-08-19
4257-GAESD,0.5149700598802395,Likely to churn,0.5149700598802395,2026-08-19
5173-WXOQV,0.5149700598802395,Likely to churn,0.5149700598802395,2026-08-19
2040-OBMLJ,0.09430604982206406,Unlikely to churn,0.905693950177936,2026-08-19
6286-ZHAOK,0.5050301810865191,Likely to churn,0.5050301810865191,2026-08-19
3807-XHCJH,1.0,Likely to churn,1.0,2026-08-19
3009-JWMPU,0.057692307692307696,Unlikely to churn,0.9423076923076923,2026-08-19
5671-RQRLP,0.016241299303944315,Unlikely to churn,0.9837587006960556,2026-08-19
1450-GALXR,0.7213930348258707,Likely to churn,0.7213930348258707,2026-08-19
8859-AXJZP,0.016241299303944315,Unlikely to churn,0.9837587006960556,2026-08-19
3174-AKMAS,0.016241299303944315,Unlikely to churn,0.9837587006960556,2026-08-19
3138-BKYAV,0.7213930348258707,Likely to churn,0.7213930348258707,2026-08-19
9926-PJHDQ,0.016241299303944315,Unlikely to churn,0.9837587006960556,2026-08-19
7382-DFJTU,0.5050301810865191,Likely to churn,0.5050301810865191,2026-08-19
2798-NYLMZ,0.10679611650485436,Unlikely to churn,0.8932038834951457,2026-08-19
4289-DTDKW,0.5050301810865191,Likely to churn,0.5050301810865191,2026-08-19
1820-TQVEV,1.0,Likely to churn,1.0,2026-08-19
2239-JALAW,0.057692307692307696,Unlikely to churn,0.9423076923076923,2026-08-19
4853-RULSV,0.10679611650485436,Unlikely to churn,0.8932038834951457,2026-08-19
8098-TDCBU,0.016241299303944315,Unlikely to churn,0.9837587006960556,2026-08-19
3551-GAEGL,0.09430604982206406,Unlikely to churn,0.905693950177936,2026-08-19
4785-NKHCX,1.0,Likely to churn,1.0,2026-08-19
3196-NVXLZ,0.5050301810865191,Likely to churn,0.5050301810865191,2026-08-19
6275-YDUVO,0.7213930348258707,Likely to churn,0.7213930348258707,2026-08-19
0036-IHMOT,0.057692307692307696,Unlikely to churn,0.9423076923076923,2026-08-19
0115-TFERT,0.5050301810865191,Likely to churn,0.5050301810865191,2026-08-19
4178-EGMON,0.0,Unlikely to churn,1.0,2026-08-19
4220-TINQT,0.35384615384615387,Unlikely to churn,0.6461538461538461,2026-08-19
5318-YKDPV,0.016241299303944315,Unlikely to churn,0.9837587006960556,2026-08-19
7975-TZMLR,0.057692307692307696,Unlikely to churn,0.9423076923076923,2026-08-19
0295-QVKPB,0.5149700598802395,Likely to churn,0.5149700598802395,2026-08-19
4335-BSMJS,0.016241299303944315,Unlikely to churn,0.9837587006960556,2026-08-19
2311-QYMUQ,0.5050301810865191,Likely to churn,0.5050301810865191,2026-08-19
3643-AHCFP,0.7213930348258707,Likely to churn,0.7213930348258707,2026-08-19
9146-JRIOX,0.5050301810865191,Likely to churn,0.5050301810865191,2026-08-19
3104-OWCGK,0.09430604982206406,Unlikely to churn,0.905693950177936,2026-08-19
5337-IIWKZ,0.5050301810865191,Likely to churn,0.5050301810865191,2026-08-19
9101-BWFSS,0.057692307692307696,Unlikely to churn,0.9423076923076923,2026-08-19
9650-VBUOG,0.016241299303944315,Unlikely to churn,0.9837587006960556,2026-08-19
3487-EARAT,0.09430604982206406,Unlikely to churn,0.905693950177936,2026-08-19
2672-TGEFF,0.5050301810865191,Likely to churn,0.5050301810865191,2026-08-19
9231-ZJYAM,0.7213930348258707,Likely to churn,0.7213930348258707,2026-08-19
4250-WAROZ,0.175,Unlikely to churn,0.825,2026-08-19
8184-WMOFI,0.09430604982206406,Unlikely to churn,0.905693950177936,2026-08-19
6982-SSHFK,1.0,Likely to churn,1.0,2026-08-19
6092-QZVPP,0.5050301810865191,Likely to churn,0.5050301810865191,2026-08-19
4625-LAMOB,0.016241299303944315,Unlikely to churn,0.9837587006960556,2026-08-19
0727-BMPLR,0.057692307692307696,Unlikely to churn,0.9423076923076923,2026-08-19
0392-BZIUW,0.10679611650485436,Unlikely to churn,0.8932038834951457,2026-08-19
1038-ZAGBI,1.0,Likely to churn,1.0,2026-08-19
6549-NNDYT,0.5149700598802395,Likely to churn,0.5149700598802395,2026-08-19
3027-ZTDHO,0.825,Likely to churn,0.825,2026-08-19
0422-OHQHQ,1.0,Likely to churn,1.0,2026-08-19
6916-HIJSE,0.0,Unlikely to churn,1.0,2026-08-19
2316-ESMLS,0.09430604982206406,Unlikely to churn,0.905693950177936,2026-08-19
9778-OGKQZ,0.0,Unlikely to churn,1.0,2026-08-19
7408-OFWXJ,0.0,Unlikely to churn,1.0,2026-08-19
6007-TCTST,0.0,Unlikely to churn,1.0,2026-08-19
2252-NKNSI,0.0,Unlikely to churn,1.0,2026-08-19
8713-IGZSO,1.0,Likely to churn,1.0,2026-08-19
7905-TVXTA,0.5149700598802395,Likely to churn,0.5149700598802395,2026-08-19
7695-PKLCZ,0.016241299303944315,Unlikely to churn,0.9837587006960556,2026-08-19
2382-BCKQJ,0.057692307692307696,Unlikely to churn,0.9423076923076923,2026-08-19
8374-UULRV,0.0,Unlikely to churn,1.0,2026-08-19
2207-NHRJK,1.0,Likely to churn,1.0,2026-08-19
3224-DFQNQ,0.09430604982206406,Unlikely to churn,0.905693950177936,2026-08-19
5275-PMFUT,0.016241299303944315,Unlikely to churn,0.9837587006960556,2026-08-19
4795-UXVCJ,1.0,Likely to churn,1.0,2026-08-19
9777-IQHWP,0.0,Unlikely to churn,1.0,2026-08-19
0947-MUGVO,0.5050301810865191,Likely to churn,0.5050301810865191,2026-08-19
9944-HKVVB,0.7213930348258707,Likely to churn,0.7213930348258707,2026-08-19
4124-MMETB,0.5050301810865191,Likely to churn,0.5050301810865191,2026-08-19
3671-SHRSP,0.7213930348258707,Likely to churn,0.7213930348258707,2026-08-19
0979-MOZQI,0.016241299303944315,Unlikely to churn,0.9837587006960556,2026-08-19
2732-ISEZX,1.0,Likely to churn,1.0,2026-08-19
3313-QKNKB,0.09430604982206406,Unlikely to churn,0.905693950177936,2026-08-19
0323-XWWTN,0.016241299303944315,Unlikely to churn,0.9837587006960556,2026-08-19
1937-OTUKY,0.10679611650485436,Unlikely to churn,0.8932038834951457,2026-08-19
1573-LGXBA,0.057692307692307696,Unlikely to churn,0.9423076923076923,2026-08-19
1764-VUUMT,0.016241299303944315,Unlikely to churn,0.9837587006960556,2026-08-19
5073-WXOYN,0.175,Unlikely to churn,0.825,2026-08-19
4713-ZBURT,0.10679611650485436,Unlikely to churn,0.8932038834951457,2026-08-19
3050-GBUSH,1.0,Likely to churn,1.0,2026-08-19
0207-MDKNV,0.5050301810865191,Likely to churn,0.5050301810865191,2026-08-19
7876-AEHIG,0.09430604982206406,Unlikely to churn,0.905693950177936,2026-08-19
7945-HLKEA,0.09430604982206406,Unlikely to churn,0.905693950177936,2026-08-19
9342-VNIMQ,0.5050301810865191,Likely to churn,0.5050301810865191,2026-08-19
9851-KIELU,0.7213930348258707,Likely to churn,0.7213930348258707,2026-08-19
3523-BRGUW,1.0,Likely to churn,1.0,2026-08-19
3908-BLSYF,0.7213930348258707,Likely to churn,0.7213930348258707,2026-08-19
3199-NPKCN,0.057692307692307696,Unlikely to churn,0.9423076923076923,2026-08-19
5170-PTRKA,0.09430604982206406,Unlikely to churn,0.905693950177936,2026-08-19
4661-NJEUX,1.0,Likely to churn,1.0,2026-08-19
2123-AGEEN,0.7213930348258707,Likely to churn,0.7213930348258707,2026-08-19
1258-YMZNM,0.2857142857142857,Unlikely to churn,0.7142857142857143,2026-08-19
0048-LUMLS,0.09430604982206406,Unlikely to churn,0.905693950177936,2026-08-19
7549-MYGPK,0.35384615384615387,Unlikely to churn,0.6461538461538461,2026-08-19
5898-IGSLP,0.5050301810865191,Likely to churn,0.5050301810865191,2026-08-19
3804-RVTGV,0.5050301810865191,Likely to churn,0.5050301810865191,2026-08-19
6259-WJQLC,0.5050301810865191,Likely to churn,0.5050301810865191,2026-08-19
9227-LUNBG,1.0,Likely to churn,1.0,2026-08-19
7997-EASSD,0.09430604982206406,Unlikely to churn,0.905693950177936,2026-08-19
0730-KOAVE,0.5050301810865191,Likely to churn,0.5050301810865191,2026-08-19
8975-SKGRX,0.0,Unlikely to churn,1.0,2026-08-19
0678-RLHVP,0.10679611650485436,Unlikely to churn,0.8932038834951457,2026-08-19
4315-MURBD,0.7213930348258707,Likely to churn,0.7213930348258707,2026-08-19
2267-FPIMA,0.5050301810865191,Likely to churn,0.5050301810865191,2026-08-19
1051-GEJLJ,1.0,Likely to churn,1.0,2026-08-19
9734-YWGEX,0.7213930348258707,Likely to churn,0.7213930348258707,2026-08-19
2719-BDAQO,0.5050301810865191,Likely to churn,0.5050301810865191,2026-08-19
5285-MVEHD,0.057692307692307696,Unlikely to churn,0.9423076923076923,2026-08-19
0379-DJQHR,0.0,Unlikely to churn,1.0,2026-08-19
0781-LKXBR,0.7213930348258707,Likely to churn,0.7213930348258707,2026-08-19
5543-QDCRY,0.5149700598802395,Likely to churn,0.5149700598802395,2026-08-19
0297-RBCSG,0.09430604982206406,Unlikely to churn,0.905693950177936,2026-08-19
4694-PHWFW,0.5149700598802395,Likely to churn,0.5149700598802395,2026-08-19
0835-JKADZ,0.0,Unlikely to churn,1.0,2026-08-19
1907-UBQFC,0.5149700598802395,Likely to churn,0.5149700598802395,2026-08-19
7508-SMHXL,0.5050301810865191,Likely to churn,0.5050301810865191,2026-08-19
3865-YIOTT,0.057692307692307696,Unlikely to churn,0.9423076923076923,2026-08-19
5993-BQHEA,1.0,Likely to churn,1.0,2026-08-19
6024-RUGGH,0.016241299303944315,Unlikely to churn,0.9837587006960556,2026-08-19
6513-EECDB,0.825,Likely to churn,0.825,2026-08-19
3956-CJUST,0.5050301810865191,Likely to churn,0.5050301810865191,2026-08-19
4079-WWQQQ,0.016241299303944315,Unlikely to churn,0.9837587006960556,2026-08-19
6103-BOCOU,0.5050301810865191,Likely to churn,0.5050301810865191,2026-08-19
5149-TGWDZ,0.2857142857142857,Unlikely to churn,0.7142857142857143,2026-08-19
7471-WNSUF,1.0,Likely to churn,1.0,2026-08-19
8942-DBMHZ,0.5149700598802395,Likely to churn,0.5149700598802395,2026-08-19
4301-VVZKA,0.5050301810865191,Likely to churn,0.5050301810865191,2026-08-19
9199-PWQVC,0.09430604982206406,Unlikely to churn,0.905693950177936,2026-08-19
4824-GUCBY,0.5050301810865191,Likely to churn,0.5050301810865191,2026-08-19
5393-HJZSM,0.5050301810865191,Likely to churn,0.5050301810865191,2026-08-19
7074-IEVOJ,0.7213930348258707,Likely to churn,0.7213930348258707,2026-08-19
9625-QSTYE,0.7213930348258707,Likely to churn,0.7213930348258707,2026-08-19
0862-PRCBS,0.10679611650485436,Unlikely to churn,0.8932038834951457,2026-08-19
8812-ZRHFP,0.09430604982206406,Unlikely to churn,0.905693950177936,2026-08-19
5146-CBVOE,0.5050301810865191,Likely to churn,0.5050301810865191,2026-08-19
0454-OKRCT,0.0,Unlikely to churn,1.0,2026-08-19
5787-KXGIY,0.016241299303944315,Unlikely to churn,0.9837587006960556,2026-08-19
4750-ZRXIU,0.7213930348258707,Likely to churn,0.7213930348258707,2026-08-19
4198-VFOEA,0.09430604982206406,Unlikely to churn,0.905693950177936,2026-08-19
6630-UJZMY,0.7213930348258707,Likely to churn,0.7213930348258707,2026-08-19
5709-LVOEQ,0.0,Unlikely to churn,1.0,2026-08-19
6400-BWQKW,0.7213930348258707,Likely to churn,0.7213930348258707,2026-08-19
2692-AQCPF,0.057692307692307696,Unlikely to churn,0.9423076923076923,2026-08-19
0347-UBKUZ,0.5050301810865191,Likely to churn,0.5050301810865191,2026-08-19
0835-DUUIQ,1.0,Likely to churn,1.0,2026-08-19
0811-GSDTP,0.5149700598802395,Likely to churn,0.5149700598802395,2026-08-19
7567-ECMCM,0.5050301810865191,Likely to churn,0.5050301810865191,2026-08-19
6115-ZTBFQ,0.016241299303944315,Unlikely to churn,0.9837587006960556,2026-08-19
6353-BRMMA,0.5050301810865191,Likely to churn,0.5050301810865191,2026-08-19
6680-WKXRZ,0.5149700598802395,Likely to churn,0.5149700598802395,2026-08-19
6231-WFGFH,1.0,Likely to churn,1.0,2026-08-19
9904-EHEVJ,0.5050301810865191,Likely to churn,0.5050301810865191,2026-08-19
7028-DVOIQ,0.5050301810865191,Likely to churn,0.5050301810865191,2026-08-19
6169-PPETC,0.016241299303944315,Unlikely to churn,0.9837587006960556,2026-08-19
4208-UFFGW,1.0,Likely to churn,1.0,2026-08-19
8584-KMVXD,0.5149700598802395,Likely to churn,0.5149700598802395,2026-08-19
8467-WYNSR,0.5050301810865191,Likely to churn,0.5050301810865191,2026-08-19
0851-DFJKB,0.5050301810865191,Likely to churn,0.5050301810865191,2026-08-19
5382-SOYZL,0.5050301810865191,Likely to churn,0.5050301810865191,2026-08-19
9448-REEVD,1.0,Likely to churn,1.0,2026-08-19
3261-CQXOL,0.016241299303944315,Unlikely to churn,0.9837587006960556,2026-08-19
8388-FYNPZ,0.5149700598802395,Likely to churn,0.5149700598802395,2026-08-19
4002-BQWPQ,0.5050301810865191,Likely to churn,0.5050301810865191,2026-08-19
5651-YLPRD,0.5050301810865191,Likely to churn,0.5050301810865191,2026-08-19
2826-DXLQO,0.5149700598802395,Likely to churn,0.5149700598802395,2026-08-19
4378-BZYFP,1.0,Likely to churn,1.0,2026-08-19
9489-UTFKA,0.5149700598802395,Likely to churn,0.5149700598802395,2026-08-19
4849-PYRLQ,0.016241299303944315,Unlikely to churn,0.9837587006960556,2026-08-19
9117-SHLZX,1.0,Likely to churn,1.0,2026-08-19
9889-TMAHG,0.7213930348258707,Likely to churn,0.7213930348258707,2026-08-19
4541-RMRLG,0.5149700598802395,Likely to churn,0.5149700598802395,2026-08-19
7764-BDPEE,1.0,Likely to churn,1.0,2026-08-19
3429-IFLEM,0.016241299303944315,Unlikely to churn,0.9837587006960556,2026-08-19
3158-MOERK,0.7213930348258707,Likely to churn,0.7213930348258707,2026-08-19
7294-TMAOP,0.825,Likely to churn,0.825,2026-08-19
5002-GCQFH,0.5050301810865191,Likely to churn,0.5050301810865191,2026-08-19
0556-FJEGU,0.016241299303944315,Unlikely to churn,0.9837587006960556,2026-08-19
8919-FYFQZ,0.5050301810865191,Likely to churn,0.5050301810865191,2026-08-19
0604-THJFP,0.016241299303944315,Unlikely to churn,0.9837587006960556,2026-08-19
2834-JRTUA,0.10679611650485436,Unlikely to churn,0.8932038834951457,2026-08-19
5875-YPQFJ,1.0,Likely to churn,1.0,2026-08-19
5879-SESNB,0.5149700598802395,Likely to churn,0.5149700598802395,2026-08-19
6646-QVXLR,0.057692307692307696,Unlikely to churn,0.9423076923076923,2026-08-19
6461-PPAXN,0.09430604982206406,Unlikely to churn,0.905693950177936,2026-08-19
3318-ISQFQ,0.5050301810865191,Likely to churn,0.5050301810865191,2026-08-19
1106-HRLKZ,0.016241299303944315,Unlikely to churn,0.9837587006960556,2026-08-19
2483-XSSMZ,0.09430604982206406,Unlikely to churn,0.905693950177936,2026-08-19
8603-IJWDN,0.825,Likely to churn,0.825,2026-08-19
8165-ZJRNM,0.016241299303944315,Unlikely to churn,0.9837587006960556,2026-08-19
9369-XFEHK,0.5050301810865191,Likely to churn,0.5050301810865191,2026-08-19
2604-XVDAM,0.5149700598802395,Likely to churn,0.5149700598802395,2026-08-19
3717-OFRTN,1.0,Likely to churn,1.0,2026-08-19
9046-JBFWA,0.5050301810865191,Likely to churn,0.5050301810865191,2026-08-19
3280-NMUVX,1.0,Likely to churn,1.0,2026-08-19
1206-EHBDD,0.016241299303944315,Unlikely to churn,0.9837587006960556,2026-08-19
8361-LBRDI,0.016241299303944315,Unlikely to churn,0.9837587006960556,2026-08-19
4883-KCPZJ,0.016241299303944315,Unlikely to churn,0.9837587006960556,2026-08-19
9108-EQPNQ,0.016241299303944315,Unlikely to churn,0.9837587006960556,2026-08-19
7277-KAMWT,0.016241299303944315,Unlikely to churn,0.9837587006960556,2026-08-19
3842-IYKUE,0.5050301810865191,Likely to churn,0.5050301810865191,2026-08-19
6641-XRPSU,0.5050301810865191,Likely to churn,0.5050301810865191,2026-08-19
1374-DMZUI,0.7213930348258707,Likely to churn,0.7213930348258707,2026-08-19
2545-LXYVJ,0.016241299303944315,Unlikely to churn,0.9837587006960556,2026-08-19
3234-VKACU,0.5149700598802395,Likely to churn,0.5149700598802395,2026-08-19
8357-EQXFO,0.7213930348258707,Likely to churn,0.7213930348258707,2026-08-19
1989-PRJHP,0.5050301810865191,Likely to churn,0.5050301810865191,2026-08-19
8120-JDCAM,0.5149700598802395,Likely to churn,0.5149700598802395,2026-08-19
8917-FAEMR,0.016241299303944315,Unlikely to churn,0.9837587006960556,2026-08-19
7047-YXDMZ,0.5050301810865191,Likely to churn,0.5050301810865191,2026-08-19
2858-EIMXH,0.057692307692307696,Unlikely to churn,0.9423076923076923,2026-08-19
9524-EGPJC,0.5050301810865191,Likely to churn,0.5050301810865191,2026-08-19
6993-OHLXR,0.5149700598802395,Likely to churn,0.5149700598802395,2026-08-19
8818-XYFCQ,0.5050301810865191,Likely to churn,0.5050301810865191,2026-08-19
6419-ZTTLE,1.0,Likely to churn,1.0,2026-08-19
0929-HYQEW,0.5149700598802395,Likely to churn,0.5149700598802395,2026-08-19
6614-YOLAC,0.016241299303944315,Unlikely to churn,0.9837587006960556,2026-08-19
7426-RHZGU,0.7213930348258707,Likely to churn,0.7213930348258707,2026-08-19
4065-JJAVA,1.0,Likely to churn,1.0,2026-08-19
4695-VADHF,0.5050301810865191,Likely to churn,0.5050301810865191,2026-08-19
3863-IUBJR,0.09430604982206406,Unlikely to churn,0.905693950177936,2026-08-19
7649-SIJJF,0.016241299303944315,Unlikely to churn,0.9837587006960556,2026-08-19
9361-YNQWJ,0.09430604982206406,Unlikely to churn,0.905693950177936,2026-08-19
3748-FVMZZ,0.5149700598802395,Likely to churn,0.5149700598802395,2026-08-19
9391-TTOYH,0.5050301810865191,Likely to churn,0.5050301810865191,2026-08-19
1452-XRSJV,0.5050301810865191,Likely to churn,0.5050301810865191,2026-08-19
3422-WJOYD,0.09430604982206406,Unlikely to churn,0.905693950177936,2026-08-19
8242-SOQUO,0.7213930348258707,Likely to churn,0.7213930348258707,2026-08-19
7460-ITWWP,0.5050301810865191,Likely to churn,0.5050301810865191,2026-08-19
7147-AYBAA,0.5050301810865191,Likely to churn,0.5050301810865191,2026-08-19
7868-TMWMZ,0.10679611650485436,Unlikely to churn,0.8932038834951457,2026-08-19
4822-RVYBB,0.7213930348258707,Likely to churn,0.7213930348258707,2026-08-19
6732-FZUGP,0.057692307692307696,Unlikely to churn,0.9423076923076923,2026-08-19
8436-BJUMM,0.5050301810865191,Likely to churn,0.5050301810865191,2026-08-19
4184-TJFAN,0.7213930348258707,Likely to churn,0.7213930348258707,2026-08-19
8329-GWVPJ,0.5050301810865191,Likely to churn,0.5050301810865191,2026-08-19
1352-VHKAJ,0.5050301810865191,Likely to churn,0.5050301810865191,2026-08-19
4145-UQXUQ,0.7213930348258707,Likely to churn,0.7213930348258707,2026-08-19
2632-TACXW,0.016241299303944315,Unlikely to churn,0.9837587006960556,2026-08-19
8146-QQKZH,0.0,Unlikely to churn,1.0,2026-08-19
1767-CJKBA,0.016241299303944315,Unlikely to churn,0.9837587006960556,2026-08-19
6445-TNRXS,0.0,Unlikely to churn,1.0,2026-08-19
4581-LNWUM,0.5149700598802395,Likely to churn,0.5149700598802395,2026-08-19
4869-EPIUS,0.09430604982206406,Unlikely to churn,0.905693950177936,2026-08-19
9948-YPTDG,0.5050301810865191,Likely to churn,0.5050301810865191,2026-08-19
1236-WFCDV,0.5050301810865191,Likely to churn,0.5050301810865191,2026-08-19
1915-OAKWD,1.0,Likely to churn,1.0,2026-08-19
7296-PIXQY,0.5050301810865191,Likely to churn,0.5050301810865191,2026-08-19
4883-QICIH,0.5050301810865191,Likely to churn,0.5050301810865191,2026-08-19
3354-OADJP,0.09430604982206406,Unlikely to churn,0.905693950177936,2026-08-19
3524-WQDSG,0.5050301810865191,Likely to churn,0.5050301810865191,2026-08-19
0810-DHDBD,0.09430604982206406,Unlikely to churn,0.905693950177936,2026-08-19
4026-SKKHW,0.5149700598802395,Likely to churn,0.5149700598802395,2026-08-19
2829-HYVZP,1.0,Likely to churn,1.0,2026-08-19
8329-IBCTI,1.0,Likely to churn,1.0,2026-08-19
1271-SJBGZ,0.5149700598802395,Likely to churn,0.5149700598802395,2026-08-19
3845-JHAMY,0.5050301810865191,Likely to churn,0.5050301810865191,2026-08-19
7013-PSXHK,0.09430604982206406,Unlikely to churn,0.905693950177936,2026-08-19
5669-SRAIP,0.5149700598802395,Likely to churn,0.5149700598802395,2026-08-19
5981-ITEMU,0.5050301810865191,Likely to churn,0.5050301810865191,2026-08-19
3486-NPGST,1.0,Likely to churn,1.0,2026-08-19
6941-PMGEP,0.7213930348258707,Likely to churn,0.7213930348258707,2026-08-19
1624-WOIWJ,0.7213930348258707,Likely to churn,0.7213930348258707,2026-08-19
2074-GKOWZ,0.7213930348258707,Likely to churn,0.7213930348258707,2026-08-19
0376-YMCJC,0.5050301810865191,Likely to churn,0.5050301810865191,2026-08-19
6100-FJZDG,1.0,Likely to churn,1.0,2026-08-19
4829-ZLJTK,0.0,Unlikely to churn,1.0,2026-08-19
1730-VFMWO,0.5050301810865191,Likely to churn,0.5050301810865191,2026-08-19
7143-BQIBA,0.5149700598802395,Likely to churn,0.5149700598802395,2026-08-19
3800-LYTRK,0.09430604982206406,Unlikely to churn,0.905693950177936,2026-08-19
0634-SZPQA,0.5050301810865191,Likely to churn,0.5050301810865191,2026-08-19
9646-NMHXE,0.016241299303944315,Unlikely to churn,0.9837587006960556,2026-08-19
7030-NJVDP,0.5050301810865191,Likely to churn,0.5050301810865191,2026-08-19
5536-RTPWK,0.5050301810865191,Likely to churn,0.5050301810865191,2026-08-19
8883-GRDWQ,0.09430604982206406,Unlikely to churn,0.905693950177936,2026-08-19
6166-ILMNY,0.5149700598802395,Likely to churn,0.5149700598802395,2026-08-19
3097-NNSPB,1.0,Likely to churn,1.0,2026-08-19
7771-ZONAT,0.016241299303944315,Unlikely to churn,0.9837587006960556,2026-08-19
0655-RBDUG,0.7213930348258707,Likely to churn,0.7213930348258707,2026-08-19
2111-DWYHN,1.0,Likely to churn,1.0,2026-08-19
4194-WHFCB,0.175,Unlikely to churn,0.825,2026-08-19
4121-AGSIN,0.09430604982206406,Unlikely to churn,0.905693950177936,2026-08-19
4361-BKAXE,0.5050301810865191,Likely to churn,0.5050301810865191,2026-08-19
9845-PEEKO,0.016241299303944315,Unlikely to churn,0.9837587006960556,2026-08-19
0455-XFASS,0.5149700598802395,Likely to churn,0.5149700598802395,2026-08-19
0301-KOBTQ,0.016241299303944315,Unlikely to churn,0.9837587006960556,2026-08-19
1751-NCDLI,0.5050301810865191,Likely to churn,0.5050301810865191,2026-08-19
4367-NUYAO,0.016241299303944315,Unlikely to churn,0.9837587006960556,2026-08-19
9878-TNQGW,0.7213930348258707,Likely to churn,0.7213930348258707,2026-08-19
9170-ARBTB,1.0,Likely to churn,1.0,2026-08-19
4441-NIHPT,0.5149700598802395,Likely to churn,0.5149700598802395,2026-08-19
8999-BOHSE,0.7213930348258707,Likely to churn,0.7213930348258707,2026-08-19
7241-AJHFS,0.5050301810865191,Likely to churn,0.5050301810865191,2026-08-19
7029-RPUAV,0.5050301810865191,Likely to churn,0.5050301810865191,2026-08-19
4546-FOKWR,0.5050301810865191,Likely to churn,0.5050301810865191,2026-08-19
9036-CSKBW,0.057692307692307696,Unlikely to churn,0.9423076923076923,2026-08-19
5832-TRLPB,0.09430604982206406,Unlikely to churn,0.905693950177936,2026-08-19
8590-YFFQO,0.016241299303944315,Unlikely to churn,0.9837587006960556,2026-08-19
8659-IOOPU,0.10679611650485436,Unlikely to churn,0.8932038834951457,2026-08-19
1338-CECEE,0.09430604982206406,Unlikely to churn,0.905693950177936,2026-08-19
7439-DKZTW,0.825,Likely to churn,0.825,2026-08-19
4646-QZXTF,0.7213930348258707,Likely to churn,0.7213930348258707,2026-08-19
4607-CHPCA,0.09430604982206406,Unlikely to churn,0.905693950177936,2026-08-19
9742-XOKTS,0.09430604982206406,Unlikely to churn,0.905693950177936,2026-08-19
6921-OZMFH,0.5149700598802395,Likely to churn,0.5149700598802395,2026-08-19
9578-FOMUK,0.5050301810865191,Likely to churn,0.5050301810865191,2026-08-19
4712-UYOOI,0.5050301810865191,Likely to churn,0.5050301810865191,2026-08-19
8824-RWFXJ,0.5149700598802395,Likely to churn,0.5149700598802395,2026-08-19
7722-CVFXN,0.057692307692307696,Unlikely to churn,0.9423076923076923,2026-08-19
8717-VCTXJ,1.0,Likely to churn,1.0,2026-08-19
7363-QTBIW,0.7213930348258707,Likely to churn,0.7213930348258707,2026-08-19
4159-NAAIX,0.10679611650485436,Unlikely to churn,0.8932038834951457,2026-08-19
0971-QIFJK,0.016241299303944315,Unlikely to churn,0.9837587006960556,2026-08-19
9397-TZSHA,0.016241299303944315,Unlikely to churn,0.9837587006960556,2026-08-19
3391-JSQEW,0.5050301810865191,Likely to churn,0.5050301810865191,2026-08-19
0343-QLUZP,0.016241299303944315,Unlikely to churn,0.9837587006960556,2026-08-19
9763-PDTKK,0.7213930348258707,Likely to churn,0.7213930348258707,2026-08-19
2176-LVPNX,0.0,Unlikely to churn,1.0,2026-08-19
7627-JKIAZ,0.5050301810865191,Likely to churn,0.5050301810865191,2026-08-19
3312-UUMZW,0.5050301810865191,Likely to churn,0.5050301810865191,2026-08-19
1271-UODNO,0.016241299303944315,Unlikely to churn,0.9837587006960556,2026-08-19
8461-EFQYM,0.09430604982206406,Unlikely to churn,0.905693950177936,2026-08-19
6900-RBKER,0.0,Unlikely to churn,1.0,2026-08-19
6891-JPYFF,0.5050301810865191,Likely to churn,0.5050301810865191,2026-08-19
1459-QNFQT,0.016241299303944315,Unlikely to churn,0.9837587006960556,2026-08-19
1047-NNCBF,0.5050301810865191,Likely to churn,0.5050301810865191,2026-08-19
3696-XRIEN,0.09430604982206406,Unlikely to churn,0.905693950177936,2026-08-19
4081-DYXAV,0.09430604982206406,Unlikely to churn,0.905693950177936,2026-08-19
0074-HDKDG,0.09430604982206406,Unlikely to churn,0.905693950177936,2026-08-19
8791-GFXLZ,0.5149700598802395,Likely to churn,0.5149700598802395,2026-08-19
8111-SLLHI,0.5050301810865191,Likely to churn,0.5050301810865191,2026-08-19
0927-LCSMG,0.5149700598802395,Likely to churn,0.5149700598802395,2026-08-19
9330-DHBFL,0.09430604982206406,Unlikely to churn,0.905693950177936,2026-08-19
0098-BOWSO,0.5050301810865191,Likely to churn,0.5050301810865191,2026-08-19
3452-ABWRL,0.5050301810865191,Likely to churn,0.5050301810865191,2026-08-19
5859-HZYLF,0.016241299303944315,Unlikely to churn,0.9837587006960556,2026-08-19
8257-RZAHR,0.5050301810865191,Likely to churn,0.5050301810865191,2026-08-19
5293-WXJAK,0.7213930348258707,Likely to churn,0.7213930348258707,2026-08-19
3156-QLHBO,1.0,Likely to churn,1.0,2026-08-19
2208-NQBCT,0.5050301810865191,Likely to churn,0.5050301810865191,2026-08-19
1779-PWPMG,0.0,Unlikely to churn,1.0,2026-08-19
6621-NRZAK,0.016241299303944315,Unlikely to churn,0.9837587006960556,2026-08-19
0831-JNISG,0.016241299303944315,Unlikely to churn,0.9837587006960556,2026-08-19
0774-IFUVM,0.5149700598802395,Likely to churn,0.5149700598802395,2026-08-19
3082-WQRVY,1.0,Likely to churn,1.0,2026-08-19
9553-DLCLU,0.0,Unlikely to churn,1.0,2026-08-19
1641-BYBTK,0.5149700598802395,Likely to churn,0.5149700598802395,2026-08-19
2460-NGXBJ,0.5149700598802395,Likely to churn,0.5149700598802395,2026-08-19
2446-ZKVAF,0.5050301810865191,Likely to churn,0.5050301810865191,2026-08-19
0841-NULXI,1.0,Likely to churn,1.0,2026-08-19
3522-CDKHF,0.5050301810865191,Likely to churn,0.5050301810865191,2026-08-19
1430-SFQSA,0.09430604982206406,Unlikely to churn,0.905693950177936,2026-08-19
0411-EZJZE,0.5149700598802395,Likely to churn,0.5149700598802395,2026-08-19
7851-WZEKY,0.7213930348258707,Likely to churn,0.7213930348258707,2026-08-19
8844-TONUD,0.7213930348258707,Likely to churn,0.7213930348258707,2026-08-19
8807-ARQET,0.5050301810865191,Likely to churn,0.5050301810865191,2026-08-19
8992-CEUEN,1.0,Likely to churn,1.0,2026-08-19
4320-QMLLA,0.5149700598802395,Likely to churn,0.5149700598802395,2026-08-19
8777-PVYGU,0.09430604982206406,Unlikely to churn,0.905693950177936,2026-08-19
8292-ITGYJ,0.016241299303944315,Unlikely to churn,0.9837587006960556,2026-08-19
6870-ZWMNX,0.016241299303944315,Unlikely to churn,0.9837587006960556,2026-08-19
0621-CXBKL,0.016241299303944315,Unlikely to churn,0.9837587006960556,2026-08-19
5268-DSMNQ,0.057692307692307696,Unlikely to churn,0.9423076923076923,2026-08-19
5334-JLAXU,0.175,Unlikely to churn,0.825,2026-08-19
4086-YQSNZ,0.7213930348258707,Likely to churn,0.7213930348258707,2026-08-19
6242-MBHPK,0.5050301810865191,Likely to churn,0.5050301810865191,2026-08-19
5868-CZJDR,1.0,Likely to churn,1.0,2026-08-19
9359-UGBTK,0.09430604982206406,Unlikely to churn,0.905693950177936,2026-08-19
0135-NMXAP,0.7213930348258707,Likely to churn,0.7213930348258707,2026-08-19
4782-OSFXZ,0.0,Unlikely to churn,1.0,2026-08-19
6479-OAUSD,1.0,Likely to churn,1.0,2026-08-19
7129-ACFOG,0.5149700598802395,Likely to churn,0.5149700598802395,2026-08-19
4189-NAKJS,0.09430604982206406,Unlikely to churn,0.905693950177936,2026-08-19
5562-BETPV,1.0,Likely to churn,1.0,2026-08-19
1282-IHQAC,0.09430604982206406,Unlikely to churn,0.905693950177936,2026-08-19
9127-FHJBZ,0.0,Unlikely to churn,1.0,2026-08-19
6270-OMFIW,0.057692307692307696,Unlikely to churn,0.9423076923076923,2026-08-19
1641-RQDAY,0.5050301810865191,Likely to churn,0.5050301810865191,2026-08-19
0107-WESLM,1.0,Likely to churn,1.0,2026-08-19
6994-ORCWG,0.09430604982206406,Unlikely to churn,0.905693950177936,2026-08-19
1346-UFHAX,0.7213930348258707,Likely to churn,0.7213930348258707,2026-08-19
3992-YWPKO,0.7213930348258707,Likely to churn,0.7213930348258707,2026-08-19
2933-XEUJM,0.016241299303944315,Unlikely to churn,0.9837587006960556,2026-08-19
0125-LZQXK,0.5050301810865191,Likely to churn,0.5050301810865191,2026-08-19
5461-QKNTN,0.5050301810865191,Likely to churn,0.5050301810865191,2026-08-19
4835-YSJMR,0.016241299303944315,Unlikely to churn,0.9837587006960556,2026-08-19
8399-YNDCH,0.5050301810865191,Likely to churn,0.5050301810865191,2026-08-19
3164-YAXFY,0.175,Unlikely to churn,0.825,2026-08-19
0887-WBJVH,0.09430604982206406,Unlikely to churn,0.905693950177936,2026-08-19
4660-IRIBM,0.5050301810865191,Likely to churn,0.5050301810865191,2026-08-19
5673-FSSMF,1.0,Likely to churn,1.0,2026-08-19
7670-ZBPOQ,0.09430604982206406,Unlikely to churn,0.905693950177936,2026-08-19
8089-UZWLX,0.10679611650485436,Unlikely to churn,0.8932038834951457,2026-08-19
0080-OROZO,0.2857142857142857,Unlikely to churn,0.7142857142857143,2026-08-19
3916-NRPAP,0.7213930348258707,Likely to churn,0.7213930348258707,2026-08-19
6807-SIWJI,0.057692307692307696,Unlikely to churn,0.9423076923076923,2026-08-19
8221-HVAYI,0.016241299303944315,Unlikely to churn,0.9837587006960556,2026-08-19
1579-KLYDT,0.7213930348258707,Likely to churn,0.7213930348258707,2026-08-19
5232-NXPAY,0.016241299303944315,Unlikely to churn,0.9837587006960556,2026-08-19
8967-SZQAS,0.5050301810865191,Likely to churn,0.5050301810865191,2026-08-19
4468-KAZHE,0.5050301810865191,Likely to churn,0.5050301810865191,2026-08-19
0455-ENTCR,0.0,Unlikely to churn,1.0,2026-08-19
8944-AILEF,0.5050301810865191,Likely to churn,0.5050301810865191,2026-08-19
5542-NKVRU,0.016241299303944315,Unlikely to churn,0.9837587006960556,2026-08-19
7126-RBHSD,0.5050301810865191,Likely to churn,0.5050301810865191,2026-08-19
5370-IIVVL,0.057692307692307696,Unlikely to churn,0.9423076923076923,2026-08-19
6789-HJBWG,0.5149700598802395,Likely to churn,0.5149700598802395,2026-08-19
3927-NLNRY,0.057692307692307696,Unlikely to churn,0.9423076923076923,2026-08-19
9087-EYCPR,0.016241299303944315,Unlikely to churn,0.9837587006960556,2026-08-19
6791-YBNAK,0.5050301810865191,Likely to churn,0.5050301810865191,2026-08-19
6358-LYNGM,0.825,Likely to churn,0.825,2026-08-19
6077-BDPXA,0.5149700598802395,Likely to churn,0.5149700598802395,2026-08-19
0013-MHZWF,0.5149700598802395,Likely to churn,0.5149700598802395,2026-08-19
5494-HECPR,0.825,Likely to churn,0.825,2026-08-19
8268-YDIXR,0.09430604982206406,Unlikely to churn,0.905693950177936,2026-08-19
9824-BEMCV,0.5050301810865191,Likely to churn,0.5050301810865191,2026-08-19
1373-ORVIZ,0.5149700598802395,Likely to churn,0.5149700598802395,2026-08-19
4291-SHSBH,0.5149700598802395,Likely to churn,0.5149700598802395,2026-08-19
6980-IMXXE,0.016241299303944315,Unlikely to churn,0.9837587006960556,2026-08-19
9866-QEVEE,0.5050301810865191,Likely to churn,0.5050301810865191,2026-08-19
9897-KXHCM,0.7213930348258707,Likely to churn,0.7213930348258707,2026-08-19
0040-HALCW,0.016241299303944315,Unlikely to churn,0.9837587006960556,2026-08-19
0784-GTUUK,1.0,Likely to churn,1.0,2026-08-19
7979-CORPM,0.5050301810865191,Likely to churn,0.5050301810865191,2026-08-19
2294-DMMUS,0.175,Unlikely to churn,0.825,2026-08-19
0872-JCPIB,0.5050301810865191,Likely to churn,0.5050301810865191,2026-08-19
3055-MJDSB,0.5149700598802395,Likely to churn,0.5149700598802395,2026-08-19
9091-WTUUY,0.016241299303944315,Unlikely to churn,0.9837587006960556,2026-08-19
1618-CFHME,0.5149700598802395,Likely to churn,0.5149700598802395,2026-08-19
3165-HDOEW,1.0,Likely to churn,1.0,2026-08-19
6581-NQCBA,0.5050301810865191,Likely to churn,0.5050301810865191,2026-08-19
7115-IRDHS,0.016241299303944315,Unlikely to churn,0.9837587006960556,2026-08-19
8496-DMZUK,0.09430604982206406,Unlikely to churn,0.905693950177936,2026-08-19
2040-VZIKE,0.5050301810865191,Likely to churn,0.5050301810865191,2026-08-19
9068-VPWQQ,0.016241299303944315,Unlikely to churn,0.9837587006960556,2026-08-19
0178-SZBHO,0.5050301810865191,Likely to churn,0.5050301810865191,2026-08-19
0384-RVBPI,0.5050301810865191,Likely to churn,0.5050301810865191,2026-08-19
1689-MRZQR,0.5050301810865191,Likely to churn,0.5050301810865191,2026-08-19
1299-AURJA,0.016241299303944315,Unlikely to churn,0.9837587006960556,2026-08-19
4525-VZCZG,0.057692307692307696,Unlikely to churn,0.9423076923076923,2026-08-19
1543-LLLFT,0.057692307692307696,Unlikely to churn,0.9423076923076923,2026-08-19
5835-BEQEU,0.5149700598802395,Likely to churn,0.5149700598802395,2026-08-19
2788-CJQAQ,1.0,Likely to churn,1.0,2026-08-19
5565-FILXA,0.5050301810865191,Likely to churn,0.5050301810865191,2026-08-19
0319-QZTCO,0.5149700598802395,Likely to churn,0.5149700598802395,2026-08-19
2120-SMPEX,0.5050301810865191,Likely to churn,0.5050301810865191,2026-08-19
0096-FCPUF,0.5050301810865191,Likely to churn,0.5050301810865191,2026-08-19
0668-OGMHD,0.5050301810865191,Likely to churn,0.5050301810865191,2026-08-19
5552-ZNFSJ,1.0,Likely to churn,1.0,2026-08-19
2223-KAGMX,0.5050301810865191,Likely to churn,0.5050301810865191,2026-08-19
6507-ZJSUR,0.5050301810865191,Likely to churn,0.5050301810865191,2026-08-19
9408-HRXRK,0.5050301810865191,Likely to churn,0.5050301810865191,2026-08-19
5593-SUAOO,0.09430604982206406,Unlikely to churn,0.905693950177936,2026-08-19
7321-PKUYW,0.7213930348258707,Likely to churn,0.7213930348258707,2026-08-19
2833-SLKDQ,1.0,Likely to churn,1.0,2026-08-19
6766-HFKLA,0.10679611650485436,Unlikely to churn,0.8932038834951457,2026-08-19
7595-EUIVN,0.825,Likely to churn,0.825,2026-08-19
7617-EYGLW,1.0,Likely to churn,1.0,2026-08-19
2026-TGDHM,0.7213930348258707,Likely to churn,0.7213930348258707,2026-08-19
9220-ZNKJI,0.0,Unlikely to churn,1.0,2026-08-19
4030-VPZBD,1.0,Likely to churn,1.0,2026-08-19
2226-ICFDO,0.0,Unlikely to churn,1.0,2026-08-19
0723-VSOBE,0.09430604982206406,Unlikely to churn,0.905693950177936,2026-08-19
5529-GIBVH,0.016241299303944315,Unlikely to churn,0.9837587006960556,2026-08-19
4187-CINZD,0.057692307692307696,Unlikely to churn,0.9423076923076923,2026-08-19
9992-UJOEL,1.0,Likely to churn,1.0,2026-08-19
4741-WWJQZ,0.7213930348258707,Likely to churn,0.7213930348258707,2026-08-19
6625-UTXEW,0.5149700598802395,Likely to churn,0.5149700598802395,2026-08-19
6818-WOBHJ,0.175,Unlikely to churn,0.825,2026-08-19
6244-BESBM,0.10679611650485436,Unlikely to churn,0.8932038834951457,2026-08-19
1004-NOZNR,0.057692307692307696,Unlikely to churn,0.9423076923076923,2026-08-19
1251-STYSZ,0.7213930348258707,Likely to churn,0.7213930348258707,2026-08-19
2612-PHGOX,0.016241299303944315,Unlikely to churn,0.9837587006960556,2026-08-19
2408-TZMJL,0.057692307692307696,Unlikely to churn,0.9423076923076923,2026-08-19
8480-PPONV,0.10679611650485436,Unlikely to churn,0.8932038834951457,2026-08-19
8780-IHCRN,0.016241299303944315,Unlikely to churn,0.9837587006960556,2026-08-19
4598-ZADCK,0.09430604982206406,Unlikely to churn,0.905693950177936,2026-08-19
1257-SXUXQ,1.0,Likely to churn,1.0,2026-08-19
9681-KYGYB,0.5050301810865191,Likely to churn,0.5050301810865191,2026-08-19
7182-OVLBJ,0.10679611650485436,Unlikely to churn,0.8932038834951457,2026-08-19
5095-ETBRJ,0.016241299303944315,Unlikely to churn,0.9837587006960556,2026-08-19
7005-CYUIL,0.10679611650485436,Unlikely to churn,0.8932038834951457,2026-08-19
4821-WQOYN,0.016241299303944315,Unlikely to churn,0.9837587006960556,2026-08-19
4730-AWNAU,0.09430604982206406,Unlikely to churn,0.905693950177936,2026-08-19
3452-FLHYD,1.0,Likely to churn,1.0,2026-08-19
2388-LAESQ,0.0,Unlikely to churn,1.0,2026-08-19
9531-NSBMR,1.0,Likely to churn,1.0,2026-08-19
6260-ONULR,1.0,Likely to churn,1.0,2026-08-19
4389-UEFCZ,0.10679611650485436,Unlikely to churn,0.8932038834951457,2026-08-19
8711-LOBKY,0.016241299303944315,Unlikely to churn,0.9837587006960556,2026-08-19
9134-CEQMF,0.7213930348258707,Likely to churn,0.7213930348258707,2026-08-19
8985-OOPOS,0.09430604982206406,Unlikely to churn,0.905693950177936,2026-08-19
8800-ZKRFW,0.5050301810865191,Likely to churn,0.5050301810865191,2026-08-19
2616-FLVQC,0.016241299303944315,Unlikely to churn,0.9837587006960556,2026-08-19
9968-FFVVH,0.09430604982206406,Unlikely to churn,0.905693950177936,2026-08-19
3108-PCCGG,0.0,Unlikely to churn,1.0,2026-08-19
7993-PYKOF,0.5149700598802395,Likely to churn,0.5149700598802395,2026-08-19
8390-FESFV,0.0,Unlikely to churn,1.0,2026-08-19
3022-BEXHZ,0.10679611650485436,Unlikely to churn,0.8932038834951457,2026-08-19
5027-XWQHA,0.5149700598802395,Likely to churn,0.5149700598802395,2026-08-19
6248-TKCQV,0.0,Unlikely to churn,1.0,2026-08-19
6729-GDNGC,0.5050301810865191,Likely to churn,0.5050301810865191,2026-08-19
6198-ZFIOJ,0.5149700598802395,Likely to churn,0.5149700598802395,2026-08-19
5989-OMNJE,0.09430604982206406,Unlikely to churn,0.905693950177936,2026-08-19
4566-QVRRW,0.5149700598802395,Likely to churn,0.5149700598802395,2026-08-19
1291-CUOCY,0.0,Unlikely to churn,1.0,2026-08-19
9795-SHUHB,0.016241299303944315,Unlikely to churn,0.9837587006960556,2026-08-19
3230-IUALN,0.0,Unlikely to churn,1.0,2026-08-19
0042-RLHYP,0.016241299303944315,Unlikely to churn,0.9837587006960556,2026-08-19
8519-IMDHU,0.5050301810865191,Likely to churn,0.5050301810865191,2026-08-19
4945-RVMTE,0.5050301810865191,Likely to churn,0.5050301810865191,2026-08-19
0201-OAMXR,0.057692307692307696,Unlikely to churn,0.9423076923076923,2026-08-19
1866-NXPSP,0.09430604982206406,Unlikely to churn,0.905693950177936,2026-08-19
3372-KWFBM,0.5050301810865191,Likely to churn,0.5050301810865191,2026-08-19
7831-QGOXH,0.5050301810865191,Likely to churn,0.5050301810865191,2026-08-19
6393-WRYZE,0.5050301810865191,Likely to churn,0.5050301810865191,2026-08-19
3941-XTSKM,0.09430604982206406,Unlikely to churn,0.905693950177936,2026-08-19
1661-CZBAU,0.09430604982206406,Unlikely to churn,0.905693950177936,2026-08-19
6599-RCLCJ,0.5050301810865191,Likely to churn,0.5050301810865191,2026-08-19
9831-BPFRI,0.09430604982206406,Unlikely to churn,0.905693950177936,2026-08-19
5158-RIVOP,0.016241299303944315,Unlikely to churn,0.9837587006960556,2026-08-19
9788-YTFGE,0.5149700598802395,Likely to churn,0.5149700598802395,2026-08-19
9277-JOOMO,1.0,Likely to churn,1.0,2026-08-19
1907-YLNYW,0.5149700598802395,Likely to churn,0.5149700598802395,2026-08-19
1725-MIMXW,1.0,Likely to churn,1.0,2026-08-19
8947-YRTDV,0.2857142857142857,Unlikely to churn,0.7142857142857143,2026-08-19
3161-ONRWK,0.09430604982206406,Unlikely to churn,0.905693950177936,2026-08-19
0114-RSRRW,0.5149700598802395,Likely to churn,0.5149700598802395,2026-08-19
4565-NLZBV,0.016241299303944315,Unlikely to churn,0.9837587006960556,2026-08-19
0031-PVLZI,1.0,Likely to churn,1.0,2026-08-19
7206-GZCDC,1.0,Likely to churn,1.0,2026-08-19
6682-VCIXC,0.09430604982206406,Unlikely to churn,0.905693950177936,2026-08-19
4791-QRGMF,0.057692307692307696,Unlikely to churn,0.9423076923076923,2026-08-19
6475-VHUIZ,0.5050301810865191,Likely to churn,0.5050301810865191,2026-08-19
3910-MRQOY,0.016241299303944315,Unlikely to churn,0.9837587006960556,2026-08-19
0661-WCQNQ,0.09430604982206406,Unlikely to churn,0.905693950177936,2026-08-19
7537-RBWEA,1.0,Likely to churn,1.0,2026-08-19
4656-CAURT,0.016241299303944315,Unlikely to churn,0.9837587006960556,2026-08-19
0121-SNYRK,0.09430604982206406,Unlikely to churn,0.905693950177936,2026-08-19
1768-ZAIFU,1.0,Likely to churn,1.0,2026-08-19
4671-LXRDQ,1.0,Likely to churn,1.0,2026-08-19
3733-LSYCE,0.5050301810865191,Likely to churn,0.5050301810865191,2026-08-19
6265-FRMTQ,0.016241299303944315,Unlikely to churn,0.9837587006960556,2026-08-19
1934-SJVJK,1.0,Likely to churn,1.0,2026-08-19
3838-OZURD,0.35384615384615387,Unlikely to churn,0.6461538461538461,2026-08-19
1371-DWPAZ,0.016241299303944315,Unlikely to churn,0.9837587006960556,2026-08-19
9269-CQOOL,0.5149700598802395,Likely to churn,0.5149700598802395,2026-08-19
2017-CCBLH,0.016241299303944315,Unlikely to churn,0.9837587006960556,2026-08-19
7690-KPNCU,0.09430604982206406,Unlikely to churn,0.905693950177936,2026-08-19
0536-BGFMZ,0.5050301810865191,Likely to churn,0.5050301810865191,2026-08-19
2293-IJWPS,0.057692307692307696,Unlikely to churn,0.9423076923076923,2026-08-19
2845-HSJCY,0.5050301810865191,Likely to churn,0.5050301810865191,2026-08-19
5469-NUJUR,0.016241299303944315,Unlikely to churn,0.9837587006960556,2026-08-19
1184-PJVDB,0.7213930348258707,Likely to churn,0.7213930348258707,2026-08-19
2625-TRCZQ,0.5050301810865191,Likely to churn,0.5050301810865191,2026-08-19
4102-HLENU,0.016241299303944315,Unlikely to churn,0.9837587006960556,2026-08-19
7266-GSSJX,0.5149700598802395,Likely to churn,0.5149700598802395,2026-08-19
7722-VJRQD,0.016241299303944315,Unlikely to churn,0.9837587006960556,2026-08-19
7073-QETQY,1.0,Likely to churn,1.0,2026-08-19
9415-DPEWS,0.5050301810865191,Likely to churn,0.5050301810865191,2026-08-19
5624-RYAMH,0.5149700598802395,Likely to churn,0.5149700598802395,2026-08-19
0196-JTUQI,0.5149700598802395,Likely to churn,0.5149700598802395,2026-08-19
7130-YXBRO,0.5050301810865191,Likely to churn,0.5050301810865191,2026-08-19
9272-LSVYH,0.5149700598802395,Likely to churn,0.5149700598802395,2026-08-19
7943-RQCHR,0.7213930348258707,Likely to churn,0.7213930348258707,2026-08-19
3793-MMFUH,0.7213930348258707,Likely to churn,0.7213930348258707,2026-08-19
3249-ZPQRG,0.7213930348258707,Likely to churn,0.7213930348258707,2026-08-19
2568-BRGYX,0.5149700598802395,Likely to churn,0.5149700598802395,2026-08-19
3084-DOWLE,0.0,Unlikely to churn,1.0,2026-08-19
1084-MNSMJ,0.0,Unlikely to churn,1.0,2026-08-19
7721-JXEAW,0.175,Unlikely to churn,0.825,2026-08-19
7249-WBIYX,0.7213930348258707,Likely to churn,0.7213930348258707,2026-08-19
4238-HFHSN,0.175,Unlikely to churn,0.825,2026-08-19
6250-CGGUN,0.09430604982206406,Unlikely to churn,0.905693950177936,2026-08-19
5478-JJVZK,0.5050301810865191,Likely to churn,0.5050301810865191,2026-08-19
7596-IIWYC,0.016241299303944315,Unlikely to churn,0.9837587006960556,2026-08-19
6567-HOOPW,0.825,Likely to churn,0.825,2026-08-19
9793-WECQC,0.5050301810865191,Likely to churn,0.5050301810865191,2026-08-19
4291-HPAXL,1.0,Likely to churn,1.0,2026-08-19
8999-YPYBV,0.0,Unlikely to churn,1.0,2026-08-19
1839-FBNFR,0.016241299303944315,Unlikely to churn,0.9837587006960556,2026-08-19
3164-AALRN,0.09430604982206406,Unlikely to churn,0.905693950177936,2026-08-19
3071-MVJCD,0.0,Unlikely to churn,1.0,2026-08-19
1697-BCSHV,0.175,Unlikely to churn,0.825,2026-08-19
0562-KBDVM,0.016241299303944315,Unlikely to churn,0.9837587006960556,2026-08-19
1131-SUEKT,0.057692307692307696,Unlikely to churn,0.9423076923076923,2026-08-19
3717-OEAUQ,0.5149700598802395,Likely to churn,0.5149700598802395,2026-08-19
4538-WNTMJ,0.09430604982206406,Unlikely to churn,0.905693950177936,2026-08-19
3334-CTHOL,1.0,Likely to churn,1.0,2026-08-19
4704-ERYFC,0.5050301810865191,Likely to churn,0.5050301810865191,2026-08-19
9432-RUVSL,0.10679611650485436,Unlikely to churn,0.8932038834951457,2026-08-19
8060-HIWJJ,0.0,Unlikely to churn,1.0,2026-08-19
7684-XSZIY,0.016241299303944315,Unlikely to churn,0.9837587006960556,2026-08-19
9089-UOWJG,0.5149700598802395,Likely to churn,0.5149700598802395,2026-08-19
8621-MNIHH,0.5050301810865191,Likely to churn,0.5050301810865191,2026-08-19
8039-ACLPL,0.016241299303944315,Unlikely to churn,0.9837587006960556,2026-08-19
9885-AIBVB,0.5050301810865191,Likely to churn,0.5050301810865191,2026-08-19
1934-MKPXS,1.0,Likely to churn,1.0,2026-08-19
2592-YKDIF,1.0,Likely to churn,1.0,2026-08-19
2272-JKMSI,0.057692307692307696,Unlikely to churn,0.9423076923076923,2026-08-19
0471-LVHGK,0.09430604982206406,Unlikely to churn,0.905693950177936,2026-08-19
9518-RWHZL,0.057692307692307696,Unlikely to churn,0.9423076923076923,2026-08-19
8714-CTZJW,0.7213930348258707,Likely to churn,0.7213930348258707,2026-08-19
3569-EDBPQ,0.5050301810865191,Likely to churn,0.5050301810865191,2026-08-19
3131-NWVFJ,1.0,Likely to churn,1.0,2026-08-19
7521-YXVZY,1.0,Likely to churn,1.0,2026-08-19
5419-CONWX,0.7213930348258707,Likely to churn,0.7213930348258707,2026-08-19
6240-EURKS,0.5050301810865191,Likely to churn,0.5050301810865191,2026-08-19
2373-NTKOD,0.5149700598802395,Likely to churn,0.5149700598802395,2026-08-19
1970-KKFWL,0.016241299303944315,Unlikely to churn,0.9837587006960556,2026-08-19
6960-HVYXR,0.825,Likely to churn,0.825,2026-08-19
9337-SRRNI,0.016241299303944315,Unlikely to churn,0.9837587006960556,2026-08-19
0895-UADGO,0.016241299303944315,Unlikely to churn,0.9837587006960556,2026-08-19
5678-VFNEQ,0.057692307692307696,Unlikely to churn,0.9423076923076923,2026-08-19
5977-CKHON,0.5050301810865191,Likely to churn,0.5050301810865191,2026-08-19
7024-OHCCK,0.7213930348258707,Likely to churn,0.7213930348258707,2026-08-19
2692-BUCFV,0.5050301810865191,Likely to churn,0.5050301810865191,2026-08-19
7861-UVUFT,0.5050301810865191,Likely to churn,0.5050301810865191,2026-08-19
1830-GGFNM,0.10679611650485436,Unlikely to churn,0.8932038834951457,2026-08-19
5302-BDJNT,0.5050301810865191,Likely to churn,0.5050301810865191,2026-08-19
5223-UZAVK,0.057692307692307696,Unlikely to churn,0.9423076923076923,2026-08-19
4859-ZSRDZ,0.016241299303944315,Unlikely to churn,0.9837587006960556,2026-08-19
5651-WYIPH,0.5050301810865191,Likely to churn,0.5050301810865191,2026-08-19
9350-VLHMB,0.175,Unlikely to churn,0.825,2026-08-19
3498-LZGQZ,0.016241299303944315,Unlikely to churn,0.9837587006960556,2026-08-19
8785-CJSHH,0.35384615384615387,Unlikely to churn,0.6461538461538461,2026-08-19
5357-TZHPP,0.7213930348258707,Likely to churn,0.7213930348258707,2026-08-19
3870-SPZSI,0.0,Unlikely to churn,1.0,2026-08-19
0680-DFNNY,0.5050301810865191,Likely to churn,0.5050301810865191,2026-08-19
7560-QRBXH,1.0,Likely to churn,1.0,2026-08-19
7077-XJMET,0.5149700598802395,Likely to churn,0.5149700598802395,2026-08-19
8752-GHJFU,0.09430604982206406,Unlikely to churn,0.905693950177936,2026-08-19
6896-SRVYQ,0.5050301810865191,Likely to churn,0.5050301810865191,2026-08-19
7767-UXAGJ,1.0,Likely to churn,1.0,2026-08-19
4652-ODEVH,0.016241299303944315,Unlikely to churn,0.9837587006960556,2026-08-19
6510-UPNKS,0.09430604982206406,Unlikely to churn,0.905693950177936,2026-08-19
6718-BDGHG,0.09430604982206406,Unlikely to churn,0.905693950177936,2026-08-19
9046-DQMTP,0.5050301810865191,Likely to churn,0.5050301810865191,2026-08-19
6439-LAJXL,0.5149700598802395,Likely to churn,0.5149700598802395,2026-08-19
1571-SAVHK,0.7213930348258707,Likely to churn,0.7213930348258707,2026-08-19
9052-VKDUW,0.35384615384615387,Unlikely to churn,0.6461538461538461,2026-08-19
9546-CQJSU,0.7213930348258707,Likely to churn,0.7213930348258707,2026-08-19
1666-JZPZT,0.5050301810865191,Likely to churn,0.5050301810865191,2026-08-19
5777-KJIRB,0.09430604982206406,Unlikely to churn,0.905693950177936,2026-08-19
0506-LVNGN,0.5149700598802395,Likely to churn,0.5149700598802395,2026-08-19
7677-SJJJK,1.0,Likely to churn,1.0,2026-08-19
2480-EJWYP,0.057692307692307696,Unlikely to churn,0.9423076923076923,2026-08-19
3253-HKOKL,0.057692307692307696,Unlikely to churn,0.9423076923076923,2026-08-19
7055-HNEOJ,0.5149700598802395,Likely to churn,0.5149700598802395,2026-08-19
5514-YQENT,0.10679611650485436,Unlikely to churn,0.8932038834951457,2026-08-19
3211-AAPKX,0.5050301810865191,Likely to churn,0.5050301810865191,2026-08-19
8445-DNBAE,1.0,Likely to churn,1.0,2026-08-19
2951-QOQTK,0.7213930348258707,Likely to churn,0.7213930348258707,2026-08-19
2958-NHPPS,0.5050301810865191,Likely to churn,0.5050301810865191,2026-08-19
6806-YDEUL,1.0,Likely to churn,1.0,2026-08-19
1735-XMJVH,0.5149700598802395,Likely to churn,0.5149700598802395,2026-08-19
6890-PFRQX,0.5050301810865191,Likely to churn,0.5050301810865191,2026-08-19
0222-CNVPT,0.5050301810865191,Likely to churn,0.5050301810865191,2026-08-19
5899-OUVKV,0.5050301810865191,Likely to churn,0.5050301810865191,2026-08-19
8681-ICONS,0.5050301810865191,Likely to churn,0.5050301810865191,2026-08-19
1621-YNCJH,0.10679611650485436,Unlikely to churn,0.8932038834951457,2026-08-19
3473-XIIIT,0.5050301810865191,Likely to churn,0.5050301810865191,2026-08-19
6362-QHAFM,0.057692307692307696,Unlikely to churn,0.9423076923076923,2026-08-19
7893-IXHRQ,1.0,Likely to churn,1.0,2026-08-19
3070-BDOQC,0.10679611650485436,Unlikely to churn,0.8932038834951457,2026-08-19
2952-QAYZF,0.7213930348258707,Likely to churn,0.7213930348258707,2026-08-19
6234-PFPXL,0.5050301810865191,Likely to churn,0.5050301810865191,2026-08-19
9824-QCJPK,1.0,Likely to churn,1.0,2026-08-19
4763-PGDPO,0.5149700598802395,Likely to churn,0.5149700598802395,2026-08-19
4283-IVYCI,0.5149700598802395,Likely to churn,0.5149700598802395,2026-08-19
1866-OBPNR,0.825,Likely to churn,0.825,2026-08-19
8205-MQUGY,0.5149700598802395,Likely to churn,0.5149700598802395,2026-08-19
8970-ANWXO,0.09430604982206406,Unlikely to churn,0.905693950177936,2026-08-19
9480-BQJEI,0.09430604982206406,Unlikely to churn,0.905693950177936,2026-08-19
5394-SVGJV,0.5050301810865191,Likely to churn,0.5050301810865191,2026-08-19
6979-TNDEU,0.5149700598802395,Likely to churn,0.5149700598802395,2026-08-19
9777-WJJPR,0.5050301810865191,Likely to churn,0.5050301810865191,2026-08-19
9283-LZQOH,0.5149700598802395,Likely to churn,0.5149700598802395,2026-08-19
7079-QRCBC,0.5050301810865191,Likely to churn,0.5050301810865191,2026-08-19
9495-SKLKD,0.5050301810865191,Likely to churn,0.5050301810865191,2026-08-19
6048-UWKAL,0.10679611650485436,Unlikely to churn,0.8932038834951457,2026-08-19
5067-DGXLL,1.0,Likely to churn,1.0,2026-08-19
5469-CTCWN,0.057692307692307696,Unlikely to churn,0.9423076923076923,2026-08-19
9851-QXEEQ,0.5050301810865191,Likely to churn,0.5050301810865191,2026-08-19
6281-FKEWS,0.09430604982206406,Unlikely to churn,0.905693950177936,2026-08-19
8898-KASCD,0.09430604982206406,Unlikely to churn,0.905693950177936,2026-08-19
9242-TKFSV,0.016241299303944315,Unlikely to churn,0.9837587006960556,2026-08-19
9290-SHCMB,0.7213930348258707,Likely to churn,0.7213930348258707,2026-08-19
0743-HNPFG,0.09430604982206406,Unlikely to churn,0.905693950177936,2026-08-19
2277-BKJKN,0.10679611650485436,Unlikely to churn,0.8932038834951457,2026-08-19
9809-IMGCQ,0.5050301810865191,Likely to churn,0.5050301810865191,2026-08-19
5208-HFSBT,1.0,Likely to churn,1.0,2026-08-19
5035-PGZXH,0.057692307692307696,Unlikely to churn,0.9423076923076923,2026-08-19
8695-WDYEA,1.0,Likely to churn,1.0,2026-08-19
6543-JXSOO,0.09430604982206406,Unlikely to churn,0.905693950177936,2026-08-19
8016-ZMGMO,0.09430604982206406,Unlikely to churn,0.905693950177936,2026-08-19
8605-ITULD,1.0,Likely to churn,1.0,2026-08-19
3254-YRILK,0.5050301810865191,Likely to churn,0.5050301810865191,2026-08-19
6416-YJTTB,0.7213930348258707,Likely to churn,0.7213930348258707,2026-08-19
2667-WYLWJ,1.0,Likely to churn,1.0,2026-08-19
4472-VESGY,0.5050301810865191,Likely to churn,0.5050301810865191,2026-08-19
3195-TQDZX,1.0,Likely to churn,1.0,2026-08-19
3128-YOVTD,0.5050301810865191,Likely to churn,0.5050301810865191,2026-08-19
0529-ONKER,0.5050301810865191,Likely to churn,0.5050301810865191,2026-08-19
1728-CXQBE,0.175,Unlikely to churn,0.825,2026-08-19
7041-TXQJH,0.5050301810865191,Likely to churn,0.5050301810865191,2026-08-19
5014-GSOUQ,0.016241299303944315,Unlikely to churn,0.9837587006960556,2026-08-19
5724-BIDBU,0.09430604982206406,Unlikely to churn,0.905693950177936,2026-08-19
0481-SUMCB,0.057692307692307696,Unlikely to churn,0.9423076923076923,2026-08-19
1769-GRUIK,0.5050301810865191,Likely to churn,0.5050301810865191,2026-08-19
5240-IJOQT,0.825,Likely to churn,0.825,2026-08-19
8819-WFGGJ,0.016241299303944315,Unlikely to churn,0.9837587006960556,2026-08-19
7427-AUFPY,0.016241299303944315,Unlikely to churn,0.9837587006960556,2026-08-19
2811-POVEX,0.5050301810865191,Likely to churn,0.5050301810865191,2026-08-19
1092-GANHU,0.5050301810865191,Likely to churn,0.5050301810865191,2026-08-19
7898-PDWQE,0.016241299303944315,Unlikely to churn,0.9837587006960556,2026-08-19
9972-EWRJS,0.016241299303944315,Unlikely to churn,0.9837587006960556,2026-08-19
9314-IJWSQ,0.5050301810865191,Likely to churn,0.5050301810865191,2026-08-19
0661-XEYAN,1.0,Likely to churn,1.0,2026-08-19
5799-JRCZO,0.016241299303944315,Unlikely to churn,0.9837587006960556,2026-08-19
1921-KYSAY,0.09430604982206406,Unlikely to churn,0.905693950177936,2026-08-19
6198-RTPMF,0.5050301810865191,Likely to churn,0.5050301810865191,2026-08-19
2924-KHUVI,0.057692307692307696,Unlikely to churn,0.9423076923076923,2026-08-19
1925-GMVBW,1.0,Likely to churn,1.0,2026-08-19
7881-EVUAD,1.0,Likely to churn,1.0,2026-08-19
6184-DYUOB,1.0,Likely to churn,1.0,2026-08-19
9207-ZPANB,0.09430604982206406,Unlikely to churn,0.905693950177936,2026-08-19
5766-XQXMQ,0.5050301810865191,Likely to churn,0.5050301810865191,2026-08-19
9327-QSDED,0.5149700598802395,Likely to churn,0.5149700598802395,2026-08-19
1656-DRSMG,0.35384615384615387,Unlikely to churn,0.6461538461538461,2026-08-19
3012-VFFMN,0.5149700598802395,Likely to churn,0.5149700598802395,2026-08-19
2984-AFWNC,0.7213930348258707,Likely to churn,0.7213930348258707,2026-08-19
0640-YJTPY,0.016241299303944315,Unlikely to churn,0.9837587006960556,2026-08-19
8096-LOIST,0.5050301810865191,Likely to churn,0.5050301810865191,2026-08-19
9764-REAFF,0.016241299303944315,Unlikely to churn,0.9837587006960556,2026-08-19
3703-VAVCL,0.7213930348258707,Likely to churn,0.7213930348258707,2026-08-19
7107-UBYKY,0.5050301810865191,Likely to churn,0.5050301810865191,2026-08-19
4881-GQJTW,0.5050301810865191,Likely to churn,0.5050301810865191,2026-08-19
8519-QJGJD,0.5050301810865191,Likely to churn,0.5050301810865191,2026-08-19
7876-DNYAP,0.016241299303944315,Unlikely to churn,0.9837587006960556,2026-08-19
7905-NJMXS,0.5149700598802395,Likely to churn,0.5149700598802395,2026-08-19
2882-WDTBA,0.016241299303944315,Unlikely to churn,0.9837587006960556,2026-08-19
2091-GPPIQ,0.016241299303944315,Unlikely to churn,0.9837587006960556,2026-08-19
6326-MTTXK,0.7213930348258707,Likely to churn,0.7213930348258707,2026-08-19
5071-FBJFS,0.5149700598802395,Likely to churn,0.5149700598802395,2026-08-19
2796-UUZZO,0.175,Unlikely to churn,0.825,2026-08-19
2429-AYKKO,0.016241299303944315,Unlikely to churn,0.9837587006960556,2026-08-19
9798-OPFEM,0.016241299303944315,Unlikely to churn,0.9837587006960556,2026-08-19
0330-IVZHA,0.5149700598802395,Likely to churn,0.5149700598802395,2026-08-19
3794-NFNCH,0.5050301810865191,Likely to churn,0.5050301810865191,2026-08-19
5193-QLVZB,0.10679611650485436,Unlikely to churn,0.8932038834951457,2026-08-19
7114-AEOZE,0.016241299303944315,Unlikely to churn,0.9837587006960556,2026-08-19
2886-KEFUM,0.057692307692307696,Unlikely to churn,0.9423076923076923,2026-08-19
5522-NYKPB,0.5050301810865191,Likely to churn,0.5050301810865191,2026-08-19
4237-RLAQD,1.0,Likely to churn,1.0,2026-08-19
9957-YODKZ,0.7213930348258707,Likely to churn,0.7213930348258707,2026-08-19
6518-KZXCB,0.016241299303944315,Unlikely to churn,0.9837587006960556,2026-08-19
2245-ADZFJ,1.0,Likely to churn,1.0,2026-08-19
7776-QGYJC,0.5050301810865191,Likely to churn,0.5050301810865191,2026-08-19
9313-QOLTZ,0.5050301810865191,Likely to churn,0.5050301810865191,2026-08-19
9651-GTSAQ,0.057692307692307696,Unlikely to churn,0.9423076923076923,2026-08-19
3186-BAXNB,0.825,Likely to churn,0.825,2026-08-19
4672-FOTSD,0.5149700598802395,Likely to churn,0.5149700598802395,2026-08-19
0637-YLETY,0.5050301810865191,Likely to churn,0.5050301810865191,2026-08-19
9818-XQCUV,1.0,Likely to churn,1.0,2026-08-19
7338-ERIVA,0.09430604982206406,Unlikely to churn,0.905693950177936,2026-08-19
1157-BQCUW,0.825,Likely to churn,0.825,2026-08-19
8259-NFJTV,0.5149700598802395,Likely to churn,0.5149700598802395,2026-08-19
3223-DWFIO,0.5149700598802395,Likely to churn,0.5149700598802395,2026-08-19
2660-EMUBI,0.7213930348258707,Likely to churn,0.7213930348258707,2026-08-19
6968-GMKPR,0.175,Unlikely to churn,0.825,2026-08-19
4751-ERMAN,0.016241299303944315,Unlikely to churn,0.9837587006960556,2026-08-19
1436-ZMJAN,0.5149700598802395,Likely to churn,0.5149700598802395,2026-08-19
3292-PBZEJ,0.7213930348258707,Likely to churn,0.7213930348258707,2026-08-19
0799-DDIHE,0.5050301810865191,Likely to churn,0.5050301810865191,2026-08-19
3070-FNFZQ,0.016241299303944315,Unlikely to churn,0.9837587006960556,2026-08-19
2812-SFXMJ,1.0,Likely to churn,1.0,2026-08-19
7675-OZCZG,0.5149700598802395,Likely to churn,0.5149700598802395,2026-08-19
5014-WUQMG,0.057692307692307696,Unlikely to churn,0.9423076923076923,2026-08-19
5312-TSZVC,1.0,Likely to churn,1.0,2026-08-19
2003-CKLOR,0.35384615384615387,Unlikely to churn,0.6461538461538461,2026-08-19
0993-OSGPT,0.09430604982206406,Unlikely to churn,0.905693950177936,2026-08-19
9254-RBFON,0.2857142857142857,Unlikely to churn,0.7142857142857143,2026-08-19
1205-WNWPJ,0.5149700598802395,Likely to churn,0.5149700598802395,2026-08-19
9391-EOYLI,0.7213930348258707,Likely to churn,0.7213930348258707,2026-08-19
7108-DGVUU,0.09430604982206406,Unlikely to churn,0.905693950177936,2026-08-19
2782-JEEBU,0.5050301810865191,Likely to churn,0.5050301810865191,2026-08-19
5127-BZENZ,0.09430604982206406,Unlikely to churn,0.905693950177936,2026-08-19
2720-FVBQP,0.5149700598802395,Likely to churn,0.5149700598802395,2026-08-19
9906-NHHVC,0.016241299303944315,Unlikely to churn,0.9837587006960556,2026-08-19
4522-XRWWI,0.09430604982206406,Unlikely to churn,0.905693950177936,2026-08-19
3766-EJLFL,0.10679611650485436,Unlikely to churn,0.8932038834951457,2026-08-19
5939-SXWHM,0.016241299303944315,Unlikely to churn,0.9837587006960556,2026-08-19
8152-UOBNY,0.057692307692307696,Unlikely to churn,0.9423076923076923,2026-08-19
7351-KYHQH,0.5149700598802395,Likely to churn,0.5149700598802395,2026-08-19
7643-RCHXS,0.016241299303944315,Unlikely to churn,0.9837587006960556,2026-08-19
8246-SHFGA,0.5050301810865191,Likely to churn,0.5050301810865191,2026-08-19
8387-MOJJT,0.5050301810865191,Likely to churn,0.5050301810865191,2026-08-19
0620-XEFWH,1.0,Likely to churn,1.0,2026-08-19
6485-QXWWE,0.016241299303944315,Unlikely to churn,0.9837587006960556,2026-08-19
2761-OCIAX,0.5149700598802395,Likely to churn,0.5149700598802395,2026-08-19
7321-VGNKU,0.5149700598802395,Likely to churn,0.5149700598802395,2026-08-19
5327-CNLUQ,0.10679611650485436,Unlikely to churn,0.8932038834951457,2026-08-19
7552-KEYGT,0.016241299303944315,Unlikely to churn,0.9837587006960556,2026-08-19
5816-JMLGY,0.016241299303944315,Unlikely to churn,0.9837587006960556,2026-08-19
3068-OMWZA,0.825,Likely to churn,0.825,2026-08-19
2927-QRRQV,0.057692307692307696,Unlikely to churn,0.9423076923076923,2026-08-19
6032-KRXXO,0.5050301810865191,Likely to churn,0.5050301810865191,2026-08-19
7459-RRWQZ,0.5050301810865191,Likely to churn,0.5050301810865191,2026-08-19
6265-SXWBU,0.057692307692307696,Unlikely to churn,0.9423076923076923,2026-08-19
7941-RCJOW,0.016241299303944315,Unlikely to churn,0.9837587006960556,2026-08-19
6374-NTQLP,0.10679611650485436,Unlikely to churn,0.8932038834951457,2026-08-19
4154-AQUGT,0.7213930348258707,Likely to churn,0.7213930348258707,2026-08-19
2387-KDZQY,1.0,Likely to churn,1.0,2026-08-19
3584-WKTTW,0.057692307692307696,Unlikely to churn,0.9423076923076923,2026-08-19
3399-BMLVW,0.016241299303944315,Unlikely to churn,0.9837587006960556,2026-08-19
1971-DTCZB,0.0,Unlikely to churn,1.0,2026-08-19
3092-IGHWF,0.09430604982206406,Unlikely to churn,0.905693950177936,2026-08-19
3374-PZLXD,0.5050301810865191,Likely to churn,0.5050301810865191,2026-08-19
3813-DHBBB,0.016241299303944315,Unlikely to churn,0.9837587006960556,2026-08-19
2812-REYAT,1.0,Likely to churn,1.0,2026-08-19
6518-PPLMZ,0.016241299303944315,Unlikely to churn,0.9837587006960556,2026-08-19
4939-KYYPY,0.5050301810865191,Likely to churn,0.5050301810865191,2026-08-19
8017-LXHFA,0.5050301810865191,Likely to churn,0.5050301810865191,2026-08-19
5930-GBIWP,0.0,Unlikely to churn,1.0,2026-08-19
6022-KOUQO,1.0,Likely to churn,1.0,2026-08-19
6352-TWCAU,0.5050301810865191,Likely to churn,0.5050301810865191,2026-08-19
2361-UPSND,0.09430604982206406,Unlikely to churn,0.905693950177936,2026-08-19
6035-RIIOM,0.10679611650485436,Unlikely to churn,0.8932038834951457,2026-08-19
2929-QNSRW,0.057692307692307696,Unlikely to churn,0.9423076923076923,2026-08-19
1262-OPMFY,0.5149700598802395,Likely to churn,0.5149700598802395,2026-08-19
9504-DSHWM,0.5050301810865191,Likely to churn,0.5050301810865191,2026-08-19
5035-BVCXS,0.5149700598802395,Likely to churn,0.5149700598802395,2026-08-19
6267-DCFFZ,0.5050301810865191,Likely to churn,0.5050301810865191,2026-08-19
3533-UVMOM,0.016241299303944315,Unlikely to churn,0.9837587006960556,2026-08-19
2439-LYPMQ,0.5050301810865191,Likely to churn,0.5050301810865191,2026-08-19
4248-QPAVC,0.5050301810865191,Likely to churn,0.5050301810865191,2026-08-19
1899-VXWXM,0.057692307692307696,Unlikely to churn,0.9423076923076923,2026-08-19
1478-VPOAD,1.0,Likely to churn,1.0,2026-08-19
9995-HOTOH,0.016241299303944315,Unlikely to churn,0.9837587006960556,2026-08-19
2988-PLAHS,0.09430604982206406,Unlikely to churn,0.905693950177936,2026-08-19
1371-OJCEK,0.09430604982206406,Unlikely to churn,0.905693950177936,2026-08-19
4999-IEZLT,0.09430604982206406,Unlikely to churn,0.905693950177936,2026-08-19
8883-ANODQ,0.0,Unlikely to churn,1.0,2026-08-19
4690-LLKUA,0.5050301810865191,Likely to churn,0.5050301810865191,2026-08-19
2351-RRBUE,1.0,Likely to churn,1.0,2026-08-19
5980-BDHPY,0.0,Unlikely to churn,1.0,2026-08-19
1498-DQNRX,0.5050301810865191,Likely to churn,0.5050301810865191,2026-08-19
9469-WEJBT,0.5050301810865191,Likely to churn,0.5050301810865191,2026-08-19
3331-HQDTW,0.5050301810865191,Likely to churn,0.5050301810865191,2026-08-19
9490-DFPMD,0.5050301810865191,Likely to churn,0.5050301810865191,2026-08-19
2581-VKIRT,0.09430604982206406,Unlikely to churn,0.905693950177936,2026-08-19
5442-XSDCW,0.7213930348258707,Likely to churn,0.7213930348258707,2026-08-19
7426-WEIJX,0.175,Unlikely to churn,0.825,2026-08-19
2851-MMUTZ,0.5050301810865191,Likely to churn,0.5050301810865191,2026-08-19
3049-NDXFL,0.825,Likely to churn,0.825,2026-08-19
8580-AECUZ,0.825,Likely to churn,0.825,2026-08-19
3307-TLCUD,0.5050301810865191,Likely to churn,0.5050301810865191,2026-08-19
6625-FLENO,0.016241299303944315,Unlikely to churn,0.9837587006960556,2026-08-19
2967-MXRAV,1.0,Likely to churn,1.0,2026-08-19
7963-GQRMY,0.5149700598802395,Likely to churn,0.5149700598802395,2026-08-19
8189-HBVRW,0.5050301810865191,Likely to churn,0.5050301810865191,2026-08-19
4163-KIUHY,0.5050301810865191,Likely to churn,0.5050301810865191,2026-08-19
1228-FZFRV,0.5050301810865191,Likely to churn,0.5050301810865191,2026-08-19
3500-NSDOA,0.016241299303944315,Unlikely to churn,0.9837587006960556,2026-08-19
1171-TYKUR,0.5050301810865191,Likely to churn,0.5050301810865191,2026-08-19
3761-FLYZI,0.35384615384615387,Unlikely to churn,0.6461538461538461,2026-08-19
2058-DCJBE,0.5149700598802395,Likely to churn,0.5149700598802395,2026-08-19
5364-XYIRR,0.5050301810865191,Likely to churn,0.5050301810865191,2026-08-19
4829-AUOAX,0.5050301810865191,Likely to churn,0.5050301810865191,2026-08-19
1219-NNDDO,0.5149700598802395,Likely to churn,0.5149700598802395,2026-08-19
8388-DMKAE,0.016241299303944315,Unlikely to churn,0.9837587006960556,2026-08-19
4403-BWPAY,0.09430604982206406,Unlikely to churn,0.905693950177936,2026-08-19
9659-QEQSY,0.5050301810865191,Likely to churn,0.5050301810865191,2026-08-19
5405-ZMYXQ,0.5149700598802395,Likely to churn,0.5149700598802395,2026-08-19
5047-LHVLY,1.0,Likely to churn,1.0,2026-08-19
1442-OKRJE,0.057692307692307696,Unlikely to churn,0.9423076923076923,2026-08-19
4737-AQCPU,0.016241299303944315,Unlikely to churn,0.9837587006960556,2026-08-19
9158-VCTQB,0.5050301810865191,Likely to churn,0.5050301810865191,2026-08-19
2808-CHTDM,0.016241299303944315,Unlikely to churn,0.9837587006960556,2026-08-19
6311-UEUME,0.5050301810865191,Likely to churn,0.5050301810865191,2026-08-19
0793-TWELN,0.7213930348258707,Likely to churn,0.7213930348258707,2026-08-19
3283-WCWXT,0.016241299303944315,Unlikely to churn,0.9837587006960556,2026-08-19
1060-ENTOF,0.057692307692307696,Unlikely to churn,0.9423076923076923,2026-08-19
0999-QXNSA,0.5149700598802395,Likely to churn,0.5149700598802395,2026-08-19
5451-MHQOF,0.09430604982206406,Unlikely to churn,0.905693950177936,2026-08-19
4836-WNFNO,0.016241299303944315,Unlikely to churn,0.9837587006960556,2026-08-19
9225-BZLNZ,0.0,Unlikely to churn,1.0,2026-08-19
0354-VXMJC,0.016241299303944315,Unlikely to churn,0.9837587006960556,2026-08-19
4422-QVIJA,0.5050301810865191,Likely to churn,0.5050301810865191,2026-08-19
9365-SRSZE,0.5050301810865191,Likely to churn,0.5050301810865191,2026-08-19
6839-ITVZJ,0.5050301810865191,Likely to churn,0.5050301810865191,2026-08-19
8332-OSJDW,0.09430604982206406,Unlikely to churn,0.905693950177936,2026-08-19
4735-BJKOU,0.016241299303944315,Unlikely to churn,0.9837587006960556,2026-08-19
0274-JKUJR,0.5149700598802395,Likely to churn,0.5149700598802395,2026-08-19
5740-YHGTW,0.175,Unlikely to churn,0.825,2026-08-19
8917-SZTTJ,0.016241299303944315,Unlikely to churn,0.9837587006960556,2026-08-19
1696-MZVAU,0.09430604982206406,Unlikely to churn,0.905693950177936,2026-08-19
7359-WWYJV,0.0,Unlikely to churn,1.0,2026-08-19
0375-HVGXO,1.0,Likely to churn,1.0,2026-08-19
4906-ZHGPK,0.09430604982206406,Unlikely to churn,0.905693950177936,2026-08-19
8593-WHYHV,0.7213930348258707,Likely to churn,0.7213930348258707,2026-08-19
3795-GWTRD,0.016241299303944315,Unlikely to churn,0.9837587006960556,2026-08-19
1298-PHBTI,0.0,Unlikely to churn,1.0,2026-08-19
6223-DHJGV,1.0,Likely to churn,1.0,2026-08-19
6961-MJKBO,0.016241299303944315,Unlikely to churn,0.9837587006960556,2026-08-19
6097-EQISJ,0.057692307692307696,Unlikely to churn,0.9423076923076923,2026-08-19
4423-YLHDV,0.5050301810865191,Likely to churn,0.5050301810865191,2026-08-19
8158-WPEZG,0.5149700598802395,Likely to churn,0.5149700598802395,2026-08-19
0107-YHINA,0.825,Likely to churn,0.825,2026-08-19
4918-FYJNT,0.175,Unlikely to churn,0.825,2026-08-19
0727-BNRLG,0.10679611650485436,Unlikely to churn,0.8932038834951457,2026-08-19
4854-CIDCF,0.5149700598802395,Likely to churn,0.5149700598802395,2026-08-19
8640-SDGKB,0.5149700598802395,Likely to churn,0.5149700598802395,2026-08-19
3280-MRDOF,0.016241299303944315,Unlikely to churn,0.9837587006960556,2026-08-19
6435-SRWBJ,0.7213930348258707,Likely to churn,0.7213930348258707,2026-08-19
9964-WBQDJ,0.016241299303944315,Unlikely to churn,0.9837587006960556,2026-08-19
6303-KFWSL,0.09430604982206406,Unlikely to churn,0.905693950177936,2026-08-19
1702-CCFNJ,0.5050301810865191,Likely to churn,0.5050301810865191,2026-08-19
8932-CZHRQ,0.09430604982206406,Unlikely to churn,0.905693950177936,2026-08-19
0386-CWRGM,0.016241299303944315,Unlikely to churn,0.9837587006960556,2026-08-19
5515-RUGKN,0.5149700598802395,Likely to churn,0.5149700598802395,2026-08-19
0404-AHASP,0.016241299303944315,Unlikely to churn,0.9837587006960556,2026-08-19
7279-NMVJC,1.0,Likely to churn,1.0,2026-08-19
2081-VEYEH,0.7213930348258707,Likely to churn,0.7213930348258707,2026-08-19
6407-UTSLV,0.7213930348258707,Likely to churn,0.7213930348258707,2026-08-19
4116-TZAQJ,0.5149700598802395,Likely to churn,0.5149700598802395,2026-08-19
9060-HJJRW,0.09430604982206406,Unlikely to churn,0.905693950177936,2026-08-19
2587-YNLES,0.016241299303944315,Unlikely to churn,0.9837587006960556,2026-08-19
7398-SKNQZ,0.7213930348258707,Likely to churn,0.7213930348258707,2026-08-19
5935-FCCNB,0.5050301810865191,Likely to churn,0.5050301810865191,2026-08-19
1958-RNRKS,0.5050301810865191,Likely to churn,0.5050301810865191,2026-08-19
5136-RGMZO,0.5050301810865191,Likely to churn,0.5050301810865191,2026-08-19
8345-MVDYC,0.0,Unlikely to churn,1.0,2026-08-19
8226-BXGES,0.09430604982206406,Unlikely to churn,0.905693950177936,2026-08-19
3877-JRJIP,1.0,Likely to churn,1.0,2026-08-19
8375-DKEBR,1.0,Likely to churn,1.0,2026-08-19
9705-IOVQQ,0.057692307692307696,Unlikely to churn,0.9423076923076923,2026-08-19
1015-OWJKI,1.0,Likely to churn,1.0,2026-08-19
7511-YMXVQ,0.5149700598802395,Likely to churn,0.5149700598802395,2026-08-19
2040-XBAVJ,0.0,Unlikely to churn,1.0,2026-08-19
7551-JOHTI,1.0,Likely to churn,1.0,2026-08-19
8887-IPQNC,0.5149700598802395,Likely to churn,0.5149700598802395,2026-08-19
8646-JCOMS,0.09430604982206406,Unlikely to churn,0.905693950177936,2026-08-19
9804-ICWBG,1.0,Likely to churn,1.0,2026-08-19
1222-KJNZD,0.5050301810865191,Likely to churn,0.5050301810865191,2026-08-19
0106-GHRQR,0.5050301810865191,Likely to churn,0.5050301810865191,2026-08-19
5318-IXUZF,0.7213930348258707,Likely to churn,0.7213930348258707,2026-08-19
3768-VHXQO,0.016241299303944315,Unlikely to churn,0.9837587006960556,2026-08-19
8952-WCVCD,0.057692307692307696,Unlikely to churn,0.9423076923076923,2026-08-19
2418-TPEUN,0.016241299303944315,Unlikely to churn,0.9837587006960556,2026-08-19
3963-RYFNS,0.0,Unlikely to churn,1.0,2026-08-19
3198-VELRD,0.7213930348258707,Likely to churn,0.7213930348258707,2026-08-19
8540-ZQGEA,0.016241299303944315,Unlikely to churn,0.9837587006960556,2026-08-19
1320-REHCS,0.5050301810865191,Likely to churn,0.5050301810865191,2026-08-19
4137-JOPHL,0.0,Unlikely to churn,1.0,2026-08-19
9436-ZBZCT,0.5050301810865191,Likely to churn,0.5050301810865191,2026-08-19
7801-CEDNV,0.09430604982206406,Unlikely to churn,0.905693950177936,2026-08-19
2057-BOYKM,0.10679611650485436,Unlikely to churn,0.8932038834951457,2026-08-19
3658-QQJYD,0.09430604982206406,Unlikely to churn,0.905693950177936,2026-08-19
1803-BGNBD,0.5149700598802395,Likely to churn,0.5149700598802395,2026-08-19
0134-XWXCE,0.09430604982206406,Unlikely to churn,0.905693950177936,2026-08-19
6950-TWMYB,0.016241299303944315,Unlikely to churn,0.9837587006960556,2026-08-19
5848-FHRFC,0.016241299303944315,Unlikely to churn,0.9837587006960556,2026-08-19
2243-FNMMI,0.5050301810865191,Likely to churn,0.5050301810865191,2026-08-19
2511-MORQY,0.09430604982206406,Unlikely to churn,0.905693950177936,2026-08-19
5356-KZCKT,0.016241299303944315,Unlikely to churn,0.9837587006960556,2026-08-19
9470-XCCEM,0.5050301810865191,Likely to churn,0.5050301810865191,2026-08-19
6519-CFDBX,1.0,Likely to churn,1.0,2026-08-19
3902-MIVLE,0.016241299303944315,Unlikely to churn,0.9837587006960556,2026-08-19
0409-WTMPL,0.057692307692307696,Unlikely to churn,0.9423076923076923,2026-08-19
8763-KIAFH,1.0,Likely to churn,1.0,2026-08-19
3669-WHAFY,0.0,Unlikely to churn,1.0,2026-08-19
3055-VTCGS,0.09430604982206406,Unlikely to churn,0.905693950177936,2026-08-19
3144-KMTWZ,0.175,Unlikely to churn,0.825,2026-08-19
7279-BUYWN,0.5050301810865191,Likely to churn,0.5050301810865191,2026-08-19
7156-MHUGY,0.7213930348258707,Likely to churn,0.7213930348258707,2026-08-19
7198-GLXTC,0.7213930348258707,Likely to churn,0.7213930348258707,2026-08-19
2007-QVGAW,0.016241299303944315,Unlikely to churn,0.9837587006960556,2026-08-19
5207-PLSTK,1.0,Likely to churn,1.0,2026-08-19
2307-FYNNL,0.10679611650485436,Unlikely to churn,0.8932038834951457,2026-08-19
5605-XNWEN,0.016241299303944315,Unlikely to churn,0.9837587006960556,2026-08-19
2155-AMQRX,0.5050301810865191,Likely to churn,0.5050301810865191,2026-08-19
6181-AXXYF,0.016241299303944315,Unlikely to churn,0.9837587006960556,2026-08-19
5091-HFAZW,0.7213930348258707,Likely to churn,0.7213930348258707,2026-08-19
0516-VRYBW,1.0,Likely to churn,1.0,2026-08-19
2519-LBNQL,0.057692307692307696,Unlikely to churn,0.9423076923076923,2026-08-19
8623-ULFNQ,0.5050301810865191,Likely to churn,0.5050301810865191,2026-08-19
8380-PEFPE,0.825,Likely to churn,0.825,2026-08-19
5687-DKDTV,1.0,Likely to churn,1.0,2026-08-19
1568-LJSZU,0.0,Unlikely to churn,1.0,2026-08-19
7530-HDYDS,0.5050301810865191,Likely to churn,0.5050301810865191,2026-08-19
7789-HKSBS,0.057692307692307696,Unlikely to churn,0.9423076923076923,2026-08-19
7416-CKTEP,0.016241299303944315,Unlikely to churn,0.9837587006960556,2026-08-19
2586-CWXVV,0.5050301810865191,Likely to churn,0.5050301810865191,2026-08-19
3096-IZETN,0.5149700598802395,Likely to churn,0.5149700598802395,2026-08-19
2348-KCJLT,0.09430604982206406,Unlikely to churn,0.905693950177936,2026-08-19
8401-EMUWF,0.5050301810865191,Likely to churn,0.5050301810865191,2026-08-19
4193-IBKSW,0.016241299303944315,Unlikely to churn,0.9837587006960556,2026-08-19
5377-NDTOU,0.0,Unlikely to churn,1.0,2026-08-19
5922-ABDVO,0.5050301810865191,Likely to churn,0.5050301810865191,2026-08-19
2474-LCNUE,0.5050301810865191,Likely to churn,0.5050301810865191,2026-08-19
0839-QNXME,0.016241299303944315,Unlikely to churn,0.9837587006960556,2026-08-19
3506-OVLKD,0.09430604982206406,Unlikely to churn,0.905693950177936,2026-08-19
9172-ANCRX,0.7213930348258707,Likely to churn,0.7213930348258707,2026-08-19
6650-VJONK,1.0,Likely to churn,1.0,2026-08-19
2178-PMGCJ,0.5050301810865191,Likely to churn,0.5050301810865191,2026-08-19
7492-TAFJD,0.016241299303944315,Unlikely to churn,0.9837587006960556,2026-08-19
2773-MADBQ,0.016241299303944315,Unlikely to churn,0.9837587006960556,2026-08-19
6016-LVTJQ,0.5050301810865191,Likely to churn,0.5050301810865191,2026-08-19
7860-KSUGX,0.016241299303944315,Unlikely to churn,0.9837587006960556,2026-08-19
8966-KZXXA,0.016241299303944315,Unlikely to churn,0.9837587006960556,2026-08-19
6910-HADCM,0.825,Likely to churn,0.825,2026-08-19
4816-LXZYW,0.5050301810865191,Likely to churn,0.5050301810865191,2026-08-19
9606-PBKBQ,0.5050301810865191,Likely to churn,0.5050301810865191,2026-08-19
5149-QYTTU,0.057692307692307696,Unlikely to churn,0.9423076923076923,2026-08-19
2070-XYMFH,0.5050301810865191,Likely to churn,0.5050301810865191,2026-08-19
2085-BOJKI,0.2857142857142857,Unlikely to churn,0.7142857142857143,2026-08-19
0817-HSUSE,0.825,Likely to churn,0.825,2026-08-19
5442-PPTJY,0.016241299303944315,Unlikely to churn,0.9837587006960556,2026-08-19
1927-QEWMY,0.016241299303944315,Unlikely to churn,0.9837587006960556,2026-08-19
1663-MHLHE,1.0,Likely to churn,1.0,2026-08-19
5663-QBGIS,0.10679611650485436,Unlikely to churn,0.8932038834951457,2026-08-19
4450-MDZFX,0.175,Unlikely to churn,0.825,2026-08-19
6701-DHKWQ,0.016241299303944315,Unlikely to churn,0.9837587006960556,2026-08-19
7554-AKDQF,0.5149700598802395,Likely to churn,0.5149700598802395,2026-08-19
3536-IQCTX,0.5050301810865191,Likely to churn,0.5050301810865191,2026-08-19
4911-BANWH,0.5050301810865191,Likely to churn,0.5050301810865191,2026-08-19
8496-EJAUI,0.5050301810865191,Likely to churn,0.5050301810865191,2026-08-19
0794-YVSGE,0.016241299303944315,Unlikely to churn,0.9837587006960556,2026-08-19
5423-BHIXO,0.5050301810865191,Likely to churn,0.5050301810865191,2026-08-19
6908-VVYHM,0.175,Unlikely to churn,0.825,2026-08-19
2959-EEXWB,0.5050301810865191,Likely to churn,0.5050301810865191,2026-08-19
1839-UMACK,0.09430604982206406,Unlikely to churn,0.905693950177936,2026-08-19
3030-YDNRM,0.5149700598802395,Likely to churn,0.5149700598802395,2026-08-19
7321-KKSDU,0.016241299303944315,Unlikely to churn,0.9837587006960556,2026-08-19
3402-XRIUO,0.5050301810865191,Likely to churn,0.5050301810865191,2026-08-19
3132-TVFDZ,0.175,Unlikely to churn,0.825,2026-08-19
8286-AFUYI,1.0,Likely to churn,1.0,2026-08-19
8080-DDEMJ,1.0,Likely to churn,1.0,2026-08-19
8356-WUAOJ,1.0,Likely to churn,1.0,2026-08-19
6365-MTGZX,0.5050301810865191,Likely to churn,0.5050301810865191,2026-08-19
1349-WXNGG,1.0,Likely to churn,1.0,2026-08-19
8058-DMYRU,0.5050301810865191,Likely to churn,0.5050301810865191,2026-08-19
9350-ZXYJC,0.016241299303944315,Unlikely to churn,0.9837587006960556,2026-08-19
6990-YNRIO,0.10679611650485436,Unlikely to churn,0.8932038834951457,2026-08-19
8958-JPTRR,0.09430604982206406,Unlikely to churn,0.905693950177936,2026-08-19
6959-GQEGV,0.5050301810865191,Likely to churn,0.5050301810865191,2026-08-19
3173-WSSUE,0.016241299303944315,Unlikely to churn,0.9837587006960556,2026-08-19
1265-HVPZB,0.09430604982206406,Unlikely to churn,0.905693950177936,2026-08-19
4115-UMJFQ,0.09430604982206406,Unlikely to churn,0.905693950177936,2026-08-19
7369-TRPFD,1.0,Likely to churn,1.0,2026-08-19
1098-KFQEC,0.016241299303944315,Unlikely to churn,0.9837587006960556,2026-08-19
7190-XHTWJ,1.0,Likely to churn,1.0,2026-08-19
0621-TWIEM,0.5149700598802395,Likely to churn,0.5149700598802395,2026-08-19
3537-RYBHH,0.5050301810865191,Likely to churn,0.5050301810865191,2026-08-19
2485-ITVKB,1.0,Likely to churn,1.0,2026-08-19
3669-OYSJI,1.0,Likely to churn,1.0,2026-08-19
1612-EOHDH,1.0,Likely to churn,1.0,2026-08-19
6702-OHFWR,1.0,Likely to churn,1.0,2026-08-19
5296-BFCYD,0.016241299303944315,Unlikely to churn,0.9837587006960556,2026-08-19
4510-PYUSH,0.5050301810865191,Likely to churn,0.5050301810865191,2026-08-19
9359-JANWS,0.016241299303944315,Unlikely to churn,0.9837587006960556,2026-08-19
7517-SAWMO,0.5050301810865191,Likely to churn,0.5050301810865191,2026-08-19
4143-HHPMK,0.5050301810865191,Likely to churn,0.5050301810865191,2026-08-19
3279-DYZQM,0.016241299303944315,Unlikely to churn,0.9837587006960556,2026-08-19
7054-LGEQW,1.0,Likely to churn,1.0,2026-08-19
0523-VNGTF,0.5050301810865191,Likely to churn,0.5050301810865191,2026-08-19
9575-IWCAZ,0.09430604982206406,Unlikely to churn,0.905693950177936,2026-08-19
7105-MXJLL,0.09430604982206406,Unlikely to churn,0.905693950177936,2026-08-19
7064-FRRSW,0.057692307692307696,Unlikely to churn,0.9423076923076923,2026-08-19
7940-UQQUG,0.057692307692307696,Unlikely to churn,0.9423076923076923,2026-08-19
0923-PNFUB,0.7213930348258707,Likely to churn,0.7213930348258707,2026-08-19
3961-SXAXY,1.0,Likely to churn,1.0,2026-08-19
7010-BRBUU,0.016241299303944315,Unlikely to churn,0.9837587006960556,2026-08-19
3566-HJGPK,1.0,Likely to churn,1.0,2026-08-19
3062-ICYZQ,0.5050301810865191,Likely to churn,0.5050301810865191,2026-08-19
9938-PRCVK,0.016241299303944315,Unlikely to churn,0.9837587006960556,2026-08-19
0973-KYVNF,0.016241299303944315,Unlikely to churn,0.9837587006960556,2026-08-19
5129-HHMZC,0.0,Unlikely to churn,1.0,2026-08-19
9637-CDTKZ,0.0,Unlikely to churn,1.0,2026-08-19
3946-JEWRQ,0.057692307692307696,Unlikely to churn,0.9423076923076923,2026-08-19
7873-CVMAW,0.0,Unlikely to churn,1.0,2026-08-19
0463-WZZKO,1.0,Likely to churn,1.0,2026-08-19
3494-JCHRQ,0.825,Likely to churn,0.825,2026-08-19
6474-FVJLC,0.7213930348258707,Likely to churn,0.7213930348258707,2026-08-19
4524-QCSSM,0.5050301810865191,Likely to churn,0.5050301810865191,2026-08-19
5832-EXGTT,0.5050301810865191,Likely to churn,0.5050301810865191,2026-08-19
8840-DQLGN,0.5050301810865191,Likely to churn,0.5050301810865191,2026-08-19
2039-JONDJ,0.09430604982206406,Unlikely to churn,0.905693950177936,2026-08-19
7217-JYHOQ,0.5050301810865191,Likely to churn,0.5050301810865191,2026-08-19
6695-FRVEC,0.016241299303944315,Unlikely to churn,0.9837587006960556,2026-08-19
4547-LYTDD,0.5050301810865191,Likely to churn,0.5050301810865191,2026-08-19
9894-QMIMJ,0.09430604982206406,Unlikely to churn,0.905693950177936,2026-08-19
8069-YQQAJ,0.5050301810865191,Likely to churn,0.5050301810865191,2026-08-19
6770-XUAGN,1.0,Likely to churn,1.0,2026-08-19
4193-ORFCL,1.0,Likely to churn,1.0,2026-08-19
1636-NTNCO,0.5149700598802395,Likely to churn,0.5149700598802395,2026-08-19
3466-WAESX,0.5050301810865191,Likely to churn,0.5050301810865191,2026-08-19
9281-PKKZE,0.5050301810865191,Likely to churn,0.5050301810865191,2026-08-19
3638-VBZTA,0.0,Unlikely to churn,1.0,2026-08-19
7459-IMVYU,0.5050301810865191,Likely to churn,0.5050301810865191,2026-08-19
7776-QWNFX,0.5050301810865191,Likely to churn,0.5050301810865191,2026-08-19
6689-TCZHQ,0.7213930348258707,Likely to churn,0.7213930348258707,2026-08-19
8563-OYMQY,0.5050301810865191,Likely to churn,0.5050301810865191,2026-08-19
0754-EEBDC,0.016241299303944315,Unlikely to churn,0.9837587006960556,2026-08-19
5777-ZPQNC,1.0,Likely to churn,1.0,2026-08-19
1951-IEYXM,0.0,Unlikely to churn,1.0,2026-08-19
3318-NMQXL,0.7213930348258707,Likely to churn,0.7213930348258707,2026-08-19
3143-ILDAL,0.175,Unlikely to churn,0.825,2026-08-19
1022-RKXDR,0.09430604982206406,Unlikely to churn,0.905693950177936,2026-08-19
2361-FJWNO,0.09430604982206406,Unlikely to churn,0.905693950177936,2026-08-19
2272-UOINI,0.7213930348258707,Likely to churn,0.7213930348258707,2026-08-19
8232-UTFOZ,0.016241299303944315,Unlikely to churn,0.9837587006960556,2026-08-19
3750-YHRYO,1.0,Likely to churn,1.0,2026-08-19
6637-KYRCV,0.5149700598802395,Likely to churn,0.5149700598802395,2026-08-19
5668-MEISB,0.10679611650485436,Unlikely to churn,0.8932038834951457,2026-08-19
0129-QMPDR,1.0,Likely to churn,1.0,2026-08-19
7188-CBBBA,0.057692307692307696,Unlikely to churn,0.9423076923076923,2026-08-19
5356-CSVSQ,0.5149700598802395,Likely to churn,0.5149700598802395,2026-08-19
3221-CJMSG,0.5050301810865191,Likely to churn,0.5050301810865191,2026-08-19
4720-VSTSI,0.5050301810865191,Likely to churn,0.5050301810865191,2026-08-19
3219-JQRSL,0.0,Unlikely to churn,1.0,2026-08-19
2801-NISEI,0.5050301810865191,Likely to churn,0.5050301810865191,2026-08-19
3946-MHCZW,1.0,Likely to churn,1.0,2026-08-19
4623-ZKHLY,0.5050301810865191,Likely to churn,0.5050301810865191,2026-08-19
6732-VAILE,0.0,Unlikely to churn,1.0,2026-08-19
8201-AAXCB,0.5050301810865191,Likely to churn,0.5050301810865191,2026-08-19
7696-CFTAT,0.016241299303944315,Unlikely to churn,0.9837587006960556,2026-08-19
1845-CSBRZ,0.5050301810865191,Likely to churn,0.5050301810865191,2026-08-19
2123-VSCOT,0.016241299303944315,Unlikely to churn,0.9837587006960556,2026-08-19
6651-AZVTJ,0.5050301810865191,Likely to churn,0.5050301810865191,2026-08-19
4566-GOLUK,0.5050301810865191,Likely to churn,0.5050301810865191,2026-08-19
2484-DGXPZ,0.5050301810865191,Likely to churn,0.5050301810865191,2026-08-19
2018-QKYGT,0.825,Likely to churn,0.825,2026-08-19
2792-VPPET,1.0,Likely to churn,1.0,2026-08-19
7409-JURKQ,0.057692307692307696,Unlikely to churn,0.9423076923076923,2026-08-19
3247-MHJKM,1.0,Likely to churn,1.0,2026-08-19
1964-SVLEA,1.0,Likely to churn,1.0,2026-08-19
4587-NUKOX,0.7213930348258707,Likely to churn,0.7213930348258707,2026-08-19
7297-DVYGA,1.0,Likely to churn,1.0,2026-08-19
2239-CGBUZ,0.09430604982206406,Unlikely to churn,0.905693950177936,2026-08-19
0854-UYHZD,0.016241299303944315,Unlikely to churn,0.9837587006960556,2026-08-19
7243-LCGGZ,1.0,Likely to churn,1.0,2026-08-19
8267-KFGYD,1.0,Likely to churn,1.0,2026-08-19
4890-VMUAV,0.09430604982206406,Unlikely to churn,0.905693950177936,2026-08-19
9261-WDCAF,0.5149700598802395,Likely to churn,0.5149700598802395,2026-08-19
3764-MNMOI,0.016241299303944315,Unlikely to churn,0.9837587006960556,2026-08-19
7442-YGZFK,1.0,Likely to churn,1.0,2026-08-19
0420-BWTPW,0.5149700598802395,Likely to churn,0.5149700598802395,2026-08-19
8229-BUJHX,0.016241299303944315,Unlikely to churn,0.9837587006960556,2026-08-19
7449-HVPIV,0.175,Unlikely to churn,0.825,2026-08-19
5504-WSIUR,0.09430604982206406,Unlikely to churn,0.905693950177936,2026-08-19
8183-ONMXC,0.7213930348258707,Likely to churn,0.7213930348258707,2026-08-19
8466-PZBLH,0.10679611650485436,Unlikely to churn,0.8932038834951457,2026-08-19
9614-RMGHA,0.175,Unlikely to churn,0.825,2026-08-19
8735-IJJEG,0.5050301810865191,Likely to churn,0.5050301810865191,2026-08-19
0564-MUUQK,0.5050301810865191,Likely to churn,0.5050301810865191,2026-08-19
5054-IEXZT,0.825,Likely to churn,0.825,2026-08-19
5834-ASPWA,0.825,Likely to churn,0.825,2026-08-19
0701-RFGFI,0.5050301810865191,Likely to churn,0.5050301810865191,2026-08-19
0019-EFAEP,0.10679611650485436,Unlikely to churn,0.8932038834951457,2026-08-19
5619-PTMIK,0.5050301810865191,Likely to churn,0.5050301810865191,2026-08-19
3737-XBQDD,0.5050301810865191,Likely to churn,0.5050301810865191,2026-08-19
5882-CMAZQ,0.5149700598802395,Likely to churn,0.5149700598802395,2026-08-19
5846-QFDFI,0.5050301810865191,Likely to churn,0.5050301810865191,2026-08-19
4445-KWOKW,0.09430604982206406,Unlikely to churn,0.905693950177936,2026-08-19
3511-APPBJ,0.2857142857142857,Unlikely to churn,0.7142857142857143,2026-08-19
7967-HYCDE,0.5149700598802395,Likely to churn,0.5149700598802395,2026-08-19
2430-RRYUW,0.09430604982206406,Unlikely to churn,0.905693950177936,2026-08-19
3948-XHGNA,0.5050301810865191,Likely to churn,0.5050301810865191,2026-08-19
3723-BFBGR,0.5050301810865191,Likely to churn,0.5050301810865191,2026-08-19
0565-IYCGT,0.09430604982206406,Unlikely to churn,0.905693950177936,2026-08-19
5447-WZAFP,0.057692307692307696,Unlikely to churn,0.9423076923076923,2026-08-19
5110-CHOPY,0.016241299303944315,Unlikely to churn,0.9837587006960556,2026-08-19
5445-UTODQ,0.7213930348258707,Likely to churn,0.7213930348258707,2026-08-19
4425-OWHWB,1.0,Likely to churn,1.0,2026-08-19
7892-QVYKW,0.5050301810865191,Likely to churn,0.5050301810865191,2026-08-19
9675-ICXCT,0.0,Unlikely to churn,1.0,2026-08-19
1024-VRZHF,0.5149700598802395,Likely to churn,0.5149700598802395,2026-08-19
4703-MQYKT,0.016241299303944315,Unlikely to churn,0.9837587006960556,2026-08-19
9497-QCMMS,0.825,Likely to churn,0.825,2026-08-19
5692-ICXLW,0.5050301810865191,Likely to churn,0.5050301810865191,2026-08-19
0602-DDUML,0.016241299303944315,Unlikely to churn,0.9837587006960556,2026-08-19
2208-MPXIO,0.016241299303944315,Unlikely to churn,0.9837587006960556,2026-08-19
1960-UYCNN,0.7213930348258707,Likely to churn,0.7213930348258707,2026-08-19
0348-SDKOL,0.35384615384615387,Unlikely to churn,0.6461538461538461,2026-08-19
3190-FZATL,0.5050301810865191,Likely to churn,0.5050301810865191,2026-08-19
7336-RLLRH,0.09430604982206406,Unlikely to churn,0.905693950177936,2026-08-19
4373-MAVJG,0.5050301810865191,Likely to churn,0.5050301810865191,2026-08-19
8901-HJXTF,0.5149700598802395,Likely to churn,0.5149700598802395,2026-08-19
7710-JSYOA,0.0,Unlikely to churn,1.0,2026-08-19
5419-KLXBN,0.5050301810865191,Likely to churn,0.5050301810865191,2026-08-19
3424-NMNBO,0.057692307692307696,Unlikely to churn,0.9423076923076923,2026-08-19
9885-MFVSU,0.016241299303944315,Unlikely to churn,0.9837587006960556,2026-08-19
4514-GFCFI,0.5050301810865191,Likely to churn,0.5050301810865191,2026-08-19
0607-MVMGC,0.09430604982206406,Unlikely to churn,0.905693950177936,2026-08-19
3365-SAIGS,0.5050301810865191,Likely to churn,0.5050301810865191,2026-08-19
9828-AOQLM,1.0,Likely to churn,1.0,2026-08-19
8022-BECSI,1.0,Likely to churn,1.0,2026-08-19
8000-REIQB,0.825,Likely to churn,0.825,2026-08-19
9993-LHIEB,0.016241299303944315,Unlikely to churn,0.9837587006960556,2026-08-19
0266-CLZKZ,0.10679611650485436,Unlikely to churn,0.8932038834951457,2026-08-19
7615-ESMYF,1.0,Likely to churn,1.0,2026-08-19
3858-VOBET,0.5050301810865191,Likely to churn,0.5050301810865191,2026-08-19
7020-OZKXZ,0.5149700598802395,Likely to churn,0.5149700598802395,2026-08-19
3977-QCRSL,1.0,Likely to churn,1.0,2026-08-19
0017-DINOC,0.016241299303944315,Unlikely to churn,0.9837587006960556,2026-08-19
1447-PJGGA,0.10679611650485436,Unlikely to churn,0.8932038834951457,2026-08-19
8565-CLBZW,0.5050301810865191,Likely to churn,0.5050301810865191,2026-08-19
9139-WQQDY,0.057692307692307696,Unlikely to churn,0.9423076923076923,2026-08-19
0224-HJAPT,0.5149700598802395,Likely to churn,0.5149700598802395,2026-08-19
8086-OVPWV,0.7213930348258707,Likely to churn,0.7213930348258707,2026-08-19
9430-FRQOC,0.7213930348258707,Likely to churn,0.7213930348258707,2026-08-19
7639-OPLNG,0.016241299303944315,Unlikely to churn,0.9837587006960556,2026-08-19
3074-GQWYX,0.5149700598802395,Likely to churn,0.5149700598802395,2026-08-19
1492-QGCLU,0.5050301810865191,Likely to churn,0.5050301810865191,2026-08-19
6845-RGTYS,0.5050301810865191,Likely to churn,0.5050301810865191,2026-08-19
7328-OWMOM,1.0,Likely to churn,1.0,2026-08-19
4418-LZMSV,0.5149700598802395,Likely to churn,0.5149700598802395,2026-08-19
5155-AZQPB,0.5050301810865191,Likely to churn,0.5050301810865191,2026-08-19
8861-HGGKB,0.7213930348258707,Likely to churn,0.7213930348258707,2026-08-19
1087-GRUYI,0.016241299303944315,Unlikely to churn,0.9837587006960556,2026-08-19
7065-YUNRY,1.0,Likely to churn,1.0,2026-08-19
7694-VLBWQ,0.057692307692307696,Unlikely to churn,0.9423076923076923,2026-08-19
2546-KZAAT,0.09430604982206406,Unlikely to churn,0.905693950177936,2026-08-19
0181-RITDD,0.10679611650485436,Unlikely to churn,0.8932038834951457,2026-08-19
5989-PGKJB,0.5050301810865191,Likely to churn,0.5050301810865191,2026-08-19
4795-KTRTH,0.7213930348258707,Likely to churn,0.7213930348258707,2026-08-19
8272-ONJLV,0.2857142857142857,Unlikely to churn,0.7142857142857143,2026-08-19
1488-PBLJN,0.0,Unlikely to churn,1.0,2026-08-19
0308-GIQJT,0.057692307692307696,Unlikely to churn,0.9423076923076923,2026-08-19
3778-FOAQW,1.0,Likely to churn,1.0,2026-08-19
4452-ROHMO,0.016241299303944315,Unlikely to churn,0.9837587006960556,2026-08-19
6481-OGDOO,0.09430604982206406,Unlikely to churn,0.905693950177936,2026-08-19
3090-LETTY,0.5149700598802395,Likely to churn,0.5149700598802395,2026-08-19
5349-AZPEW,0.5149700598802395,Likely to churn,0.5149700598802395,2026-08-19
3753-TSEMP,0.5050301810865191,Likely to churn,0.5050301810865191,2026-08-19
8305-VHZBZ,1.0,Likely to churn,1.0,2026-08-19
9720-JJJOR,0.09430604982206406,Unlikely to churn,0.905693950177936,2026-08-19
8100-HZZLJ,0.5050301810865191,Likely to churn,0.5050301810865191,2026-08-19
8775-ERLNB,0.825,Likely to churn,0.825,2026-08-19
8309-IEYJD,0.825,Likely to churn,0.825,2026-08-19
9172-JITSM,0.5050301810865191,Likely to churn,0.5050301810865191,2026-08-19
6298-QDFNH,0.5050301810865191,Likely to churn,0.5050301810865191,2026-08-19
7398-HPYZQ,0.0,Unlikely to churn,1.0,2026-08-19
3546-GHEAE,0.016241299303944315,Unlikely to churn,0.9837587006960556,2026-08-19
7361-YPXFS,0.5050301810865191,Likely to churn,0.5050301810865191,2026-08-19
6557-BZXLQ,0.5050301810865191,Likely to churn,0.5050301810865191,2026-08-19
2550-QHZGP,1.0,Likely to churn,1.0,2026-08-19
7519-JTWQH,0.10679611650485436,Unlikely to churn,0.8932038834951457,2026-08-19
2538-OIMXF,1.0,Likely to churn,1.0,2026-08-19
8543-MSDMF,0.5149700598802395,Likely to churn,0.5149700598802395,2026-08-19
9961-JBNMK,0.5050301810865191,Likely to churn,0.5050301810865191,2026-08-19
1170-SASML,0.175,Unlikely to churn,0.825,2026-08-19
4872-JCVCA,0.016241299303944315,Unlikely to churn,0.9837587006960556,2026-08-19
5346-BZCHP,0.016241299303944315,Unlikely to churn,0.9837587006960556,2026-08-19
2038-LLMLM,0.5050301810865191,Likely to churn,0.5050301810865191,2026-08-19
6173-ITPWD,0.5050301810865191,Likely to churn,0.5050301810865191,2026-08-19
9734-UYXQI,1.0,Likely to churn,1.0,2026-08-19
1216-BGTSP,0.5050301810865191,Likely to churn,0.5050301810865191,2026-08-19
4138-NAXED,0.5050301810865191,Likely to churn,0.5050301810865191,2026-08-19
2189-UXTKY,0.5050301810865191,Likely to churn,0.5050301810865191,2026-08-19
0744-BIKKF,0.0,Unlikely to churn,1.0,2026-08-19
7483-IQWIB,0.5050301810865191,Likely to churn,0.5050301810865191,2026-08-19
5248-KWLAR,0.0,Unlikely to churn,1.0,2026-08-19
4958-GZWIY,0.5149700598802395,Likely to churn,0.5149700598802395,2026-08-19
7996-MHXLW,0.016241299303944315,Unlikely to churn,0.9837587006960556,2026-08-19
7833-PKIHD,0.09430604982206406,Unlikely to churn,0.905693950177936,2026-08-19
7061-OVMIM,1.0,Likely to churn,1.0,2026-08-19
5153-RTHKF,0.5050301810865191,Likely to churn,0.5050301810865191,2026-08-19
1852-QSWCD,0.016241299303944315,Unlikely to churn,0.9837587006960556,2026-08-19
4832-VRBMR,0.057692307692307696,Unlikely to churn,0.9423076923076923,2026-08-19
9079-LWTFD,0.5050301810865191,Likely to churn,0.5050301810865191,2026-08-19
6356-ELRKD,0.825,Likely to churn,0.825,2026-08-19
8624-GIOUT,0.5050301810865191,Likely to churn,0.5050301810865191,2026-08-19
3392-EHMNK,0.10679611650485436,Unlikely to churn,0.8932038834951457,2026-08-19
5986-WWXDV,1.0,Likely to churn,1.0,2026-08-19
3061-BCKYI,0.5050301810865191,Likely to churn,0.5050301810865191,2026-08-19
6179-GJPSO,0.5050301810865191,Likely to churn,0.5050301810865191,2026-08-19
7901-TBKJX,0.35384615384615387,Unlikely to churn,0.6461538461538461,2026-08-19
7228-PAQPD,0.09430604982206406,Unlikely to churn,0.905693950177936,2026-08-19
3177-LASXD,0.825,Likely to churn,0.825,2026-08-19
7746-QYVCO,0.09430604982206406,Unlikely to churn,0.905693950177936,2026-08-19
5804-HYIEZ,0.35384615384615387,Unlikely to churn,0.6461538461538461,2026-08-19
9919-FZDED,0.0,Unlikely to churn,1.0,2026-08-19
5934-TSSAU,0.5050301810865191,Likely to churn,0.5050301810865191,2026-08-19
3486-KHMLI,0.5050301810865191,Likely to churn,0.5050301810865191,2026-08-19
4897-QSUYC,1.0,Likely to churn,1.0,2026-08-19
1084-UQCHV,1.0,Likely to churn,1.0,2026-08-19
8290-YWKHZ,0.5050301810865191,Likely to churn,0.5050301810865191,2026-08-19
2955-BJZHG,0.5050301810865191,Likely to churn,0.5050301810865191,2026-08-19
3806-DXQOM,0.5149700598802395,Likely to churn,0.5149700598802395,2026-08-19
6784-XYJAE,0.09430604982206406,Unlikely to churn,0.905693950177936,2026-08-19
3933-DQPWX,0.016241299303944315,Unlikely to churn,0.9837587006960556,2026-08-19
6661-EIPZC,0.5050301810865191,Likely to churn,0.5050301810865191,2026-08-19
8957-THMOA,0.016241299303944315,Unlikely to churn,0.9837587006960556,2026-08-19
2251-PYLPB,0.016241299303944315,Unlikely to churn,0.9837587006960556,2026-08-19
5555-RNPGT,0.5149700598802395,Likely to churn,0.5149700598802395,2026-08-19
1057-FOGLZ,0.5050301810865191,Likely to churn,0.5050301810865191,2026-08-19
9300-RENDD,0.825,Likely to churn,0.825,2026-08-19
0761-AETCS,1.0,Likely to churn,1.0,2026-08-19
8087-LGYHQ,0.7213930348258707,Likely to churn,0.7213930348258707,2026-08-19
4137-BTIKL,0.7213930348258707,Likely to churn,0.7213930348258707,2026-08-19
2190-BCXEC,0.5050301810865191,Likely to churn,0.5050301810865191,2026-08-19
6227-FBDXH,0.057692307692307696,Unlikely to churn,0.9423076923076923,2026-08-19
2153-MREFK,0.2857142857142857,Unlikely to churn,0.7142857142857143,2026-08-19
2911-WDXMV,0.5050301810865191,Likely to churn,0.5050301810865191,2026-08-19
7206-PQBBZ,0.5149700598802395,Likely to churn,0.5149700598802395,2026-08-19
3106-ULWFW,0.7213930348258707,Likely to churn,0.7213930348258707,2026-08-19
0925-VYDLG,0.5149700598802395,Likely to churn,0.5149700598802395,2026-08-19
4547-FZJWE,0.09430604982206406,Unlikely to churn,0.905693950177936,2026-08-19
7422-WNBTY,0.5050301810865191,Likely to churn,0.5050301810865191,2026-08-19
0842-IWYCP,0.5050301810865191,Likely to churn,0.5050301810865191,2026-08-19
3521-HTQTV,0.016241299303944315,Unlikely to churn,0.9837587006960556,2026-08-19
3744-ZBHON,1.0,Likely to churn,1.0,2026-08-19
3373-DIUUN,0.016241299303944315,Unlikely to churn,0.9837587006960556,2026-08-19
8383-SGHJU,0.09430604982206406,Unlikely to churn,0.905693950177936,2026-08-19
7607-QKKTJ,0.057692307692307696,Unlikely to churn,0.9423076923076923,2026-08-19
7707-PYBBH,0.5050301810865191,Likely to churn,0.5050301810865191,2026-08-19
8984-HPEMB,0.0,Unlikely to churn,1.0,2026-08-19
4349-GFQHK,1.0,Likely to churn,1.0,2026-08-19
4139-DETXS,0.016241299303944315,Unlikely to churn,0.9837587006960556,2026-08-19
9779-DPNEJ,0.5050301810865191,Likely to churn,0.5050301810865191,2026-08-19
9805-FILKB,1.0,Likely to churn,1.0,2026-08-19
5793-YOLJN,0.016241299303944315,Unlikely to churn,0.9837587006960556,2026-08-19
0673-IGUQO,1.0,Likely to churn,1.0,2026-08-19
4123-FCVCB,0.09430604982206406,Unlikely to churn,0.905693950177936,2026-08-19
8819-IMISP,0.5050301810865191,Likely to churn,0.5050301810865191,2026-08-19
7802-EFKNY,0.5149700598802395,Likely to churn,0.5149700598802395,2026-08-19
8311-UEUAB,0.016241299303944315,Unlikely to churn,0.9837587006960556,2026-08-19
5858-EAFCZ,1.0,Likely to churn,1.0,2026-08-19
8035-BUYVG,0.09430604982206406,Unlikely to churn,0.905693950177936,2026-08-19
1163-ONYEY,0.5050301810865191,Likely to churn,0.5050301810865191,2026-08-19
9787-XVQIU,0.825,Likely to churn,0.825,2026-08-19
8945-MUQUF,0.057692307692307696,Unlikely to churn,0.9423076923076923,2026-08-19
5656-MJEFC,0.016241299303944315,Unlikely to churn,0.9837587006960556,2026-08-19
6082-OQFBA,1.0,Likely to churn,1.0,2026-08-19
8051-HJRLT,0.825,Likely to churn,0.825,2026-08-19
8974-OVACP,1.0,Likely to churn,1.0,2026-08-19
4010-YLMVT,0.35384615384615387,Unlikely to churn,0.6461538461538461,2026-08-19
1379-FRVEB,0.5050301810865191,Likely to churn,0.5050301810865191,2026-08-19
8612-GXIDD,0.016241299303944315,Unlikely to churn,0.9837587006960556,2026-08-19
6288-CHQJB,0.016241299303944315,Unlikely to churn,0.9837587006960556,2026-08-19
8160-HOWOX,0.5149700598802395,Likely to churn,0.5149700598802395,2026-08-19
3023-GFLBR,0.5050301810865191,Likely to churn,0.5050301810865191,2026-08-19
6648-INWPS,0.5050301810865191,Likely to churn,0.5050301810865191,2026-08-19
4223-BKEOR,0.09430604982206406,Unlikely to churn,0.905693950177936,2026-08-19
4079-VTGLK,0.016241299303944315,Unlikely to churn,0.9837587006960556,2026-08-19
1763-WQFUK,0.5149700598802395,Likely to churn,0.5149700598802395,2026-08-19
1391-UBDAR,0.5149700598802395,Likely to churn,0.5149700598802395,2026-08-19
8894-JVDCV,0.057692307692307696,Unlikely to churn,0.9423076923076923,2026-08-19
2023-VQFDL,0.5050301810865191,Likely to churn,0.5050301810865191,2026-08-19
1345-GKDZZ,1.0,Likely to churn,1.0,2026-08-19
2014-MKGMH,0.057692307692307696,Unlikely to churn,0.9423076923076923,2026-08-19
5628-FCGYG,0.5050301810865191,Likely to churn,0.5050301810865191,2026-08-19
2560-WBWXF,0.016241299303944315,Unlikely to churn,0.9837587006960556,2026-08-19
0248-IPDFW,1.0,Likely to churn,1.0,2026-08-19
7978-DKUQH,0.5050301810865191,Likely to churn,0.5050301810865191,2026-08-19
4335-UPJSI,0.016241299303944315,Unlikely to churn,0.9837587006960556,2026-08-19
0524-IAVZO,0.5050301810865191,Likely to churn,0.5050301810865191,2026-08-19
2737-YNGYW,0.7213930348258707,Likely to churn,0.7213930348258707,2026-08-19
1784-EZDKJ,0.057692307692307696,Unlikely to churn,0.9423076923076923,2026-08-19
9297-FVVDH,0.0,Unlikely to churn,1.0,2026-08-19
8007-YYPWD,0.016241299303944315,Unlikely to churn,0.9837587006960556,2026-08-19
7101-HRBLJ,0.0,Unlikely to churn,1.0,2026-08-19
5159-YFPKQ,0.5149700598802395,Likely to churn,0.5149700598802395,2026-08-19
6635-CPNUN,0.5050301810865191,Likely to churn,0.5050301810865191,2026-08-19
4021-RQSNY,0.5050301810865191,Likely to churn,0.5050301810865191,2026-08-19
5453-YBTWV,0.10679611650485436,Unlikely to churn,0.8932038834951457,2026-08-19
5039-LZRQT,1.0,Likely to churn,1.0,2026-08-19
2931-VUVJN,0.057692307692307696,Unlikely to churn,0.9423076923076923,2026-08-19
9061-TIHDA,0.7213930348258707,Likely to churn,0.7213930348258707,2026-08-19
8699-ASUFO,0.5149700598802395,Likely to churn,0.5149700598802395,2026-08-19
6418-PIQSP,0.0,Unlikely to churn,1.0,2026-08-19
8220-OCUFY,0.09430604982206406,Unlikely to churn,0.905693950177936,2026-08-19
3995-WFCSM,0.5149700598802395,Likely to churn,0.5149700598802395,2026-08-19
1895-QTKDO,1.0,Likely to churn,1.0,2026-08-19
2038-OEQZH,0.7213930348258707,Likely to churn,0.7213930348258707,2026-08-19
1178-PZGAB,1.0,Likely to churn,1.0,2026-08-19
7927-AUXBZ,0.5050301810865191,Likely to churn,0.5050301810865191,2026-08-19
2626-VEEWG,0.016241299303944315,Unlikely to churn,0.9837587006960556,2026-08-19
2878-RMWXY,0.10679611650485436,Unlikely to churn,0.8932038834951457,2026-08-19
1657-DYMBM,0.016241299303944315,Unlikely to churn,0.9837587006960556,2026-08-19
7311-MQJCH,1.0,Likely to churn,1.0,2026-08-19
7375-WMVMT,0.10679611650485436,Unlikely to churn,0.8932038834951457,2026-08-19
1136-XGEQU,0.09430604982206406,Unlikely to churn,0.905693950177936,2026-08-19
2530-FMFXO,0.10679611650485436,Unlikely to churn,0.8932038834951457,2026-08-19
6844-DZKRF,1.0,Likely to churn,1.0,2026-08-19
4695-WJZUE,0.7213930348258707,Likely to churn,0.7213930348258707,2026-08-19
7619-ODSGN,0.5050301810865191,Likely to churn,0.5050301810865191,2026-08-19
5970-GHJAW,0.016241299303944315,Unlikely to churn,0.9837587006960556,2026-08-19
8879-XUAHX,0.0,Unlikely to churn,1.0,2026-08-19
3689-MOZGR,0.5050301810865191,Likely to churn,0.5050301810865191,2026-08-19
4195-PNGZS,0.016241299303944315,Unlikely to churn,0.9837587006960556,2026-08-19
5003-XZWWO,0.0,Unlikely to churn,1.0,2026-08-19
3988-RQIXO,0.825,Likely to churn,0.825,2026-08-19
7622-FWGEW,0.0,Unlikely to churn,1.0,2026-08-19
6922-NCEDI,1.0,Likely to churn,1.0,2026-08-19
2514-GINMM,0.825,Likely to churn,0.825,2026-08-19
9891-NQDBD,0.09430604982206406,Unlikely to churn,0.905693950177936,2026-08-19
6131-IUNXN,0.5050301810865191,Likely to churn,0.5050301810865191,2026-08-19
8548-AWOFC,0.175,Unlikely to churn,0.825,2026-08-19
9798-DRYDS,0.09430604982206406,Unlikely to churn,0.905693950177936,2026-08-19
8532-UEFWH,0.016241299303944315,Unlikely to churn,0.9837587006960556,2026-08-19
6296-DDOOR,0.09430604982206406,Unlikely to churn,0.905693950177936,2026-08-19
7951-VRDVK,0.09430604982206406,Unlikely to churn,0.905693950177936,2026-08-19
5931-FLJJF,0.5149700598802395,Likely to churn,0.5149700598802395,2026-08-19
4815-YOSUK,0.057692307692307696,Unlikely to churn,0.9423076923076923,2026-08-19
2659-VXMWZ,0.057692307692307696,Unlikely to churn,0.9423076923076923,2026-08-19
0380-NEAVX,0.2857142857142857,Unlikely to churn,0.7142857142857143,2026-08-19
3207-OYBWH,0.175,Unlikely to churn,0.825,2026-08-19
4285-GYRQC,0.7213930348258707,Likely to churn,0.7213930348258707,2026-08-19
7216-EWTRS,0.825,Likely to churn,0.825,2026-08-19
4365-MSDYN,0.5149700598802395,Likely to churn,0.5149700598802395,2026-08-19
7036-TYDEC,0.10679611650485436,Unlikely to churn,0.8932038834951457,2026-08-19
5802-ADBRC,0.057692307692307696,Unlikely to churn,0.9423076923076923,2026-08-19
8076-FEZKJ,1.0,Likely to churn,1.0,2026-08-19
5197-YPYBZ,0.016241299303944315,Unlikely to churn,0.9837587006960556,2026-08-19
8337-MSSXB,0.5050301810865191,Likely to churn,0.5050301810865191,2026-08-19
4312-GVYNH,0.016241299303944315,Unlikely to churn,0.9837587006960556,2026-08-19
8495-LJDFO,0.35384615384615387,Unlikely to churn,0.6461538461538461,2026-08-19
0839-JTCUD,0.0,Unlikely to churn,1.0,2026-08-19
5494-WOZRZ,0.0,Unlikely to churn,1.0,2026-08-19
1302-UHBDD,0.5050301810865191,Likely to churn,0.5050301810865191,2026-08-19
2234-EOFPT,0.016241299303944315,Unlikely to churn,0.9837587006960556,2026-08-19
8619-IJNDK,0.016241299303944315,Unlikely to churn,0.9837587006960556,2026-08-19
8378-LKJAF,0.5050301810865191,Likely to churn,0.5050301810865191,2026-08-19
8182-BJDSI,0.5050301810865191,Likely to churn,0.5050301810865191,2026-08-19
2528-HFYZX,0.5050301810865191,Likely to churn,0.5050301810865191,2026-08-19
1153-GNOLC,0.09430604982206406,Unlikely to churn,0.905693950177936,2026-08-19
3298-QEICA,0.016241299303944315,Unlikely to churn,0.9837587006960556,2026-08-19
0788-DXBFY,1.0,Likely to churn,1.0,2026-08-19
3597-YASZG,0.10679611650485436,Unlikely to churn,0.8932038834951457,2026-08-19
3496-LFSZU,0.5149700598802395,Likely to churn,0.5149700598802395,2026-08-19
5242-UOWHD,0.016241299303944315,Unlikely to churn,0.9837587006960556,2026-08-19
2482-CZGBB,0.5149700598802395,Likely to churn,0.5149700598802395,2026-08-19
6479-SZPLM,0.016241299303944315,Unlikely to churn,0.9837587006960556,2026-08-19
8097-VBQTZ,0.5050301810865191,Likely to churn,0.5050301810865191,2026-08-19
4500-HKANN,0.016241299303944315,Unlikely to churn,0.9837587006960556,2026-08-19
9917-KWRBE,0.09430604982206406,Unlikely to churn,0.905693950177936,2026-08-19
3420-ZDBMA,0.5149700598802395,Likely to churn,0.5149700598802395,2026-08-19
2212-LYASK,0.09430604982206406,Unlikely to churn,0.905693950177936,2026-08-19
1393-IMKZG,0.825,Likely to churn,0.825,2026-08-19
8069-RHUXK,0.016241299303944315,Unlikely to churn,0.9837587006960556,2026-08-19
3398-GCPMU,0.0,Unlikely to churn,1.0,2026-08-19
2908-WGAXL,0.016241299303944315,Unlikely to churn,0.9837587006960556,2026-08-19
3378-AJRAO,0.09430604982206406,Unlikely to churn,0.905693950177936,2026-08-19
1013-QCWAM,0.35384615384615387,Unlikely to churn,0.6461538461538461,2026-08-19
0866-QLSIR,0.09430604982206406,Unlikely to churn,0.905693950177936,2026-08-19
6050-FFXES,0.10679611650485436,Unlikely to churn,0.8932038834951457,2026-08-19
7181-BQYBV,0.825,Likely to churn,0.825,2026-08-19
0362-RAOQO,0.016241299303944315,Unlikely to churn,0.9837587006960556,2026-08-19
9554-DFKIC,0.5050301810865191,Likely to churn,0.5050301810865191,2026-08-19
5527-ACHSO,0.5149700598802395,Likely to churn,0.5149700598802395,2026-08-19
0829-DDVLK,1.0,Likely to churn,1.0,2026-08-19
1399-UBQIU,0.5149700598802395,Likely to churn,0.5149700598802395,2026-08-19
1813-JLKWR,1.0,Likely to churn,1.0,2026-08-19
0336-PIKEI,0.016241299303944315,Unlikely to churn,0.9837587006960556,2026-08-19
7322-OCWHC,0.0,Unlikely to churn,1.0,2026-08-19
9537-VHDTA,1.0,Likely to churn,1.0,2026-08-19
4957-TIALW,0.09430604982206406,Unlikely to churn,0.905693950177936,2026-08-19
2054-PJOCK,0.09430604982206406,Unlikely to churn,0.905693950177936,2026-08-19
9150-HEPMB,0.09430604982206406,Unlikely to churn,0.905693950177936,2026-08-19
9030-QGZNL,0.016241299303944315,Unlikely to churn,0.9837587006960556,2026-08-19
6204-IEUXJ,0.7213930348258707,Likely to churn,0.7213930348258707,2026-08-19
3126-WQMGH,0.5050301810865191,Likely to churn,0.5050301810865191,2026-08-19
4529-CKBCL,0.7213930348258707,Likely to churn,0.7213930348258707,2026-08-19
2506-CLAKW,0.7213930348258707,Likely to churn,0.7213930348258707,2026-08-19
7176-WRTNX,0.0,Unlikely to churn,1.0,2026-08-19
1583-IHQZE,0.7213930348258707,Likely to churn,0.7213930348258707,2026-08-19
5732-IKGQH,0.057692307692307696,Unlikely to churn,0.9423076923076923,2026-08-19
9239-GZHZE,0.0,Unlikely to churn,1.0,2026-08-19
7205-BAIAD,0.016241299303944315,Unlikely to churn,0.9837587006960556,2026-08-19
0151-ONTOV,0.825,Likely to churn,0.825,2026-08-19
4140-MUHUG,0.7213930348258707,Likely to churn,0.7213930348258707,2026-08-19
0093-EXYQL,0.5050301810865191,Likely to churn,0.5050301810865191,2026-08-19
8064-RAVOH,1.0,Likely to churn,1.0,2026-08-19
0219-QAERP,1.0,Likely to churn,1.0,2026-08-19
0320-JDNQG,0.5050301810865191,Likely to churn,0.5050301810865191,2026-08-19
7180-PISOG,0.825,Likely to churn,0.825,2026-08-19
9168-INPSZ,0.5050301810865191,Likely to churn,0.5050301810865191,2026-08-19
3571-RFHAR,0.35384615384615387,Unlikely to churn,0.6461538461538461,2026-08-19
0015-UOCOJ,0.5149700598802395,Likely to churn,0.5149700598802395,2026-08-19
5334-AFQJB,0.016241299303944315,Unlikely to churn,0.9837587006960556,2026-08-19
2754-SDJRD,0.7213930348258707,Likely to churn,0.7213930348258707,2026-08-19
9578-VRMNM,0.5050301810865191,Likely to churn,0.5050301810865191,2026-08-19
1587-FKLZB,0.35384615384615387,Unlikely to churn,0.6461538461538461,2026-08-19
6140-QNRQQ,0.825,Likely to churn,0.825,2026-08-19
8963-JLGJT,0.5149700598802395,Likely to churn,0.5149700598802395,2026-08-19
4307-KTUMW,0.5050301810865191,Likely to churn,0.5050301810865191,2026-08-19
1465-LNTLJ,0.5149700598802395,Likely to churn,0.5149700598802395,2026-08-19
5440-FLBQG,0.10679611650485436,Unlikely to churn,0.8932038834951457,2026-08-19
2135-DQWAQ,0.7213930348258707,Likely to churn,0.7213930348258707,2026-08-19
4056-QHXHZ,0.10679611650485436,Unlikely to churn,0.8932038834951457,2026-08-19
7470-MCQTK,0.5149700598802395,Likely to churn,0.5149700598802395,2026-08-19
7488-MXJIV,0.7213930348258707,Likely to churn,0.7213930348258707,2026-08-19
7401-JIXNM,0.0,Unlikely to churn,1.0,2026-08-19
9339-FIIJL,0.0,Unlikely to churn,1.0,2026-08-19
2027-FECZV,0.7213930348258707,Likely to churn,0.7213930348258707,2026-08-19
2672-DZUOY,1.0,Likely to churn,1.0,2026-08-19
4706-DGAHW,1.0,Likely to churn,1.0,2026-08-19
3870-MQAMG,0.057692307692307696,Unlikely to churn,0.9423076923076923,2026-08-19
6670-MFRPK,0.016241299303944315,Unlikely to churn,0.9837587006960556,2026-08-19
6177-PEVRA,0.016241299303944315,Unlikely to churn,0.9837587006960556,2026-08-19
4800-CZMPC,0.057692307692307696,Unlikely to churn,0.9423076923076923,2026-08-19
4813-HQMGZ,0.7213930348258707,Likely to churn,0.7213930348258707,2026-08-19
7579-KKLOE,0.0,Unlikely to churn,1.0,2026-08-19
7377-DMMRI,1.0,Likely to churn,1.0,2026-08-19
8402-EIVQS,0.057692307692307696,Unlikely to churn,0.9423076923076923,2026-08-19
4947-DSMXK,0.5050301810865191,Likely to churn,0.5050301810865191,2026-08-19
7245-NIIWQ,0.5149700598802395,Likely to churn,0.5149700598802395,2026-08-19
0002-ORFBO,0.09430604982206406,Unlikely to churn,0.905693950177936,2026-08-19
3324-OIRTO,0.057692307692307696,Unlikely to churn,0.9423076923076923,2026-08-19
5414-OFQCB,0.0,Unlikely to churn,1.0,2026-08-19
4967-WPNCF,0.016241299303944315,Unlikely to churn,0.9837587006960556,2026-08-19
8552-OBVRU,0.5050301810865191,Likely to churn,0.5050301810865191,2026-08-19
8499-BRXTD,1.0,Likely to churn,1.0,2026-08-19
9154-QDGTH,0.057692307692307696,Unlikely to churn,0.9423076923076923,2026-08-19
8197-BFWVU,0.0,Unlikely to churn,1.0,2026-08-19
2577-GVSIL,0.09430604982206406,Unlikely to churn,0.905693950177936,2026-08-19
9367-OIUXP,1.0,Likely to churn,1.0,2026-08-19
6770-UAYGJ,0.016241299303944315,Unlikely to churn,0.9837587006960556,2026-08-19
6463-HHXJR,0.10679611650485436,Unlikely to churn,0.8932038834951457,2026-08-19
7928-VJYAB,0.7213930348258707,Likely to churn,0.7213930348258707,2026-08-19
1187-WILMM,0.0,Unlikely to churn,1.0,2026-08-19
9776-OJUZI,0.175,Unlikely to churn,0.825,2026-08-19
1306-RPWXZ,0.016241299303944315,Unlikely to churn,0.9837587006960556,2026-08-19
8949-JTMAY,0.5050301810865191,Likely to churn,0.5050301810865191,2026-08-19
2774-LVQUS,0.5050301810865191,Likely to churn,0.5050301810865191,2026-08-19
3097-PYWXL,1.0,Likely to churn,1.0,2026-08-19
2266-SJNAT,0.057692307692307696,Unlikely to churn,0.9423076923076923,2026-08-19
0869-PAPRP,0.5050301810865191,Likely to churn,0.5050301810865191,2026-08-19
4238-JSSWH,0.5050301810865191,Likely to churn,0.5050301810865191,2026-08-19
2972-YDYUW,0.057692307692307696,Unlikely to churn,0.9423076923076923,2026-08-19
1104-FEJAM,0.5050301810865191,Likely to churn,0.5050301810865191,2026-08-19
2809-ILCYT,0.09430604982206406,Unlikely to churn,0.905693950177936,2026-08-19
5499-ECUTN,0.09430604982206406,Unlikely to churn,0.905693950177936,2026-08-19
4981-FLTMF,0.175,Unlikely to churn,0.825,2026-08-19
9121-PHQSR,0.5050301810865191,Likely to churn,0.5050301810865191,2026-08-19
3113-IWHLC,0.5149700598802395,Likely to churn,0.5149700598802395,2026-08-19
3211-ILJTT,0.5050301810865191,Likely to churn,0.5050301810865191,2026-08-19
4612-THJBS,0.057692307692307696,Unlikely to churn,0.9423076923076923,2026-08-19
4277-BWBML,0.016241299303944315,Unlikely to churn,0.9837587006960556,2026-08-19
4094-NSEDU,0.5050301810865191,Likely to churn,0.5050301810865191,2026-08-19
0234-TEVTT,0.09430604982206406,Unlikely to churn,0.905693950177936,2026-08-19
4304-TSPVK,0.0,Unlikely to churn,1.0,2026-08-19
1552-AAGRX,0.5050301810865191,Likely to churn,0.5050301810865191,2026-08-19
2637-FKFSY,0.5149700598802395,Likely to churn,0.5149700598802395,2026-08-19
9796-MVYXX,0.016241299303944315,Unlikely to churn,0.9837587006960556,2026-08-19
7874-ECPQJ,1.0,Likely to churn,1.0,2026-08-19
0020-INWCK,0.10679611650485436,Unlikely to churn,0.8932038834951457,2026-08-19
7089-RKVSZ,0.09430604982206406,Unlikely to churn,0.905693950177936,2026-08-19
2683-JXWQQ,0.175,Unlikely to churn,0.825,2026-08-19
9548-ZMVTX,0.0,Unlikely to churn,1.0,2026-08-19
8739-XNIKG,0.7213930348258707,Likely to churn,0.7213930348258707,2026-08-19
9755-JHNMN,0.016241299303944315,Unlikely to churn,0.9837587006960556,2026-08-19
3981-QSVQI,0.5149700598802395,Likely to churn,0.5149700598802395,2026-08-19
2789-HQBOU,0.7213930348258707,Likely to churn,0.7213930348258707,2026-08-19
9424-CMPOG,0.016241299303944315,Unlikely to churn,0.9837587006960556,2026-08-19
5067-WJEUN,0.016241299303944315,Unlikely to churn,0.9837587006960556,2026-08-19
3450-WXOAT,0.5050301810865191,Likely to churn,0.5050301810865191,2026-08-19
9251-WNSOD,0.09430604982206406,Unlikely to churn,0.905693950177936,2026-08-19
6974-DAFLI,1.0,Likely to churn,1.0,2026-08-19
2616-UUTFK,0.5050301810865191,Likely to churn,0.5050301810865191,2026-08-19
7064-JHXCE,0.016241299303944315,Unlikely to churn,0.9837587006960556,2026-08-19
5103-MHMHY,1.0,Likely to churn,1.0,2026-08-19
7989-AWGEH,0.5050301810865191,Likely to churn,0.5050301810865191,2026-08-19
4373-VVHQL,1.0,Likely to churn,1.0,2026-08-19
4559-UWIHT,0.5050301810865191,Likely to churn,0.5050301810865191,2026-08-19
7268-IGMFD,0.5050301810865191,Likely to churn,0.5050301810865191,2026-08-19
1846-XWOQN,0.825,Likely to churn,0.825,2026-08-19
0235-KGSLC,0.825,Likely to churn,0.825,2026-08-19
6650-BWFRT,0.0,Unlikely to churn,1.0,2026-08-19
9570-KYEUA,0.10679611650485436,Unlikely to churn,0.8932038834951457,2026-08-19
6993-YGFJV,0.0,Unlikely to churn,1.0,2026-08-19
2712-SYWAY,1.0,Likely to churn,1.0,2026-08-19
0730-BGQGF,0.0,Unlikely to churn,1.0,2026-08-19
5498-IBWPI,0.09430604982206406,Unlikely to churn,0.905693950177936,2026-08-19
9101-NTIXF,1.0,Likely to churn,1.0,2026-08-19
0013-SMEOE,0.0,Unlikely to churn,1.0,2026-08-19
9314-QDMDW,0.09430604982206406,Unlikely to churn,0.905693950177936,2026-08-19
9308-ANMVE,0.5050301810865191,Likely to churn,0.5050301810865191,2026-08-19
2884-GBPFB,0.5050301810865191,Likely to churn,0.5050301810865191,2026-08-19
3757-NJYBX,0.5050301810865191,Likely to churn,0.5050301810865191,2026-08-19
3413-DHLPB,0.35384615384615387,Unlikely to churn,0.6461538461538461,2026-08-19
7649-PHJVR,1.0,Likely to churn,1.0,2026-08-19
6114-TCFID,0.09430604982206406,Unlikely to churn,0.905693950177936,2026-08-19
3787-TRIAL,0.5050301810865191,Likely to churn,0.5050301810865191,2026-08-19
2573-GYRUU,0.5050301810865191,Likely to churn,0.5050301810865191,2026-08-19
5156-UMKOW,1.0,Likely to churn,1.0,2026-08-19
1247-QBVSH,0.5050301810865191,Likely to churn,0.5050301810865191,2026-08-19
6734-GMPVK,0.7213930348258707,Likely to churn,0.7213930348258707,2026-08-19
9822-OAOVB,1.0,Likely to churn,1.0,2026-08-19
6161-ERDGD,0.09430604982206406,Unlikely to churn,0.905693950177936,2026-08-19
1226-JZNKR,1.0,Likely to churn,1.0,2026-08-19
7318-EIVKO,0.5149700598802395,Likely to churn,0.5149700598802395,2026-08-19
3771-PZOBW,0.5050301810865191,Likely to churn,0.5050301810865191,2026-08-19
5136-KCKGI,0.2857142857142857,Unlikely to churn,0.7142857142857143,2026-08-19
8231-BSWXX,0.09430604982206406,Unlikely to churn,0.905693950177936,2026-08-19
6486-LHTMA,0.09430604982206406,Unlikely to churn,0.905693950177936,2026-08-19
4083-BFNYK,0.2857142857142857,Unlikely to churn,0.7142857142857143,2026-08-19
3722-WPXTK,0.825,Likely to churn,0.825,2026-08-19
7389-KBFIT,1.0,Likely to churn,1.0,2026-08-19
7176-WIONM,0.5149700598802395,Likely to churn,0.5149700598802395,2026-08-19
5141-ZUVBH,0.7213930348258707,Likely to churn,0.7213930348258707,2026-08-19
1089-HDMKP,0.5149700598802395,Likely to churn,0.5149700598802395,2026-08-19
7623-HKYRK,1.0,Likely to churn,1.0,2026-08-19
0310-SUCIN,0.09430604982206406,Unlikely to churn,0.905693950177936,2026-08-19
5197-PYEPU,0.057692307692307696,Unlikely to churn,0.9423076923076923,2026-08-19
2929-ERCFZ,0.7213930348258707,Likely to churn,0.7213930348258707,2026-08-19
7548-SEPYI,0.7213930348258707,Likely to churn,0.7213930348258707,2026-08-19
8835-VSDSE,0.5149700598802395,Likely to churn,0.5149700598802395,2026-08-19
6619-RPLQZ,0.016241299303944315,Unlikely to churn,0.9837587006960556,2026-08-19
3275-RHRNE,0.09430604982206406,Unlikely to churn,0.905693950177936,2026-08-19
3503-TYDAY,0.5050301810865191,Likely to churn,0.5050301810865191,2026-08-19
6901-GOGZG,0.0,Unlikely to churn,1.0,2026-08-19
1623-NLDOT,0.09430604982206406,Unlikely to churn,0.905693950177936,2026-08-19
7021-XSNYE,0.016241299303944315,Unlikely to churn,0.9837587006960556,2026-08-19
9621-OUPYD,1.0,Likely to churn,1.0,2026-08-19
9898-KZQDZ,0.5050301810865191,Likely to churn,0.5050301810865191,2026-08-19
8982-NHAVY,0.2857142857142857,Unlikely to churn,0.7142857142857143,2026-08-19
4307-KWMXE,0.5149700598802395,Likely to churn,0.5149700598802395,2026-08-19
0141-YEAYS,0.5050301810865191,Likely to churn,0.5050301810865191,2026-08-19
2450-ZKEED,0.09430604982206406,Unlikely to churn,0.905693950177936,2026-08-19
3694-DELSO,0.5149700598802395,Likely to churn,0.5149700598802395,2026-08-19
3893-JRNFS,0.175,Unlikely to churn,0.825,2026-08-19
9603-OAIHC,0.825,Likely to churn,0.825,2026-08-19
1133-KXCGE,1.0,Likely to churn,1.0,2026-08-19
5236-PERKL,0.10679611650485436,Unlikely to churn,0.8932038834951457,2026-08-19
0142-GVYSN,0.5050301810865191,Likely to churn,0.5050301810865191,2026-08-19
1049-FYSYG,0.5050301810865191,Likely to churn,0.5050301810865191,2026-08-19
7854-FOKSF,1.0,Likely to churn,1.0,2026-08-19
2519-FAKOD,0.5050301810865191,Likely to churn,0.5050301810865191,2026-08-19
8406-LNMHF,0.09430604982206406,Unlikely to churn,0.905693950177936,2026-08-19
1821-BUCWY,0.016241299303944315,Unlikely to churn,0.9837587006960556,2026-08-19
8263-JQAIK,1.0,Likely to churn,1.0,2026-08-19
0023-UYUPN,0.09430604982206406,Unlikely to churn,0.905693950177936,2026-08-19
8314-DPQHL,0.09430604982206406,Unlikely to churn,0.905693950177936,2026-08-19
1465-WCZVT,1.0,Likely to churn,1.0,2026-08-19
9481-SFCQY,0.5050301810865191,Likely to churn,0.5050301810865191,2026-08-19
6360-SVNWV,0.5050301810865191,Likely to churn,0.5050301810865191,2026-08-19
0567-GGCAC,0.5149700598802395,Likely to churn,0.5149700598802395,2026-08-19
7089-IVVAZ,0.7213930348258707,Likely to churn,0.7213930348258707,2026-08-19
8884-MRNSU,1.0,Likely to churn,1.0,2026-08-19
2171-UDMFD,0.5050301810865191,Likely to churn,0.5050301810865191,2026-08-19
9050-IKDZA,0.7213930348258707,Likely to churn,0.7213930348258707,2026-08-19
2205-YMZZJ,0.7213930348258707,Likely to churn,0.7213930348258707,2026-08-19
9802-CAQUT,0.0,Unlikely to churn,1.0,2026-08-19
1254-IZEYF,0.5050301810865191,Likely to churn,0.5050301810865191,2026-08-19
0187-WZNAB,0.5050301810865191,Likely to churn,0.5050301810865191,2026-08-19
9492-TOKRI,0.5050301810865191,Likely to churn,0.5050301810865191,2026-08-19
1475-VWVDO,0.5149700598802395,Likely to churn,0.5149700598802395,2026-08-19
9221-OTIVJ,0.5050301810865191,Likely to churn,0.5050301810865191,2026-08-19
1357-MVDOZ,0.5149700598802395,Likely to churn,0.5149700598802395,2026-08-19
7602-MVRMB,0.0,Unlikely to churn,1.0,2026-08-19
3325-FUYCG,0.2857142857142857,Unlikely to churn,0.7142857142857143,2026-08-19
5908-QMGOE,0.5050301810865191,Likely to churn,0.5050301810865191,2026-08-19
1197-BVMVG,0.5149700598802395,Likely to churn,0.5149700598802395,2026-08-19
5406-KGRMX,0.016241299303944315,Unlikely to churn,0.9837587006960556,2026-08-19
8481-YYXWG,0.7213930348258707,Likely to churn,0.7213930348258707,2026-08-19
5968-HYJRZ,0.016241299303944315,Unlikely to churn,0.9837587006960556,2026-08-19
5198-EFNBM,0.09430604982206406,Unlikely to churn,0.905693950177936,2026-08-19
7516-GMHUV,0.10679611650485436,Unlikely to churn,0.8932038834951457,2026-08-19
7140-ADSMJ,0.5149700598802395,Likely to churn,0.5149700598802395,2026-08-19
2230-XTUWL,0.016241299303944315,Unlikely to churn,0.9837587006960556,2026-08-19
7706-YLMQA,1.0,Likely to churn,1.0,2026-08-19
2585-KTFRE,0.825,Likely to churn,0.825,2026-08-19
7994-UYIVZ,0.7213930348258707,Likely to churn,0.7213930348258707,2026-08-19
2609-IAICY,0.825,Likely to churn,0.825,2026-08-19
1740-CSDJP,1.0,Likely to churn,1.0,2026-08-19
7717-BICXI,0.016241299303944315,Unlikely to churn,0.9837587006960556,2026-08-19
6559-RAKOZ,0.057692307692307696,Unlikely to churn,0.9423076923076923,2026-08-19
2636-OHFMN,0.5149700598802395,Likely to churn,0.5149700598802395,2026-08-19
4716-MRVEN,1.0,Likely to churn,1.0,2026-08-19
2143-LJULT,0.016241299303944315,Unlikely to churn,0.9837587006960556,2026-08-19
1323-OOEPC,0.5050301810865191,Likely to churn,0.5050301810865191,2026-08-19
3200-MNQTF,0.016241299303944315,Unlikely to churn,0.9837587006960556,2026-08-19
6164-HXUGH,1.0,Likely to churn,1.0,2026-08-19
5630-IXDXV,0.5050301810865191,Likely to churn,0.5050301810865191,2026-08-19
0320-DWVTU,0.10679611650485436,Unlikely to churn,0.8932038834951457,2026-08-19
9135-MGVPY,0.0,Unlikely to churn,1.0,2026-08-19
1212-GLHMD,0.7213930348258707,Likely to churn,0.7213930348258707,2026-08-19
7878-JGDKK,0.5149700598802395,Likely to churn,0.5149700598802395,2026-08-19
1088-AUUZZ,0.016241299303944315,Unlikely to churn,0.9837587006960556,2026-08-19
0397-GZBBC,0.175,Unlikely to churn,0.825,2026-08-19
6614-YWYSC,0.016241299303944315,Unlikely to churn,0.9837587006960556,2026-08-19
9588-OZDMQ,1.0,Likely to churn,1.0,2026-08-19
7641-EUYET,0.5050301810865191,Likely to churn,0.5050301810865191,2026-08-19
6476-EPYZR,0.5149700598802395,Likely to churn,0.5149700598802395,2026-08-19
9921-ZVRHG,0.5050301810865191,Likely to churn,0.5050301810865191,2026-08-19
1174-FGIFN,0.09430604982206406,Unlikely to churn,0.905693950177936,2026-08-19
6620-HVDUJ,0.5050301810865191,Likely to churn,0.5050301810865191,2026-08-19
4701-MLJPN,0.5050301810865191,Likely to churn,0.5050301810865191,2026-08-19
1032-MAELW,0.09430604982206406,Unlikely to churn,0.905693950177936,2026-08-19
7641-TQFHN,0.10679611650485436,Unlikely to churn,0.8932038834951457,2026-08-19
1552-TKMXS,0.5050301810865191,Likely to churn,0.5050301810865191,2026-08-19
9206-GVPEQ,0.5149700598802395,Likely to churn,0.5149700598802395,2026-08-19
8622-ZLFKO,0.7213930348258707,Likely to churn,0.7213930348258707,2026-08-19
1596-BBVTG,0.5050301810865191,Likely to churn,0.5050301810865191,2026-08-19
6188-UXBBR,1.0,Likely to churn,1.0,2026-08-19
2333-KWEWW,0.016241299303944315,Unlikely to churn,0.9837587006960556,2026-08-19
5702-SKUOB,1.0,Likely to churn,1.0,2026-08-19
1134-YWTYF,0.5050301810865191,Likely to churn,0.5050301810865191,2026-08-19
6061-GWWAV,0.09430604982206406,Unlikely to churn,0.905693950177936,2026-08-19
0679-TDGAK,0.09430604982206406,Unlikely to churn,0.905693950177936,2026-08-19
6585-WCEWR,0.016241299303944315,Unlikely to churn,0.9837587006960556,2026-08-19
9067-YGSCA,0.09430604982206406,Unlikely to churn,0.905693950177936,2026-08-19
9067-SQTNS,1.0,Likely to churn,1.0,2026-08-19
8433-WXGNA,0.5149700598802395,Likely to churn,0.5149700598802395,2026-08-19
1776-SPBWV,1.0,Likely to churn,1.0,2026-08-19
8735-SDUFN,0.016241299303944315,Unlikely to churn,0.9837587006960556,2026-08-19
9668-PUGNU,0.016241299303944315,Unlikely to churn,0.9837587006960556,2026-08-19
9405-GPBBG,0.10679611650485436,Unlikely to churn,0.8932038834951457,2026-08-19
1926-QUZNN,0.016241299303944315,Unlikely to churn,0.9837587006960556,2026-08-19
3707-GNWHM,0.825,Likely to churn,0.825,2026-08-19
7016-NVRIC,0.09430604982206406,Unlikely to churn,0.905693950177936,2026-08-19
5829-NVSQN,0.09430604982206406,Unlikely to churn,0.905693950177936,2026-08-19
9565-AXSMR,0.016241299303944315,Unlikely to churn,0.9837587006960556,2026-08-19
8922-LIEGH,0.5050301810865191,Likely to churn,0.5050301810865191,2026-08-19
8869-LIHMK,0.10679611650485436,Unlikely to churn,0.8932038834951457,2026-08-19
8245-UMPYT,0.5050301810865191,Likely to churn,0.5050301810865191,2026-08-19
5186-SAMNZ,1.0,Likely to churn,1.0,2026-08-19
0447-RXSGD,0.5050301810865191,Likely to churn,0.5050301810865191,2026-08-19
4927-WWOOZ,0.7213930348258707,Likely to churn,0.7213930348258707,2026-08-19
5788-YPOEG,0.0,Unlikely to churn,1.0,2026-08-19
5373-SFODM,0.5050301810865191,Likely to churn,0.5050301810865191,2026-08-19
0661-KBKPA,0.09430604982206406,Unlikely to churn,0.905693950177936,2026-08-19
9081-WWXKP,0.016241299303944315,Unlikely to churn,0.9837587006960556,2026-08-19
0784-ZQJZX,0.016241299303944315,Unlikely to churn,0.9837587006960556,2026-08-19
3133-PZNSR,0.10679611650485436,Unlikely to churn,0.8932038834951457,2026-08-19
5766-ZJYBB,1.0,Likely to churn,1.0,2026-08-19
8931-GJJIQ,0.7213930348258707,Likely to churn,0.7213930348258707,2026-08-19
4277-PVRAN,0.7213930348258707,Likely to churn,0.7213930348258707,2026-08-19
0022-TCJCI,0.09430604982206406,Unlikely to churn,0.905693950177936,2026-08-19
0722-SVSFK,0.7213930348258707,Likely to churn,0.7213930348258707,2026-08-19
3612-YVGSJ,0.016241299303944315,Unlikely to churn,0.9837587006960556,2026-08-19
9825-YCXWZ,0.057692307692307696,Unlikely to churn,0.9423076923076923,2026-08-19
5397-NSKQG,0.016241299303944315,Unlikely to churn,0.9837587006960556,2026-08-19
8565-HBFNN,0.057692307692307696,Unlikely to churn,0.9423076923076923,2026-08-19
2000-DHJUY,0.0,Unlikely to churn,1.0,2026-08-19
0203-HHYIJ,0.09430604982206406,Unlikely to churn,0.905693950177936,2026-08-19
8670-ERCJH,0.0,Unlikely to churn,1.0,2026-08-19
7758-UJWYS,0.016241299303944315,Unlikely to churn,0.9837587006960556,2026-08-19
2050-ONYDQ,0.016241299303944315,Unlikely to churn,0.9837587006960556,2026-08-19
7055-JCGNI,0.0,Unlikely to churn,1.0,2026-08-19
0739-UUAJR,0.016241299303944315,Unlikely to churn,0.9837587006960556,2026-08-19
4826-DXMUP,0.09430604982206406,Unlikely to churn,0.905693950177936,2026-08-19
0952-KMEEH,0.7213930348258707,Likely to churn,0.7213930348258707,2026-08-19
7285-KLOTR,0.09430604982206406,Unlikely to churn,0.905693950177936,2026-08-19
0654-PQKDW,0.09430604982206406,Unlikely to churn,0.905693950177936,2026-08-19
7175-NTIXE,0.5050301810865191,Likely to churn,0.5050301810865191,2026-08-19
7963-SHNDT,0.016241299303944315,Unlikely to churn,0.9837587006960556,2026-08-19
9796-BPKIW,0.5149700598802395,Likely to churn,0.5149700598802395,2026-08-19
0188-GWFLE,1.0,Likely to churn,1.0,2026-08-19
8129-GMVGI,0.016241299303944315,Unlikely to churn,0.9837587006960556,2026-08-19
2882-DDZPG,0.5149700598802395,Likely to churn,0.5149700598802395,2026-08-19
3547-LQRIK,0.09430604982206406,Unlikely to churn,0.905693950177936,2026-08-19
9137-NOQKA,1.0,Likely to churn,1.0,2026-08-19
5843-TTHGI,0.5050301810865191,Likely to churn,0.5050301810865191,2026-08-19
1849-RJYIG,0.5149700598802395,Likely to churn,0.5149700598802395,2026-08-19
8868-GAGIO,0.5050301810865191,Likely to churn,0.5050301810865191,2026-08-19
4061-UKJWL,0.5149700598802395,Likely to churn,0.5149700598802395,2026-08-19
5380-XPJNZ,1.0,Likely to churn,1.0,2026-08-19
8263-QMNTJ,0.0,Unlikely to churn,1.0,2026-08-19
8178-EYZUO,0.5050301810865191,Likely to churn,0.5050301810865191,2026-08-19
3230-JCNZS,0.10679611650485436,Unlikely to churn,0.8932038834951457,2026-08-19
0277-ORXQS,0.016241299303944315,Unlikely to churn,0.9837587006960556,2026-08-19
5130-IEKQT,0.5050301810865191,Likely to churn,0.5050301810865191,2026-08-19
3230-WYKIR,0.09430604982206406,Unlikely to churn,0.905693950177936,2026-08-19
7996-BPXHY,0.016241299303944315,Unlikely to churn,0.9837587006960556,2026-08-19
3227-WLKLI,0.0,Unlikely to churn,1.0,2026-08-19
0407-BDJKB,0.175,Unlikely to churn,0.825,2026-08-19
2266-FUBDZ,0.016241299303944315,Unlikely to churn,0.9837587006960556,2026-08-19
8237-ULIXL,0.016241299303944315,Unlikely to churn,0.9837587006960556,2026-08-19
9600-UDOPK,0.5050301810865191,Likely to churn,0.5050301810865191,2026-08-19
8216-AZUUZ,0.10679611650485436,Unlikely to churn,0.8932038834951457,2026-08-19
9153-BTBVV,0.016241299303944315,Unlikely to churn,0.9837587006960556,2026-08-19
4074-SJFFA,1.0,Likely to churn,1.0,2026-08-19
3269-ATYWD,0.5050301810865191,Likely to churn,0.5050301810865191,2026-08-19
5186-PEIZU,0.5050301810865191,Likely to churn,0.5050301810865191,2026-08-19
1074-AMIOH,0.5050301810865191,Likely to churn,0.5050301810865191,2026-08-19
4910-GMJOT,0.825,Likely to churn,0.825,2026-08-19
0354-WYROK,0.5050301810865191,Likely to churn,0.5050301810865191,2026-08-19
4361-FEBGN,0.016241299303944315,Unlikely to churn,0.9837587006960556,2026-08-19
7748-UMTRK,0.5050301810865191,Likely to churn,0.5050301810865191,2026-08-19
0380-ZCSBI,0.5149700598802395,Likely to churn,0.5149700598802395,2026-08-19
7145-FEJWU,0.7213930348258707,Likely to churn,0.7213930348258707,2026-08-19
6463-MVYRY,0.016241299303944315,Unlikely to churn,0.9837587006960556,2026-08-19
3969-JQABI,0.175,Unlikely to churn,0.825,2026-08-19
9624-EGDEQ,0.016241299303944315,Unlikely to churn,0.9837587006960556,2026-08-19
1051-EQPZR,0.5050301810865191,Likely to churn,0.5050301810865191,2026-08-19
5849-ASHZJ,1.0,Likely to churn,1.0,2026-08-19
5780-INQIK,0.5149700598802395,Likely to churn,0.5149700598802395,2026-08-19
7576-OYWBN,0.5149700598802395,Likely to churn,0.5149700598802395,2026-08-19
4526-ZJJTM,0.5050301810865191,Likely to churn,0.5050301810865191,2026-08-19
8384-FZBJK,0.35384615384615387,Unlikely to churn,0.6461538461538461,2026-08-19
3750-RNQKR,0.5149700598802395,Likely to churn,0.5149700598802395,2026-08-19
0962-CQPWQ,0.016241299303944315,Unlikely to churn,0.9837587006960556,2026-08-19
3096-YXENJ,0.10679611650485436,Unlikely to churn,0.8932038834951457,2026-08-19
1265-BCFEO,0.016241299303944315,Unlikely to churn,0.9837587006960556,2026-08-19
5837-LXSDN,0.09430604982206406,Unlikely to churn,0.905693950177936,2026-08-19
5945-AZYHT,0.057692307692307696,Unlikely to churn,0.9423076923076923,2026-08-19
8325-QRPZR,0.5149700598802395,Likely to churn,0.5149700598802395,2026-08-19
6384-VMJHP,0.016241299303944315,Unlikely to churn,0.9837587006960556,2026-08-19
2262-SLNVK,0.825,Likely to churn,0.825,2026-08-19
7730-CLDSV,0.10679611650485436,Unlikely to churn,0.8932038834951457,2026-08-19
1135-HIORI,0.057692307692307696,Unlikely to churn,0.9423076923076923,2026-08-19
0164-APGRB,0.0,Unlikely to churn,1.0,2026-08-19
6481-ESCNL,0.5050301810865191,Likely to churn,0.5050301810865191,2026-08-19
1790-NESIO,0.016241299303944315,Unlikely to churn,0.9837587006960556,2026-08-19
1550-EENBN,0.5050301810865191,Likely to churn,0.5050301810865191,2026-08-19
5539-TMZLF,1.0,Likely to churn,1.0,2026-08-19
4323-SADQS,0.5149700598802395,Likely to churn,0.5149700598802395,2026-08-19
4446-BZKHU,0.35384615384615387,Unlikely to churn,0.6461538461538461,2026-08-19
5202-IVJNU,0.5050301810865191,Likely to churn,0.5050301810865191,2026-08-19
5976-JCJRH,0.5149700598802395,Likely to churn,0.5149700598802395,2026-08-19
8198-RKSZG,0.5050301810865191,Likely to churn,0.5050301810865191,2026-08-19
0137-OCGAB,0.825,Likely to churn,0.825,2026-08-19
3351-NQLDI,0.057692307692307696,Unlikely to churn,0.9423076923076923,2026-08-19
9297-EONCV,0.0,Unlikely to churn,1.0,2026-08-19
7593-JNWRU,0.5149700598802395,Likely to churn,0.5149700598802395,2026-08-19
4588-YBNIB,1.0,Likely to churn,1.0,2026-08-19
1069-QJOEE,1.0,Likely to churn,1.0,2026-08-19
3336-JORSO,0.5050301810865191,Likely to churn,0.5050301810865191,2026-08-19
7799-DSEWS,0.5050301810865191,Likely to churn,0.5050301810865191,2026-08-19
8766-PAFNE,0.016241299303944315,Unlikely to churn,0.9837587006960556,2026-08-19
5315-CKEQK,0.09430604982206406,Unlikely to churn,0.905693950177936,2026-08-19
3130-ICDUP,0.7213930348258707,Likely to churn,0.7213930348258707,2026-08-19
0820-FNRNX,0.5050301810865191,Likely to churn,0.5050301810865191,2026-08-19
0880-FVFWF,0.175,Unlikely to churn,0.825,2026-08-19
4611-ANLQC,0.09430604982206406,Unlikely to churn,0.905693950177936,2026-08-19
4213-HKBJO,0.016241299303944315,Unlikely to churn,0.9837587006960556,2026-08-19
2792-LSHWX,0.825,Likely to churn,0.825,2026-08-19
5028-GZLDO,0.5149700598802395,Likely to churn,0.5149700598802395,2026-08-19
0014-BMAQU,0.0,Unlikely to churn,1.0,2026-08-19
6861-XWTWQ,0.7213930348258707,Likely to churn,0.7213930348258707,2026-08-19
9018-PCIOK,0.016241299303944315,Unlikely to churn,0.9837587006960556,2026-08-19
4837-QUSFT,0.057692307692307696,Unlikely to churn,0.9423076923076923,2026-08-19
6877-TJMBR,0.825,Likely to churn,0.825,2026-08-19
9953-ZMKSM,0.016241299303944315,Unlikely to churn,0.9837587006960556,2026-08-19
0907-HQNTS,0.0,Unlikely to churn,1.0,2026-08-19
7665-NKLAV,0.016241299303944315,Unlikely to churn,0.9837587006960556,2026-08-19
6769-DCQLI,0.057692307692307696,Unlikely to churn,0.9423076923076923,2026-08-19
2433-KMEAS,0.5050301810865191,Likely to churn,0.5050301810865191,2026-08-19
4391-LNRXK,0.5050301810865191,Likely to churn,0.5050301810865191,2026-08-19
8250-ZNGGW,0.5149700598802395,Likely to churn,0.5149700598802395,2026-08-19
2195-ZRVAX,0.5050301810865191,Likely to churn,0.5050301810865191,2026-08-19
3550-SAHFP,0.5050301810865191,Likely to churn,0.5050301810865191,2026-08-19
2011-TRQYE,0.5050301810865191,Likely to churn,0.5050301810865191,2026-08-19
8562-GHPPI,1.0,Likely to churn,1.0,2026-08-19
5893-PYOLZ,0.0,Unlikely to churn,1.0,2026-08-19
4986-MXSFP,1.0,Likely to churn,1.0,2026-08-19
6131-FOYAS,0.5050301810865191,Likely to churn,0.5050301810865191,2026-08-19
3027-YNWZU,0.016241299303944315,Unlikely to churn,0.9837587006960556,2026-08-19
5609-IMCGG,0.5050301810865191,Likely to churn,0.5050301810865191,2026-08-19
4873-ILOLJ,0.5050301810865191,Likely to churn,0.5050301810865191,2026-08-19
4727-MCYZG,1.0,Likely to churn,1.0,2026-08-19
9481-WHGWY,0.016241299303944315,Unlikely to churn,0.9837587006960556,2026-08-19
2725-KXXWT,0.825,Likely to churn,0.825,2026-08-19
9565-DJPIB,0.7213930348258707,Likely to churn,0.7213930348258707,2026-08-19
4328-VUFWD,0.09430604982206406,Unlikely to churn,0.905693950177936,2026-08-19
3301-LSLWQ,0.5050301810865191,Likely to churn,0.5050301810865191,2026-08-19
7473-ZBDSN,0.016241299303944315,Unlikely to churn,0.9837587006960556,2026-08-19
3166-PNEOF,0.0,Unlikely to churn,1.0,2026-08-19
5639-NTUPK,0.5149700598802395,Likely to churn,0.5149700598802395,2026-08-19
8780-YRMTT,0.016241299303944315,Unlikely to churn,0.9837587006960556,2026-08-19
8348-HFYIV,1.0,Likely to churn,1.0,2026-08-19
5140-FOMCQ,0.057692307692307696,Unlikely to churn,0.9423076923076923,2026-08-19
6242-SGYTS,0.057692307692307696,Unlikely to churn,0.9423076923076923,2026-08-19
8166-ORCHU,0.09430604982206406,Unlikely to churn,0.905693950177936,2026-08-19
8414-OOEEL,0.016241299303944315,Unlikely to churn,0.9837587006960556,2026-08-19
8454-AATJP,0.0,Unlikely to churn,1.0,2026-08-19
6849-WLEYG,1.0,Likely to churn,1.0,2026-08-19
4659-NZRUF,0.5050301810865191,Likely to churn,0.5050301810865191,2026-08-19
4531-AUZNK,0.057692307692307696,Unlikely to churn,0.9423076923076923,2026-08-19
4191-XOVOM,0.35384615384615387,Unlikely to churn,0.6461538461538461,2026-08-19
2150-OEGBV,1.0,Likely to churn,1.0,2026-08-19
8429-XIBUM,0.5050301810865191,Likely to churn,0.5050301810865191,2026-08-19
1855-CFULU,1.0,Likely to churn,1.0,2026-08-19
4878-BUNFV,0.016241299303944315,Unlikely to churn,0.9837587006960556,2026-08-19
1872-EBWSC,1.0,Likely to churn,1.0,2026-08-19
2608-BHKFN,0.5149700598802395,Likely to churn,0.5149700598802395,2026-08-19
7026-YMSBE,1.0,Likely to churn,1.0,2026-08-19
7341-LXCAF,0.5149700598802395,Likely to churn,0.5149700598802395,2026-08-19
6997-UVGOX,0.0,Unlikely to churn,1.0,2026-08-19
9674-EHPPG,0.016241299303944315,Unlikely to churn,0.9837587006960556,2026-08-19
9462-MJUAW,0.5149700598802395,Likely to churn,0.5149700598802395,2026-08-19
8128-YVJRG,0.7213930348258707,Likely to churn,0.7213930348258707,2026-08-19
5440-VHLUL,0.057692307692307696,Unlikely to churn,0.9423076923076923,2026-08-19
5781-BKHOP,0.10679611650485436,Unlikely to churn,0.8932038834951457,2026-08-19
4283-FUTGF,0.5050301810865191,Likely to churn,0.5050301810865191,2026-08-19
5213-TWWJU,0.5050301810865191,Likely to churn,0.5050301810865191,2026-08-19
1569-TTNYJ,0.7213930348258707,Likely to churn,0.7213930348258707,2026-08-19
8628-MFKAX,0.0,Unlikely to churn,1.0,2026-08-19
2397-BRLOM,0.7213930348258707,Likely to churn,0.7213930348258707,2026-08-19
7629-WIXZF,0.09430604982206406,Unlikely to churn,0.905693950177936,2026-08-19
5445-GLVOT,0.5050301810865191,Likely to churn,0.5050301810865191,2026-08-19
3976-HXHCE,0.016241299303944315,Unlikely to churn,0.9837587006960556,2026-08-19
2466-NEJOJ,0.5149700598802395,Likely to churn,0.5149700598802395,2026-08-19
0254-KCJGT,0.09430604982206406,Unlikely to churn,0.905693950177936,2026-08-19
5472-CVMDX,0.016241299303944315,Unlikely to churn,0.9837587006960556,2026-08-19
6461-SZMCV,0.0,Unlikely to churn,1.0,2026-08-19
8150-QUDFX,1.0,Likely to churn,1.0,2026-08-19
9508-ILZDG,0.5050301810865191,Likely to churn,0.5050301810865191,2026-08-19
2346-DJQTB,0.5050301810865191,Likely to churn,0.5050301810865191,2026-08-19
1697-LYYYX,1.0,Likely to churn,1.0,2026-08-19
1942-OQFRW,1.0,Likely to churn,1.0,2026-08-19
4749-VFKVB,1.0,Likely to churn,1.0,2026-08-19
9640-ZSLDC,0.09430604982206406,Unlikely to churn,0.905693950177936,2026-08-19
4231-LZUYM,0.016241299303944315,Unlikely to churn,0.9837587006960556,2026-08-19
7598-UAASY,0.5149700598802395,Likely to churn,0.5149700598802395,2026-08-19
7938-OUHIO,0.7213930348258707,Likely to churn,0.7213930348258707,2026-08-19
8510-AWCXC,0.7213930348258707,Likely to churn,0.7213930348258707,2026-08-19
6128-AQBMT,0.5050301810865191,Likely to churn,0.5050301810865191,2026-08-19
3594-BDSOA,1.0,Likely to churn,1.0,2026-08-19
0431-APWVY,0.09430604982206406,Unlikely to churn,0.905693950177936,2026-08-19
5133-VRSAB,0.5149700598802395,Likely to churn,0.5149700598802395,2026-08-19
5996-DAOQL,1.0,Likely to churn,1.0,2026-08-19
6838-YAUVY,0.10679611650485436,Unlikely to churn,0.8932038834951457,2026-08-19
0484-JPBRU,0.5050301810865191,Likely to churn,0.5050301810865191,2026-08-19
7883-ROJOC,0.5050301810865191,Likely to churn,0.5050301810865191,2026-08-19
0244-LGNFY,0.0,Unlikely to churn,1.0,2026-08-19
7274-CGTOD,0.016241299303944315,Unlikely to churn,0.9837587006960556,2026-08-19
4295-YURET,0.016241299303944315,Unlikely to churn,0.9837587006960556,2026-08-19
3426-NIYYL,0.5050301810865191,Likely to churn,0.5050301810865191,2026-08-19
8225-BTJAU,0.7213930348258707,Likely to churn,0.7213930348258707,2026-08-19
4635-EJYPD,0.016241299303944315,Unlikely to churn,0.9837587006960556,2026-08-19
1866-ZSLJM,0.5050301810865191,Likely to churn,0.5050301810865191,2026-08-19
4636-TVXVG,1.0,Likely to churn,1.0,2026-08-19
4236-UJPWO,1.0,Likely to churn,1.0,2026-08-19
9392-XBGTD,0.016241299303944315,Unlikely to churn,0.9837587006960556,2026-08-19
3387-VATUS,0.7213930348258707,Likely to churn,0.7213930348258707,2026-08-19
6402-SSEJG,0.09430604982206406,Unlikely to churn,0.905693950177936,2026-08-19
1143-NMNQJ,0.7213930348258707,Likely to churn,0.7213930348258707,2026-08-19
1169-SAOCL,0.057692307692307696,Unlikely to churn,0.9423076923076923,2026-08-19
1110-KYLGQ,0.35384615384615387,Unlikely to churn,0.6461538461538461,2026-08-19
9929-PLVPA,1.0,Likely to churn,1.0,2026-08-19
3518-PZXZQ,1.0,Likely to churn,1.0,2026-08-19
2371-JUNGC,0.5149700598802395,Likely to churn,0.5149700598802395,2026-08-19
7693-QPEFS,0.5050301810865191,Likely to churn,0.5050301810865191,2026-08-19
0924-BJCRC,0.175,Unlikely to churn,0.825,2026-08-19
5074-FBGHB,0.057692307692307696,Unlikely to churn,0.9423076923076923,2026-08-19
2351-BKRZW,0.016241299303944315,Unlikely to churn,0.9837587006960556,2026-08-19
4455-BFSPD,0.057692307692307696,Unlikely to churn,0.9423076923076923,2026-08-19
0415-MOSGF,1.0,Likely to churn,1.0,2026-08-19
1724-BQUHA,0.7213930348258707,Likely to churn,0.7213930348258707,2026-08-19
3948-KXDUF,0.016241299303944315,Unlikely to churn,0.9837587006960556,2026-08-19
2323-ARSVR,0.10679611650485436,Unlikely to churn,0.8932038834951457,2026-08-19
0815-MFZGM,0.10679611650485436,Unlikely to churn,0.8932038834951457,2026-08-19
4826-XTSOH,0.825,Likely to churn,0.825,2026-08-19
5480-XTFFL,0.016241299303944315,Unlikely to churn,0.9837587006960556,2026-08-19
8295-FHIVV,0.5149700598802395,Likely to churn,0.5149700598802395,2026-08-19
2495-INZWQ,0.5149700598802395,Likely to churn,0.5149700598802395,2026-08-19
9086-YJYXS,0.09430604982206406,Unlikely to churn,0.905693950177936,2026-08-19
1179-INLAT,1.0,Likely to churn,1.0,2026-08-19
7909-FIOIY,0.5050301810865191,Likely to churn,0.5050301810865191,2026-08-19
4139-SUGLD,0.5050301810865191,Likely to churn,0.5050301810865191,2026-08-19
6857-VWJDT,0.825,Likely to churn,0.825,2026-08-19
6351-SCJKT,0.5149700598802395,Likely to churn,0.5149700598802395,2026-08-19
5468-BPMMO,0.5050301810865191,Likely to churn,0.5050301810865191,2026-08-19
5624-BQSSA,1.0,Likely to churn,1.0,2026-08-19
0197-PNKNK,0.09430604982206406,Unlikely to churn,0.905693950177936,2026-08-19
2439-QKJUL,1.0,Likely to churn,1.0,2026-08-19
1194-SPVSP,1.0,Likely to churn,1.0,2026-08-19
9534-NSXEM,1.0,Likely to churn,1.0,2026-08-19
2408-WITXK,0.5149700598802395,Likely to churn,0.5149700598802395,2026-08-19
8929-KSWIH,0.10679611650485436,Unlikely to churn,0.8932038834951457,2026-08-19
2250-IVBWA,0.175,Unlikely to churn,0.825,2026-08-19
1810-MVMAI,0.5050301810865191,Likely to churn,0.5050301810865191,2026-08-19
9506-UXUSK,0.5149700598802395,Likely to churn,0.5149700598802395,2026-08-19
1229-RCALF,0.057692307692307696,Unlikely to churn,0.9423076923076923,2026-08-19
3572-UOLYZ,0.5050301810865191,Likely to churn,0.5050301810865191,2026-08-19
1429-UYJSV,1.0,Likely to churn,1.0,2026-08-19
5577-OTWWW,0.5050301810865191,Likely to churn,0.5050301810865191,2026-08-19
6100-QQHEB,0.5050301810865191,Likely to churn,0.5050301810865191,2026-08-19
6366-XIVKZ,0.5149700598802395,Likely to churn,0.5149700598802395,2026-08-19
3470-OBUET,0.016241299303944315,Unlikely to churn,0.9837587006960556,2026-08-19
2770-NSVDG,0.5050301810865191,Likely to churn,0.5050301810865191,2026-08-19
9375-MHRRS,0.5149700598802395,Likely to churn,0.5149700598802395,2026-08-19
2634-HCZGT,0.09430604982206406,Unlikely to churn,0.905693950177936,2026-08-19
7503-QQRVF,0.5050301810865191,Likely to churn,0.5050301810865191,2026-08-19
4860-YZGZM,0.5149700598802395,Likely to churn,0.5149700598802395,2026-08-19
6599-GZWCM,0.09430604982206406,Unlikely to churn,0.905693950177936,2026-08-19
2691-NZETQ,0.7213930348258707,Likely to churn,0.7213930348258707,2026-08-19
4404-HIBDJ,0.09430604982206406,Unlikely to churn,0.905693950177936,2026-08-19
5533-NHFRF,0.5149700598802395,Likely to churn,0.5149700598802395,2026-08-19
7037-MTYVW,0.0,Unlikely to churn,1.0,2026-08-19
4760-THGOT,0.5050301810865191,Likely to churn,0.5050301810865191,2026-08-19
7295-JOMMD,0.7213930348258707,Likely to churn,0.7213930348258707,2026-08-19
4016-BJKTZ,0.10679611650485436,Unlikely to churn,0.8932038834951457,2026-08-19
6584-VQMYT,0.09430604982206406,Unlikely to churn,0.905693950177936,2026-08-19
9838-BFCQT,0.016241299303944315,Unlikely to churn,0.9837587006960556,2026-08-19
2790-XUYMV,0.09430604982206406,Unlikely to churn,0.905693950177936,2026-08-19
0581-MDMPW,0.5050301810865191,Likely to churn,0.5050301810865191,2026-08-19
5013-SBUIH,0.10679611650485436,Unlikely to churn,0.8932038834951457,2026-08-19
1023-BQXZE,0.016241299303944315,Unlikely to churn,0.9837587006960556,2026-08-19
9163-GHAYE,0.5050301810865191,Likely to churn,0.5050301810865191,2026-08-19
3904-UKFRE,0.7213930348258707,Likely to churn,0.7213930348258707,2026-08-19
5353-WILCI,0.5050301810865191,Likely to churn,0.5050301810865191,2026-08-19
0709-TVGUR,0.5149700598802395,Likely to churn,0.5149700598802395,2026-08-19
0058-EVZWM,0.175,Unlikely to churn,0.825,2026-08-19
6023-YEBUP,0.7213930348258707,Likely to churn,0.7213930348258707,2026-08-19
7209-JCUDS,0.7213930348258707,Likely to churn,0.7213930348258707,2026-08-19
7009-PCARS,1.0,Likely to churn,1.0,2026-08-19
0519-DRGTI,0.5050301810865191,Likely to churn,0.5050301810865191,2026-08-19
1017-FBQMM,0.057692307692307696,Unlikely to churn,0.9423076923076923,2026-08-19
3001-CBHLQ,0.5050301810865191,Likely to churn,0.5050301810865191,2026-08-19
1985-MBRYP,0.016241299303944315,Unlikely to churn,0.9837587006960556,2026-08-19
6158-DWPZT,1.0,Likely to churn,1.0,2026-08-19
9372-TXXPS,0.016241299303944315,Unlikely to churn,0.9837587006960556,2026-08-19
3259-QMXUN,0.0,Unlikely to churn,1.0,2026-08-19
1015-JPFYW,1.0,Likely to churn,1.0,2026-08-19
6645-MXQJT,0.7213930348258707,Likely to churn,0.7213930348258707,2026-08-19
4360-QRAVE,0.5050301810865191,Likely to churn,0.5050301810865191,2026-08-19
8433-WPJTV,0.057692307692307696,Unlikely to churn,0.9423076923076923,2026-08-19
5804-JMYIO,0.016241299303944315,Unlikely to churn,0.9837587006960556,2026-08-19
3763-GCZHZ,0.057692307692307696,Unlikely to churn,0.9423076923076923,2026-08-19
6484-LATFU,0.016241299303944315,Unlikely to churn,0.9837587006960556,2026-08-19
7599-NTMDP,0.016241299303944315,Unlikely to churn,0.9837587006960556,2026-08-19
0772-GYEQQ,0.7213930348258707,Likely to churn,0.7213930348258707,2026-08-19
0536-ACXIP,0.0,Unlikely to churn,1.0,2026-08-19
0936-NQLJU,0.016241299303944315,Unlikely to churn,0.9837587006960556,2026-08-19
4831-EOBFE,0.5050301810865191,Likely to churn,0.5050301810865191,2026-08-19
1575-KRZZE,0.5149700598802395,Likely to churn,0.5149700598802395,2026-08-19
3251-YMVWZ,1.0,Likely to churn,1.0,2026-08-19
4102-OQUPX,0.825,Likely to churn,0.825,2026-08-19
9170-GYZJC,0.5050301810865191,Likely to churn,0.5050301810865191,2026-08-19
4884-LEVMQ,0.016241299303944315,Unlikely to churn,0.9837587006960556,2026-08-19
8857-CUPFQ,0.016241299303944315,Unlikely to churn,0.9837587006960556,2026-08-19
7610-TVOPG,0.5050301810865191,Likely to churn,0.5050301810865191,2026-08-19
3638-DIMPH,0.09430604982206406,Unlikely to churn,0.905693950177936,2026-08-19
1845-ZLLIG,1.0,Likely to churn,1.0,2026-08-19
8559-WNQZS,0.016241299303944315,Unlikely to churn,0.9837587006960556,2026-08-19
3999-QGRJH,0.5149700598802395,Likely to churn,0.5149700598802395,2026-08-19
1699-UOTXU,0.016241299303944315,Unlikely to churn,0.9837587006960556,2026-08-19
2454-RPBRZ,0.7213930348258707,Likely to churn,0.7213930348258707,2026-08-19
0635-WKOLD,0.09430604982206406,Unlikely to churn,0.905693950177936,2026-08-19
5993-JSUWV,0.016241299303944315,Unlikely to churn,0.9837587006960556,2026-08-19
4518-FZBSX,1.0,Likely to churn,1.0,2026-08-19
5387-ASZNZ,0.09430604982206406,Unlikely to churn,0.905693950177936,2026-08-19
6988-CJEYV,0.5050301810865191,Likely to churn,0.5050301810865191,2026-08-19
2002-MZHWP,1.0,Likely to churn,1.0,2026-08-19
3097-FQTVJ,0.016241299303944315,Unlikely to churn,0.9837587006960556,2026-08-19
5465-BUBFA,0.016241299303944315,Unlikely to churn,0.9837587006960556,2026-08-19
7299-GNVPL,0.5050301810865191,Likely to churn,0.5050301810865191,2026-08-19
9743-DQKQW,1.0,Likely to churn,1.0,2026-08-19
1215-VFYVK,0.5149700598802395,Likely to churn,0.5149700598802395,2026-08-19
9371-BITHB,0.016241299303944315,Unlikely to churn,0.9837587006960556,2026-08-19
2265-CYWIV,0.7213930348258707,Likely to churn,0.7213930348258707,2026-08-19
9093-FPDLG,0.7213930348258707,Likely to churn,0.7213930348258707,2026-08-19
0541-FITGH,0.5149700598802395,Likely to churn,0.5149700598802395,2026-08-19
6985-HAYWX,0.5050301810865191,Likely to churn,0.5050301810865191,2026-08-19
7508-KBIMB,0.09430604982206406,Unlikely to churn,0.905693950177936,2026-08-19
6838-HVLXG,0.5149700598802395,Likely to churn,0.5149700598802395,2026-08-19
2277-DJJDL,0.175,Unlikely to churn,0.825,2026-08-19
1897-OKVMW,0.0,Unlikely to churn,1.0,2026-08-19
5485-ITNPC,0.0,Unlikely to churn,1.0,2026-08-19
0233-FTHAV,0.09430604982206406,Unlikely to churn,0.905693950177936,2026-08-19
4644-PIZRT,0.09430604982206406,Unlikely to churn,0.905693950177936,2026-08-19
8922-NPKBJ,0.016241299303944315,Unlikely to churn,0.9837587006960556,2026-08-19
2740-TVLFN,1.0,Likely to churn,1.0,2026-08-19
7771-CFQRQ,0.016241299303944315,Unlikely to churn,0.9837587006960556,2026-08-19
9512-PHSMG,0.5149700598802395,Likely to churn,0.5149700598802395,2026-08-19
6963-EZQEE,0.0,Unlikely to churn,1.0,2026-08-19
2452-KDRRH,0.35384615384615387,Unlikely to churn,0.6461538461538461,2026-08-19
2004-OCQXK,0.825,Likely to churn,0.825,2026-08-19
5027-QPKTE,0.5149700598802395,Likely to churn,0.5149700598802395,2026-08-19
4146-SVFUD,1.0,Likely to churn,1.0,2026-08-19
1564-HJUVY,0.5149700598802395,Likely to churn,0.5149700598802395,2026-08-19
3617-XLSGQ,0.10679611650485436,Unlikely to churn,0.8932038834951457,2026-08-19
7517-LDMPS,0.7213930348258707,Likely to churn,0.7213930348258707,2026-08-19
7244-KXYZN,1.0,Likely to churn,1.0,2026-08-19
5226-NOZFC,0.5050301810865191,Likely to churn,0.5050301810865191,2026-08-19
2672-HUYVI,0.7213930348258707,Likely to churn,0.7213930348258707,2026-08-19
1400-WIVLL,0.10679611650485436,Unlikely to churn,0.8932038834951457,2026-08-19
7508-MYBOG,0.5050301810865191,Likely to churn,0.5050301810865191,2026-08-19
8148-NLEGT,0.016241299303944315,Unlikely to churn,0.9837587006960556,2026-08-19
0148-DCDOS,0.5050301810865191,Likely to churn,0.5050301810865191,2026-08-19
8347-GDTMP,0.016241299303944315,Unlikely to churn,0.9837587006960556,2026-08-19
9992-RRAMN,0.5050301810865191,Likely to churn,0.5050301810865191,2026-08-19
6746-WAUWT,1.0,Likely to churn,1.0,2026-08-19
0310-MVLET,0.175,Unlikely to churn,0.825,2026-08-19
0428-IKYCP,0.5050301810865191,Likely to churn,0.5050301810865191,2026-08-19
4550-VBOFE,0.35384615384615387,Unlikely to churn,0.6461538461538461,2026-08-19
2187-PKZAY,0.7213930348258707,Likely to churn,0.7213930348258707,2026-08-19
4003-OCTMP,0.09430604982206406,Unlikely to churn,0.905693950177936,2026-08-19
6652-YFFJO,0.5149700598802395,Likely to churn,0.5149700598802395,2026-08-19
7225-IILWY,0.016241299303944315,Unlikely to churn,0.9837587006960556,2026-08-19
5248-RPYWW,0.0,Unlikely to churn,1.0,2026-08-19
7923-IYJWY,0.0,Unlikely to churn,1.0,2026-08-19
3170-GWYKC,0.35384615384615387,Unlikely to churn,0.6461538461538461,2026-08-19
5696-QURRL,1.0,Likely to churn,1.0,2026-08-19
7409-KIUTL,0.825,Likely to churn,0.825,2026-08-19
9830-ECLEN,0.09430604982206406,Unlikely to churn,0.905693950177936,2026-08-19
1732-VHUBQ,0.5050301810865191,Likely to churn,0.5050301810865191,2026-08-19
0495-RVCBF,0.825,Likely to churn,0.825,2026-08-19
2668-TZSPS,1.0,Likely to churn,1.0,2026-08-19
7854-EDSSA,0.5050301810865191,Likely to churn,0.5050301810865191,2026-08-19
8869-TORSS,0.09430604982206406,Unlikely to churn,0.905693950177936,2026-08-19
7446-SFAOA,1.0,Likely to churn,1.0,2026-08-19
9522-ZSINC,1.0,Likely to churn,1.0,2026-08-19
8234-GSZYK,0.016241299303944315,Unlikely to churn,0.9837587006960556,2026-08-19
6505-OZNPG,0.016241299303944315,Unlikely to churn,0.9837587006960556,2026-08-19
6164-HAQTX,0.016241299303944315,Unlikely to churn,0.9837587006960556,2026-08-19
0679-IDSTG,1.0,Likely to churn,1.0,2026-08-19
7765-LWVVH,0.10679611650485436,Unlikely to churn,0.8932038834951457,2026-08-19
1658-TJVOA,0.5149700598802395,Likely to churn,0.5149700598802395,2026-08-19
0953-LGOVU,0.5149700598802395,Likely to churn,0.5149700598802395,2026-08-19
2115-BFTIW,0.5050301810865191,Likely to churn,0.5050301810865191,2026-08-19
4692-NNQRU,0.09430604982206406,Unlikely to churn,0.905693950177936,2026-08-19
7742-MYPGI,0.5149700598802395,Likely to churn,0.5149700598802395,2026-08-19
0611-DFXKO,0.5050301810865191,Likely to churn,0.5050301810865191,2026-08-19
7780-OTDSO,0.5050301810865191,Likely to churn,0.5050301810865191,2026-08-19
9619-GSATL,0.09430604982206406,Unlikely to churn,0.905693950177936,2026-08-19
5622-UEJFI,0.016241299303944315,Unlikely to churn,0.9837587006960556,2026-08-19
9747-DDZOS,0.825,Likely to churn,0.825,2026-08-19
0674-DGMAQ,0.5050301810865191,Likely to churn,0.5050301810865191,2026-08-19
6203-HBZPA,0.016241299303944315,Unlikely to churn,0.9837587006960556,2026-08-19
0484-FFVBJ,0.09430604982206406,Unlikely to churn,0.905693950177936,2026-08-19
0301-FIDRB,0.016241299303944315,Unlikely to churn,0.9837587006960556,2026-08-19
4139-JPIAM,0.5050301810865191,Likely to churn,0.5050301810865191,2026-08-19
2181-TIDSV,0.016241299303944315,Unlikely to churn,0.9837587006960556,2026-08-19
2761-XECQW,0.5149700598802395,Likely to churn,0.5149700598802395,2026-08-19
1936-CZAKF,0.016241299303944315,Unlikely to churn,0.9837587006960556,2026-08-19
9453-PATOS,0.0,Unlikely to churn,1.0,2026-08-19
0564-JJHGS,0.7213930348258707,Likely to churn,0.7213930348258707,2026-08-19
3348-CFRNX,0.5050301810865191,Likely to churn,0.5050301810865191,2026-08-19
4402-FTBXC,0.5050301810865191,Likely to churn,0.5050301810865191,2026-08-19
1428-GTBJJ,0.5149700598802395,Likely to churn,0.5149700598802395,2026-08-19
2931-XIQBR,0.057692307692307696,Unlikely to churn,0.9423076923076923,2026-08-19
0106-UGRDO,0.0,Unlikely to churn,1.0,2026-08-19
5542-TBBWB,1.0,Likely to churn,1.0,2026-08-19
1930-QPBVZ,0.10679611650485436,Unlikely to churn,0.8932038834951457,2026-08-19
2606-PKWJB,0.09430604982206406,Unlikely to churn,0.905693950177936,2026-08-19
5322-ZSMZY,0.016241299303944315,Unlikely to churn,0.9837587006960556,2026-08-19
8059-UDZFY,0.5050301810865191,Likely to churn,0.5050301810865191,2026-08-19
7740-BTPUX,0.10679611650485436,Unlikely to churn,0.8932038834951457,2026-08-19
5220-AGAAX,0.016241299303944315,Unlikely to churn,0.9837587006960556,2026-08-19
0208-BPQEJ,0.5149700598802395,Likely to churn,0.5149700598802395,2026-08-19
9435-JMLSX,0.0,Unlikely to churn,1.0,2026-08-19
3352-ALMCK,0.5050301810865191,Likely to churn,0.5050301810865191,2026-08-19
5312-IRCFR,0.09430604982206406,Unlikely to churn,0.905693950177936,2026-08-19
5294-IMHHT,0.057692307692307696,Unlikely to churn,0.9423076923076923,2026-08-19
8802-UNOJF,0.7213930348258707,Likely to churn,0.7213930348258707,2026-08-19
6313-GIDIT,0.5050301810865191,Likely to churn,0.5050301810865191,2026-08-19
6176-YJWAS,0.10679611650485436,Unlikely to churn,0.8932038834951457,2026-08-19
5310-NOOVA,0.016241299303944315,Unlikely to churn,0.9837587006960556,2026-08-19
4526-EXKKN,0.016241299303944315,Unlikely to churn,0.9837587006960556,2026-08-19
5311-IHLEI,0.5149700598802395,Likely to churn,0.5149700598802395,2026-08-19
3987-KQDDU,0.5149700598802395,Likely to churn,0.5149700598802395,2026-08-19
3404-JNXAX,0.5050301810865191,Likely to churn,0.5050301810865191,2026-08-19
5131-PONJI,0.5050301810865191,Likely to churn,0.5050301810865191,2026-08-19
2845-AFFTX,0.5050301810865191,Likely to churn,0.5050301810865191,2026-08-19
3489-VSFRD,0.09430604982206406,Unlikely to churn,0.905693950177936,2026-08-19
3345-JHUEO,1.0,Likely to churn,1.0,2026-08-19
5815-HGGHV,0.09430604982206406,Unlikely to churn,0.905693950177936,2026-08-19
5260-UMPWX,0.5050301810865191,Likely to churn,0.5050301810865191,2026-08-19
2249-YPRNG,0.5050301810865191,Likely to churn,0.5050301810865191,2026-08-19
7410-YTJIK,0.5149700598802395,Likely to churn,0.5149700598802395,2026-08-19
4626-GYCZP,0.7213930348258707,Likely to churn,0.7213930348258707,2026-08-19
5649-RXQTV,0.5050301810865191,Likely to churn,0.5050301810865191,2026-08-19
2674-MIAHT,0.7213930348258707,Likely to churn,0.7213930348258707,2026-08-19
2576-HXMPA,1.0,Likely to churn,1.0,2026-08-19
7587-AOVVU,0.5050301810865191,Likely to churn,0.5050301810865191,2026-08-19
5590-BYNII,0.5050301810865191,Likely to churn,0.5050301810865191,2026-08-19
6898-MDLZW,0.5149700598802395,Likely to churn,0.5149700598802395,2026-08-19
3237-AJGEH,1.0,Likely to churn,1.0,2026-08-19
4707-YNOQA,0.09430604982206406,Unlikely to churn,0.905693950177936,2026-08-19
9357-UJRUN,0.09430604982206406,Unlikely to churn,0.905693950177936,2026-08-19
1591-NFNLQ,0.5050301810865191,Likely to churn,0.5050301810865191,2026-08-19
8648-PFRMP,0.5050301810865191,Likely to churn,0.5050301810865191,2026-08-19
7663-CUXZB,0.10679611650485436,Unlikely to churn,0.8932038834951457,2026-08-19
0258-NOKBL,0.7213930348258707,Likely to churn,0.7213930348258707,2026-08-19
1163-VIPRI,0.10679611650485436,Unlikely to churn,0.8932038834951457,2026-08-19
2815-CPTUL,0.5149700598802395,Likely to churn,0.5149700598802395,2026-08-19
9348-ROUAI,0.0,Unlikely to churn,1.0,2026-08-19
9443-JUBUO,0.016241299303944315,Unlikely to churn,0.9837587006960556,2026-08-19
0596-BQCEQ,0.35384615384615387,Unlikely to churn,0.6461538461538461,2026-08-19
1481-ZUWZA,0.5050301810865191,Likely to churn,0.5050301810865191,2026-08-19
3043-TYBNO,0.5149700598802395,Likely to churn,0.5149700598802395,2026-08-19
4830-FAXFM,0.5050301810865191,Likely to churn,0.5050301810865191,2026-08-19
5906-BFOZT,1.0,Likely to churn,1.0,2026-08-19
2960-NKRSO,0.5050301810865191,Likely to churn,0.5050301810865191,2026-08-19
8996-ZROXE,0.09430604982206406,Unlikely to churn,0.905693950177936,2026-08-19
5598-IKHQQ,0.016241299303944315,Unlikely to churn,0.9837587006960556,2026-08-19
0397-ZXWQF,0.016241299303944315,Unlikely to churn,0.9837587006960556,2026-08-19
5266-PFRQK,1.0,Likely to churn,1.0,2026-08-19
4674-HGNUA,0.0,Unlikely to churn,1.0,2026-08-19
6765-MBQNU,0.09430604982206406,Unlikely to churn,0.905693950177936,2026-08-19
9786-IJYDL,0.10679611650485436,Unlikely to churn,0.8932038834951457,2026-08-19
1303-SRDOK,0.016241299303944315,Unlikely to churn,0.9837587006960556,2026-08-19
3769-MHZNV,0.016241299303944315,Unlikely to churn,0.9837587006960556,2026-08-19
6295-OSINB,0.0,Unlikely to churn,1.0,2026-08-19
3308-MHOOC,1.0,Likely to churn,1.0,2026-08-19
2309-OSFEU,0.5149700598802395,Likely to churn,0.5149700598802395,2026-08-19
2207-QPJED,0.5050301810865191,Likely to churn,0.5050301810865191,2026-08-19
4177-JPDFU,0.5149700598802395,Likely to churn,0.5149700598802395,2026-08-19
2239-CFOUJ,1.0,Likely to churn,1.0,2026-08-19
8046-DNVTL,0.016241299303944315,Unlikely to churn,0.9837587006960556,2026-08-19
2209-XADXF,1.0,Likely to churn,1.0,2026-08-19
6620-JDYNW,0.5050301810865191,Likely to churn,0.5050301810865191,2026-08-19
1891-FZYSA,0.175,Unlikely to churn,0.825,2026-08-19
4770-UEZOX,0.5149700598802395,Likely to churn,0.5149700598802395,2026-08-19
1038-RQOST,0.5050301810865191,Likely to churn,0.5050301810865191,2026-08-19
7613-LLQFO,0.7213930348258707,Likely to churn,0.7213930348258707,2026-08-19
4568-TTZRT,0.5149700598802395,Likely to churn,0.5149700598802395,2026-08-19
9513-DXHDA,0.09430604982206406,Unlikely to churn,0.905693950177936,2026-08-19
2640-PMGFL,0.5050301810865191,Likely to churn,0.5050301810865191,2026-08-19
3801-HMYNL,0.825,Likely to churn,0.825,2026-08-19
0516-QREYC,0.5050301810865191,Likely to churn,0.5050301810865191,2026-08-19
9685-WKZGT,0.5050301810865191,Likely to churn,0.5050301810865191,2026-08-19
6022-UGGSO,0.5050301810865191,Likely to churn,0.5050301810865191,2026-08-19
8084-OIVBS,1.0,Likely to churn,1.0,2026-08-19
8896-BQTTI,1.0,Likely to churn,1.0,2026-08-19
3865-QBWSJ,0.5050301810865191,Likely to churn,0.5050301810865191,2026-08-19
3352-RICWQ,0.016241299303944315,Unlikely to churn,0.9837587006960556,2026-08-19
2160-GPFXD,0.016241299303944315,Unlikely to churn,0.9837587006960556,2026-08-19
2065-MMKGR,0.09430604982206406,Unlikely to churn,0.905693950177936,2026-08-19
5857-TYBCJ,0.5050301810865191,Likely to churn,0.5050301810865191,2026-08-19
1498-NHTLT,0.0,Unlikely to churn,1.0,2026-08-19
4484-CGXFK,0.5149700598802395,Likely to churn,0.5149700598802395,2026-08-19
1402-PTHGN,0.09430604982206406,Unlikely to churn,0.905693950177936,2026-08-19
4176-RELJR,0.016241299303944315,Unlikely to churn,0.9837587006960556,2026-08-19
6214-EDAKZ,0.5050301810865191,Likely to churn,0.5050301810865191,2026-08-19
5199-FPUSP,0.09430604982206406,Unlikely to churn,0.905693950177936,2026-08-19
6377-KSLXC,1.0,Likely to churn,1.0,2026-08-19
1796-JANOW,1.0,Likely to churn,1.0,2026-08-19
0238-WHBIQ,0.0,Unlikely to churn,1.0,2026-08-19
8735-NBLWT,0.5149700598802395,Likely to churn,0.5149700598802395,2026-08-19
6651-RLGGM,0.016241299303944315,Unlikely to churn,0.9837587006960556,2026-08-19
6127-ISGTU,0.5050301810865191,Likely to churn,0.5050301810865191,2026-08-19
1614-JBEBI,0.5149700598802395,Likely to churn,0.5149700598802395,2026-08-19
8740-XLHDR,0.5149700598802395,Likely to churn,0.5149700598802395,2026-08-19
1208-DNHLN,0.09430604982206406,Unlikely to churn,0.905693950177936,2026-08-19
1761-AEZZR,0.825,Likely to churn,0.825,2026-08-19
3923-CSIHK,0.5050301810865191,Likely to churn,0.5050301810865191,2026-08-19
5696-EXCYS,0.016241299303944315,Unlikely to churn,0.9837587006960556,2026-08-19
5795-KTGUD,0.10679611650485436,Unlikely to churn,0.8932038834951457,2026-08-19
7120-RFMVS,0.825,Likely to churn,0.825,2026-08-19
7924-GJZFI,0.5050301810865191,Likely to churn,0.5050301810865191,2026-08-19
4702-HDRKD,0.09430604982206406,Unlikely to churn,0.905693950177936,2026-08-19
8512-WIWYV,1.0,Likely to churn,1.0,2026-08-19
5897-ZYEKH,0.057692307692307696,Unlikely to churn,0.9423076923076923,2026-08-19
5456-ITGIC,0.016241299303944315,Unlikely to churn,0.9837587006960556,2026-08-19
7317-GGVPB,0.10679611650485436,Unlikely to churn,0.8932038834951457,2026-08-19
1406-PUQVY,1.0,Likely to churn,1.0,2026-08-19
1322-AGOQM,0.5050301810865191,Likely to churn,0.5050301810865191,2026-08-19
3677-IYRBF,1.0,Likely to churn,1.0,2026-08-19
5692-FPTAH,1.0,Likely to churn,1.0,2026-08-19
9114-AAFQH,0.09430604982206406,Unlikely to churn,0.905693950177936,2026-08-19
8715-KKTFG,0.057692307692307696,Unlikely to churn,0.9423076923076923,2026-08-19
1550-LOAHA,0.5050301810865191,Likely to churn,0.5050301810865191,2026-08-19
1728-BQDMA,1.0,Likely to churn,1.0,2026-08-19
0268-QKIWO,1.0,Likely to churn,1.0,2026-08-19
0876-WDUUZ,0.7213930348258707,Likely to churn,0.7213930348258707,2026-08-19
5117-ZSMHQ,0.0,Unlikely to churn,1.0,2026-08-19
5151-HQRDG,0.5050301810865191,Likely to churn,0.5050301810865191,2026-08-19
0960-HUWBM,0.10679611650485436,Unlikely to churn,0.8932038834951457,2026-08-19
6465-GSRCL,0.057692307692307696,Unlikely to churn,0.9423076923076923,2026-08-19
0617-FHSGK,0.5050301810865191,Likely to churn,0.5050301810865191,2026-08-19
0263-FJTQO,0.016241299303944315,Unlikely to churn,0.9837587006960556,2026-08-19
7319-ZNRTR,1.0,Likely to churn,1.0,2026-08-19
2858-MOFSQ,0.09430604982206406,Unlikely to churn,0.905693950177936,2026-08-19
7503-EPSZW,0.016241299303944315,Unlikely to churn,0.9837587006960556,2026-08-19
7089-XXAYG,0.09430604982206406,Unlikely to churn,0.905693950177936,2026-08-19
8118-LSUEL,0.5050301810865191,Likely to churn,0.5050301810865191,2026-08-19
8070-AAWZP,0.5050301810865191,Likely to churn,0.5050301810865191,2026-08-19
1666-JXLKU,0.5050301810865191,Likely to churn,0.5050301810865191,2026-08-19
7855-DIWPO,0.5050301810865191,Likely to churn,0.5050301810865191,2026-08-19
5133-POWUA,1.0,Likely to churn,1.0,2026-08-19
5652-MSDEY,0.5149700598802395,Likely to churn,0.5149700598802395,2026-08-19
7005-CCBKV,0.7213930348258707,Likely to churn,0.7213930348258707,2026-08-19
1810-BOHSY,0.057692307692307696,Unlikely to churn,0.9423076923076923,2026-08-19
1784-BXEFA,0.5149700598802395,Likely to churn,0.5149700598802395,2026-08-19
7351-MHQVU,0.5149700598802395,Likely to churn,0.5149700598802395,2026-08-19
9224-VTYID,0.0,Unlikely to churn,1.0,2026-08-19
9500-IWPXQ,0.09430604982206406,Unlikely to churn,0.905693950177936,2026-08-19
5762-TJXGK,0.016241299303944315,Unlikely to churn,0.9837587006960556,2026-08-19
4504-YOULA,0.5050301810865191,Likely to churn,0.5050301810865191,2026-08-19
5569-IDSEY,0.057692307692307696,Unlikely to churn,0.9423076923076923,2026-08-19
4250-FDVOU,0.5149700598802395,Likely to churn,0.5149700598802395,2026-08-19
7284-ZZLOH,0.016241299303944315,Unlikely to churn,0.9837587006960556,2026-08-19
5277-ZLOOR,0.7213930348258707,Likely to churn,0.7213930348258707,2026-08-19
2141-RRYGO,0.5149700598802395,Likely to churn,0.5149700598802395,2026-08-19
1777-JYQPJ,1.0,Likely to churn,1.0,2026-08-19
6376-GAHQE,0.5149700598802395,Likely to churn,0.5149700598802395,2026-08-19
3401-URHDA,0.09430604982206406,Unlikely to churn,0.905693950177936,2026-08-19
1599-EAHXY,1.0,Likely to churn,1.0,2026-08-19
8631-XVRZL,1.0,Likely to churn,1.0,2026-08-19
5052-PNLOS,0.7213930348258707,Likely to churn,0.7213930348258707,2026-08-19
3853-LYGAM,0.5050301810865191,Likely to churn,0.5050301810865191,2026-08-19
6979-ZNSFF,0.7213930348258707,Likely to churn,0.7213930348258707,2026-08-19
5751-USDBL,0.0,Unlikely to churn,1.0,2026-08-19
5680-LQOGP,0.0,Unlikely to churn,1.0,2026-08-19
2386-LAHRK,1.0,Likely to churn,1.0,2026-08-19
8189-DUKMV,1.0,Likely to churn,1.0,2026-08-19
6032-IGALN,1.0,Likely to churn,1.0,2026-08-19
9931-DCEZH,0.09430604982206406,Unlikely to churn,0.905693950177936,2026-08-19
1898-JSNDC,0.09430604982206406,Unlikely to churn,0.905693950177936,2026-08-19
0315-LVCRK,0.7213930348258707,Likely to churn,0.7213930348258707,2026-08-19
3911-RSNHI,0.016241299303944315,Unlikely to churn,0.9837587006960556,2026-08-19
2410-CIYFZ,1.0,Likely to churn,1.0,2026-08-19
4248-HCETZ,0.5050301810865191,Likely to churn,0.5050301810865191,2026-08-19
5505-OVWQW,1.0,Likely to churn,1.0,2026-08-19
7271-AJDTL,0.175,Unlikely to churn,0.825,2026-08-19
1867-TJHTS,0.175,Unlikely to churn,0.825,2026-08-19
0516-WJVXC,0.5149700598802395,Likely to churn,0.5149700598802395,2026-08-19
9174-FKWZE,1.0,Likely to churn,1.0,2026-08-19
6860-YRJZP,0.5149700598802395,Likely to churn,0.5149700598802395,2026-08-19
4429-WYGFR,0.5050301810865191,Likely to churn,0.5050301810865191,2026-08-19
2817-LVCPP,0.016241299303944315,Unlikely to churn,0.9837587006960556,2026-08-19
5038-ETMLM,0.0,Unlikely to churn,1.0,2026-08-19
5056-FIMPT,0.057692307692307696,Unlikely to churn,0.9423076923076923,2026-08-19
4521-WFJAI,0.016241299303944315,Unlikely to churn,0.9837587006960556,2026-08-19
6569-KTMDU,1.0,Likely to churn,1.0,2026-08-19
8809-RIHDD,0.10679611650485436,Unlikely to churn,0.8932038834951457,2026-08-19
8809-XKHMD,0.10679611650485436,Unlikely to churn,0.8932038834951457,2026-08-19
0396-YCHWO,0.5050301810865191,Likely to churn,0.5050301810865191,2026-08-19
0867-LDTTC,0.5149700598802395,Likely to churn,0.5149700598802395,2026-08-19
4822-NGOCH,0.7213930348258707,Likely to churn,0.7213930348258707,2026-08-19
9391-DXGGG,0.09430604982206406,Unlikely to churn,0.905693950177936,2026-08-19
9844-FELAJ,0.057692307692307696,Unlikely to churn,0.9423076923076923,2026-08-19
2122-SZZZD,1.0,Likely to churn,1.0,2026-08-19
5307-DZCVC,0.5050301810865191,Likely to churn,0.5050301810865191,2026-08-19
3148-AOIQT,0.016241299303944315,Unlikely to churn,0.9837587006960556,2026-08-19
8679-JOEVF,0.5050301810865191,Likely to churn,0.5050301810865191,2026-08-19
8395-ETZKQ,1.0,Likely to churn,1.0,2026-08-19
6692-YQHXC,0.5050301810865191,Likely to churn,0.5050301810865191,2026-08-19
3889-VWBID,0.0,Unlikely to churn,1.0,2026-08-19
5222-JCXZT,1.0,Likely to churn,1.0,2026-08-19
9754-CLVZW,0.5050301810865191,Likely to churn,0.5050301810865191,2026-08-19
1432-FPAXX,0.5050301810865191,Likely to churn,0.5050301810865191,2026-08-19
2739-CCZMB,1.0,Likely to churn,1.0,2026-08-19
7080-TNUWP,0.057692307692307696,Unlikely to churn,0.9423076923076923,2026-08-19
0496-AHOOK,0.09430604982206406,Unlikely to churn,0.905693950177936,2026-08-19
8336-TAVKX,0.016241299303944315,Unlikely to churn,0.9837587006960556,2026-08-19
2468-SJFLM,0.825,Likely to churn,0.825,2026-08-19
3181-VTHOE,0.09430604982206406,Unlikely to churn,0.905693950177936,2026-08-19
7168-HDQHG,0.5050301810865191,Likely to churn,0.5050301810865191,2026-08-19
4803-AXVYP,0.5050301810865191,Likely to churn,0.5050301810865191,2026-08-19
3884-HCSWG,0.5050301810865191,Likely to churn,0.5050301810865191,2026-08-19
4567-AKPIA,0.057692307692307696,Unlikely to churn,0.9423076923076923,2026-08-19
5077-DXTCG,1.0,Likely to churn,1.0,2026-08-19
1142-WACZW,1.0,Likely to churn,1.0,2026-08-19
7901-HXJVA,0.5050301810865191,Likely to churn,0.5050301810865191,2026-08-19
5649-ANRML,0.7213930348258707,Likely to churn,0.7213930348258707,2026-08-19
4892-VLANZ,1.0,Likely to churn,1.0,2026-08-19
5924-IFQTT,0.5149700598802395,Likely to churn,0.5149700598802395,2026-08-19
7968-QUXNS,1.0,Likely to churn,1.0,2026-08-19
2919-HBCJO,0.5149700598802395,Likely to churn,0.5149700598802395,2026-08-19
4236-XPXAV,0.7213930348258707,Likely to churn,0.7213930348258707,2026-08-19
8903-WMRNW,0.5050301810865191,Likely to churn,0.5050301810865191,2026-08-19
2452-SNHFZ,0.5050301810865191,Likely to churn,0.5050301810865191,2026-08-19
3629-WEAAM,0.5149700598802395,Likely to churn,0.5149700598802395,2026-08-19
6029-CSMJE,0.5050301810865191,Likely to churn,0.5050301810865191,2026-08-19
7993-NQLJE,0.5050301810865191,Likely to churn,0.5050301810865191,2026-08-19
9909-DFRJA,0.2857142857142857,Unlikely to churn,0.7142857142857143,2026-08-19
9099-FTUHS,0.5050301810865191,Likely to churn,0.5050301810865191,2026-08-19
0581-BXBUB,0.5149700598802395,Likely to churn,0.5149700598802395,2026-08-19
4962-CHQPW,1.0,Likely to churn,1.0,2026-08-19
9467-ROOLM,0.5050301810865191,Likely to churn,0.5050301810865191,2026-08-19
3030-YZADT,0.5149700598802395,Likely to churn,0.5149700598802395,2026-08-19
7410-KTVFV,0.5050301810865191,Likely to churn,0.5050301810865191,2026-08-19
5150-ITWWB,0.7213930348258707,Likely to churn,0.7213930348258707,2026-08-19
2253-KPMNB,0.016241299303944315,Unlikely to churn,0.9837587006960556,2026-08-19
1345-ZUKID,1.0,Likely to churn,1.0,2026-08-19
6429-SHBCB,0.5050301810865191,Likely to churn,0.5050301810865191,2026-08-19
9281-OFDMF,0.5050301810865191,Likely to churn,0.5050301810865191,2026-08-19
2603-HVKCG,0.5050301810865191,Likely to churn,0.5050301810865191,2026-08-19
1834-WULEG,1.0,Likely to churn,1.0,2026-08-19
9097-ZUBYC,0.5050301810865191,Likely to churn,0.5050301810865191,2026-08-19
5148-ORICT,0.016241299303944315,Unlikely to churn,0.9837587006960556,2026-08-19
4893-GYUJU,1.0,Likely to churn,1.0,2026-08-19
4578-PHJYZ,0.09430604982206406,Unlikely to churn,0.905693950177936,2026-08-19
7272-QDCKA,0.2857142857142857,Unlikely to churn,0.7142857142857143,2026-08-19
8908-SLFCJ,0.016241299303944315,Unlikely to churn,0.9837587006960556,2026-08-19
8393-DLHGA,0.5050301810865191,Likely to churn,0.5050301810865191,2026-08-19
9766-HGEDE,1.0,Likely to churn,1.0,2026-08-19
6968-MHOMU,0.09430604982206406,Unlikely to churn,0.905693950177936,2026-08-19
7395-IGJOS,0.5050301810865191,Likely to churn,0.5050301810865191,2026-08-19
5044-XDPYX,0.016241299303944315,Unlikely to churn,0.9837587006960556,2026-08-19
1814-WFGVS,0.016241299303944315,Unlikely to churn,0.9837587006960556,2026-08-19
2834-SPCJV,0.5050301810865191,Likely to churn,0.5050301810865191,2026-08-19
3721-WKIIL,0.016241299303944315,Unlikely to churn,0.9837587006960556,2026-08-19
6734-CKRSM,1.0,Likely to churn,1.0,2026-08-19
1265-ZFOSD,0.0,Unlikely to churn,1.0,2026-08-19
6568-POCUI,0.10679611650485436,Unlikely to churn,0.8932038834951457,2026-08-19
7890-VYYWG,1.0,Likely to churn,1.0,2026-08-19
5197-LQXXH,0.0,Unlikely to churn,1.0,2026-08-19
9907-SWKKF,1.0,Likely to churn,1.0,2026-08-19
3457-PQBYH,0.016241299303944315,Unlikely to churn,0.9837587006960556,2026-08-19
7682-AZNDK,0.5050301810865191,Likely to churn,0.5050301810865191,2026-08-19
0587-DMGBH,0.5149700598802395,Likely to churn,0.5149700598802395,2026-08-19
5384-ZTTWP,0.5050301810865191,Likely to churn,0.5050301810865191,2026-08-19
3745-HRPHI,0.016241299303944315,Unlikely to churn,0.9837587006960556,2026-08-19
7636-OWBPG,0.5149700598802395,Likely to churn,0.5149700598802395,2026-08-19
1231-YNDEK,0.016241299303944315,Unlikely to churn,0.9837587006960556,2026-08-19
1407-DIGZV,0.016241299303944315,Unlikely to churn,0.9837587006960556,2026-08-19
6397-JNZZG,0.5050301810865191,Likely to churn,0.5050301810865191,2026-08-19
0570-BFQHT,0.7213930348258707,Likely to churn,0.7213930348258707,2026-08-19
4393-OBCRR,1.0,Likely to churn,1.0,2026-08-19
3523-QRQLL,0.09430604982206406,Unlikely to churn,0.905693950177936,2026-08-19
8564-LDKFL,0.057692307692307696,Unlikely to churn,0.9423076923076923,2026-08-19
3696-DFHHB,0.016241299303944315,Unlikely to churn,0.9837587006960556,2026-08-19
0895-DQHEW,0.5050301810865191,Likely to churn,0.5050301810865191,2026-08-19
4717-GHADL,0.016241299303944315,Unlikely to churn,0.9837587006960556,2026-08-19
5501-TVMGM,1.0,Likely to churn,1.0,2026-08-19
5879-HMFFH,0.0,Unlikely to churn,1.0,2026-08-19
6772-WFQRD,1.0,Likely to churn,1.0,2026-08-19
3810-DVDQQ,0.0,Unlikely to churn,1.0,2026-08-19
6972-SNKKW,1.0,Likely to churn,1.0,2026-08-19
3694-GLTJM,1.0,Likely to churn,1.0,2026-08-19
8550-XSXUQ,0.09430604982206406,Unlikely to churn,0.905693950177936,2026-08-19
8149-RSOUN,0.825,Likely to churn,0.825,2026-08-19
9055-MOJJJ,0.09430604982206406,Unlikely to churn,0.905693950177936,2026-08-19
4359-INNWN,1.0,Likely to churn,1.0,2026-08-19
0585-EGDDA,0.5050301810865191,Likely to churn,0.5050301810865191,2026-08-19
4032-RMHCI,0.09430604982206406,Unlikely to churn,0.905693950177936,2026-08-19
0549-CYCQN,0.09430604982206406,Unlikely to churn,0.905693950177936,2026-08-19
3481-JHUZH,0.5050301810865191,Likely to churn,0.5050301810865191,2026-08-19
7250-EQKIY,1.0,Likely to churn,1.0,2026-08-19
3594-IVHJZ,1.0,Likely to churn,1.0,2026-08-19
6869-FGJJC,0.09430604982206406,Unlikely to churn,0.905693950177936,2026-08-19
3896-ZVNET,0.016241299303944315,Unlikely to churn,0.9837587006960556,2026-08-19
8205-VSLRB,0.016241299303944315,Unlikely to churn,0.9837587006960556,2026-08-19
5960-MVTUK,1.0,Likely to churn,1.0,2026-08-19
6817-WTYHE,1.0,Likely to churn,1.0,2026-08-19
3082-VQXNH,1.0,Likely to churn,1.0,2026-08-19
4013-UBXWQ,0.5149700598802395,Likely to churn,0.5149700598802395,2026-08-19
4931-TRZWN,0.5149700598802395,Likely to churn,0.5149700598802395,2026-08-19
0750-EKNGL,0.5149700598802395,Likely to churn,0.5149700598802395,2026-08-19
7669-LCRSD,0.5149700598802395,Likely to churn,0.5149700598802395,2026-08-19
3567-PQTSO,0.057692307692307696,Unlikely to churn,0.9423076923076923,2026-08-19
5519-NPHVG,0.7213930348258707,Likely to churn,0.7213930348258707,2026-08-19
8043-PNYSD,0.016241299303944315,Unlikely to churn,0.9837587006960556,2026-08-19
9938-EKRGF,0.5050301810865191,Likely to churn,0.5050301810865191,2026-08-19
2703-AMTUL,0.09430604982206406,Unlikely to churn,0.905693950177936,2026-08-19
0928-JMXNP,1.0,Likely to churn,1.0,2026-08-19
8173-RXAYP,0.016241299303944315,Unlikely to churn,0.9837587006960556,2026-08-19
4825-XJGDM,0.09430604982206406,Unlikely to churn,0.905693950177936,2026-08-19
5402-HTOTQ,0.5050301810865191,Likely to churn,0.5050301810865191,2026-08-19
6734-JDTTV,0.016241299303944315,Unlikely to churn,0.9837587006960556,2026-08-19
7850-THJMU,0.016241299303944315,Unlikely to churn,0.9837587006960556,2026-08-19
3890-RTCMS,0.5050301810865191,Likely to churn,0.5050301810865191,2026-08-19
8849-GYOKR,0.057692307692307696,Unlikely to churn,0.9423076923076923,2026-08-19
3148-BLQJT,1.0,Likely to churn,1.0,2026-08-19
3717-FDJFU,0.016241299303944315,Unlikely to churn,0.9837587006960556,2026-08-19
3665-JATSN,0.5050301810865191,Likely to churn,0.5050301810865191,2026-08-19
7966-YOTQW,0.5149700598802395,Likely to churn,0.5149700598802395,2026-08-19
0461-CVKMU,0.5050301810865191,Likely to churn,0.5050301810865191,2026-08-19
8806-EAGWC,0.5149700598802395,Likely to churn,0.5149700598802395,2026-08-19
8853-TZDGH,0.0,Unlikely to churn,1.0,2026-08-19
7779-LGOVN,0.7213930348258707,Likely to churn,0.7213930348258707,2026-08-19
4324-BZCKL,0.5149700598802395,Likely to churn,0.5149700598802395,2026-08-19
6924-TDGMT,1.0,Likely to churn,1.0,2026-08-19
9710-ZUSHQ,0.5050301810865191,Likely to churn,0.5050301810865191,2026-08-19
1536-YHDOE,0.09430604982206406,Unlikely to churn,0.905693950177936,2026-08-19
8123-QBNAZ,0.5050301810865191,Likely to churn,0.5050301810865191,2026-08-19
3629-ZNKXA,0.5050301810865191,Likely to churn,0.5050301810865191,2026-08-19
4827-LTQRJ,0.057692307692307696,Unlikely to churn,0.9423076923076923,2026-08-19
7711-YIJWC,0.09430604982206406,Unlikely to churn,0.905693950177936,2026-08-19
5482-VXSXJ,0.5050301810865191,Likely to churn,0.5050301810865191,2026-08-19
7365-BVCJH,1.0,Likely to churn,1.0,2026-08-19
9620-ENEJV,0.5149700598802395,Likely to churn,0.5149700598802395,2026-08-19
4183-WCSEP,0.5050301810865191,Likely to churn,0.5050301810865191,2026-08-19
2378-YIZKA,0.0,Unlikely to churn,1.0,2026-08-19
5498-TXHLF,0.5050301810865191,Likely to churn,0.5050301810865191,2026-08-19
0689-DSXGL,0.5050301810865191,Likely to churn,0.5050301810865191,2026-08-19
6818-DJXAA,0.7213930348258707,Likely to churn,0.7213930348258707,2026-08-19
9722-UJOJR,0.5050301810865191,Likely to churn,0.5050301810865191,2026-08-19
0464-WJTKO,0.016241299303944315,Unlikely to churn,0.9837587006960556,2026-08-19
8902-ZEOVF,1.0,Likely to churn,1.0,2026-08-19
6778-EICRF,0.09430604982206406,Unlikely to churn,0.905693950177936,2026-08-19
2662-NNTDK,0.09430604982206406,Unlikely to churn,0.905693950177936,2026-08-19
4132-KALRO,0.7213930348258707,Likely to churn,0.7213930348258707,2026-08-19
3902-FOIGH,0.7213930348258707,Likely to churn,0.7213930348258707,2026-08-19
6772-KSATR,0.825,Likely to churn,0.825,2026-08-19
7112-OPOTK,0.5050301810865191,Likely to churn,0.5050301810865191,2026-08-19
2874-YXVVA,0.5050301810865191,Likely to churn,0.5050301810865191,2026-08-19
1245-HARPS,0.016241299303944315,Unlikely to churn,0.9837587006960556,2026-08-19
4210-QFJMF,0.7213930348258707,Likely to churn,0.7213930348258707,2026-08-19
4323-ELYYB,1.0,Likely to churn,1.0,2026-08-19
4293-ETKAP,0.016241299303944315,Unlikely to churn,0.9837587006960556,2026-08-19
6064-PUPMC,0.09430604982206406,Unlikely to churn,0.905693950177936,2026-08-19
6504-VBLFL,0.016241299303944315,Unlikely to churn,0.9837587006960556,2026-08-19
6322-PJJDJ,0.10679611650485436,Unlikely to churn,0.8932038834951457,2026-08-19
0330-BGYZE,0.057692307692307696,Unlikely to churn,0.9423076923076923,2026-08-19
1085-LDWAM,1.0,Likely to churn,1.0,2026-08-19
7586-ZATGZ,0.5050301810865191,Likely to churn,0.5050301810865191,2026-08-19
7197-VOJMM,0.016241299303944315,Unlikely to churn,0.9837587006960556,2026-08-19
3318-OSATS,0.5050301810865191,Likely to churn,0.5050301810865191,2026-08-19
5828-AVIPD,0.2857142857142857,Unlikely to churn,0.7142857142857143,2026-08-19
1843-TLSGD,0.016241299303944315,Unlikely to churn,0.9837587006960556,2026-08-19
9626-VFRGG,0.5050301810865191,Likely to churn,0.5050301810865191,2026-08-19
7075-BNDVQ,0.5149700598802395,Likely to churn,0.5149700598802395,2026-08-19
9143-CANJF,0.5050301810865191,Likely to churn,0.5050301810865191,2026-08-19
7284-BUYEC,0.5149700598802395,Likely to churn,0.5149700598802395,2026-08-19
2041-JIJCI,0.5149700598802395,Likely to churn,0.5149700598802395,2026-08-19
1086-LXKFY,1.0,Likely to churn,1.0,2026-08-19
4900-MSOMT,0.016241299303944315,Unlikely to churn,0.9837587006960556,2026-08-19
2229-VWQJH,0.5050301810865191,Likely to churn,0.5050301810865191,2026-08-19
9194-GFVOI,0.0,Unlikely to churn,1.0,2026-08-19
1336-EZFZY,1.0,Likely to churn,1.0,2026-08-19
4282-MSACW,0.057692307692307696,Unlikely to churn,0.9423076923076923,2026-08-19
1403-LKLIK,1.0,Likely to churn,1.0,2026-08-19
2636-ALXXZ,1.0,Likely to churn,1.0,2026-08-19
7774-OJSXI,0.2857142857142857,Unlikely to churn,0.7142857142857143,2026-08-19
7786-WBJYI,0.5149700598802395,Likely to churn,0.5149700598802395,2026-08-19
0136-IFMYD,0.10679611650485436,Unlikely to churn,0.8932038834951457,2026-08-19
5144-TVGLP,0.5050301810865191,Likely to churn,0.5050301810865191,2026-08-19
9643-AVVWI,0.7213930348258707,Likely to churn,0.7213930348258707,2026-08-19
0253-ZTEOB,0.016241299303944315,Unlikely to churn,0.9837587006960556,2026-08-19
2706-QZIHY,0.016241299303944315,Unlikely to churn,0.9837587006960556,2026-08-19
6061-PQHMK,1.0,Likely to churn,1.0,2026-08-19
9885-CSMWE,0.825,Likely to churn,0.825,2026-08-19
6137-MFAJN,0.5050301810865191,Likely to churn,0.5050301810865191,2026-08-19
9122-UMROB,1.0,Likely to churn,1.0,2026-08-19
4232-JGKIY,1.0,Likely to churn,1.0,2026-08-19
2402-TAIRZ,0.09430604982206406,Unlikely to churn,0.905693950177936,2026-08-19
9659-ZTWSM,0.057692307692307696,Unlikely to churn,0.9423076923076923,2026-08-19
9139-TWBAS,0.09430604982206406,Unlikely to churn,0.905693950177936,2026-08-19
6685-GBWJZ,0.09430604982206406,Unlikely to churn,0.905693950177936,2026-08-19
5016-ETTFF,0.5149700598802395,Likely to churn,0.5149700598802395,2026-08-19
3866-MDTUB,0.5149700598802395,Likely to churn,0.5149700598802395,2026-08-19
2195-VVRJF,0.5050301810865191,Likely to churn,0.5050301810865191,2026-08-19
3913-RDSJZ,0.016241299303944315,Unlikely to churn,0.9837587006960556,2026-08-19
8058-JMEQO,0.7213930348258707,Likely to churn,0.7213930348258707,2026-08-19
4203-QGNZA,0.5050301810865191,Likely to churn,0.5050301810865191,2026-08-19
5043-TRZWM,0.825,Likely to churn,0.825,2026-08-19
0697-ZMSWS,0.7213930348258707,Likely to churn,0.7213930348258707,2026-08-19
7657-DYEPJ,0.09430604982206406,Unlikely to churn,0.905693950177936,2026-08-19
9494-BDNNC,0.057692307692307696,Unlikely to churn,0.9423076923076923,2026-08-19
1640-PLFMP,0.825,Likely to churn,0.825,2026-08-19
5366-OBVMR,0.5050301810865191,Likely to churn,0.5050301810865191,2026-08-19
8276-MQBYC,0.5050301810865191,Likely to churn,0.5050301810865191,2026-08-19
7644-OMVMY,0.016241299303944315,Unlikely to churn,0.9837587006960556,2026-08-19
7593-XFKDI,1.0,Likely to churn,1.0,2026-08-19
4573-JKNAE,0.016241299303944315,Unlikely to churn,0.9837587006960556,2026-08-19
0337-CNPZE,0.5050301810865191,Likely to churn,0.5050301810865191,2026-08-19
9817-APLHW,0.5149700598802395,Likely to churn,0.5149700598802395,2026-08-19
8380-MQINP,0.016241299303944315,Unlikely to churn,0.9837587006960556,2026-08-19
0840-DFEZH,0.5149700598802395,Likely to churn,0.5149700598802395,2026-08-19
1513-XNPPH,0.7213930348258707,Likely to churn,0.7213930348258707,2026-08-19
8690-ZVLCL,0.0,Unlikely to churn,1.0,2026-08-19
6015-VVHHE,0.7213930348258707,Likely to churn,0.7213930348258707,2026-08-19
1125-SNVCK,0.5050301810865191,Likely to churn,0.5050301810865191,2026-08-19
0384-LPITE,0.09430604982206406,Unlikely to churn,0.905693950177936,2026-08-19
4616-EWBNJ,1.0,Likely to churn,1.0,2026-08-19
6347-DCUIK,0.5149700598802395,Likely to churn,0.5149700598802395,2026-08-19
1335-HQMKX,0.057692307692307696,Unlikely to churn,0.9423076923076923,2026-08-19
2545-EBUPK,0.7213930348258707,Likely to churn,0.7213930348258707,2026-08-19
6923-AQONU,0.016241299303944315,Unlikely to churn,0.9837587006960556,2026-08-19
2172-EJXVF,0.057692307692307696,Unlikely to churn,0.9423076923076923,2026-08-19
0897-FEGMU,0.7213930348258707,Likely to churn,0.7213930348258707,2026-08-19
7663-RGWBC,1.0,Likely to churn,1.0,2026-08-19
1120-BMWUB,0.5050301810865191,Likely to churn,0.5050301810865191,2026-08-19
9124-LHCJQ,0.825,Likely to churn,0.825,2026-08-19
4536-PLEQY,0.7213930348258707,Likely to churn,0.7213930348258707,2026-08-19
7029-IJEJK,0.09430604982206406,Unlikely to churn,0.905693950177936,2026-08-19
8871-JLMHM,0.0,Unlikely to churn,1.0,2026-08-19
2235-ZGKPT,0.5149700598802395,Likely to churn,0.5149700598802395,2026-08-19
3891-PUQOD,1.0,Likely to churn,1.0,2026-08-19
5447-VYTKW,0.5050301810865191,Likely to churn,0.5050301810865191,2026-08-19
3623-FQBOX,0.5050301810865191,Likely to churn,0.5050301810865191,2026-08-19
0689-NKYLF,0.7213930348258707,Likely to churn,0.7213930348258707,2026-08-19
8659-HDIYE,0.175,Unlikely to churn,0.825,2026-08-19
3658-KIBGF,1.0,Likely to churn,1.0,2026-08-19
3474-BAFSJ,0.016241299303944315,Unlikely to churn,0.9837587006960556,2026-08-19
5519-YLDGW,0.5050301810865191,Likely to churn,0.5050301810865191,2026-08-19
3865-ZFZIB,0.016241299303944315,Unlikely to churn,0.9837587006960556,2026-08-19
1855-AGAWH,0.2857142857142857,Unlikely to churn,0.7142857142857143,2026-08-19
7109-CQYUZ,0.0,Unlikely to churn,1.0,2026-08-19
1370-GGAWX,0.057692307692307696,Unlikely to churn,0.9423076923076923,2026-08-19
4680-KUTAJ,0.5149700598802395,Likely to churn,0.5149700598802395,2026-08-19
5307-UVGNB,0.5050301810865191,Likely to churn,0.5050301810865191,2026-08-19
4946-EDSEW,0.5149700598802395,Likely to churn,0.5149700598802395,2026-08-19
2883-ILGWO,0.35384615384615387,Unlikely to churn,0.6461538461538461,2026-08-19
2516-VQRRV,0.5149700598802395,Likely to churn,0.5149700598802395,2026-08-19
7580-UGXNC,1.0,Likely to churn,1.0,2026-08-19
3642-BYHDO,0.016241299303944315,Unlikely to churn,0.9837587006960556,2026-08-19
9629-NHXFW,1.0,Likely to churn,1.0,2026-08-19
2696-RZVZW,0.016241299303944315,Unlikely to churn,0.9837587006960556,2026-08-19
5766-FTRTS,0.0,Unlikely to churn,1.0,2026-08-19
0396-HUJBP,1.0,Likely to churn,1.0,2026-08-19
5178-LMXOP,0.825,Likely to churn,0.825,2026-08-19
8879-ZKJOF,0.09430604982206406,Unlikely to churn,0.905693950177936,2026-08-19
6285-FTQBF,0.016241299303944315,Unlikely to churn,0.9837587006960556,2026-08-19
8185-UPYBR,0.5149700598802395,Likely to churn,0.5149700598802395,2026-08-19
4585-HETAI,0.5149700598802395,Likely to churn,0.5149700598802395,2026-08-19
7526-BEZQB,0.7213930348258707,Likely to churn,0.7213930348258707,2026-08-19
1474-JUWSM,0.09430604982206406,Unlikely to churn,0.905693950177936,2026-08-19
3530-CRZSB,0.5149700598802395,Likely to churn,0.5149700598802395,2026-08-19
8498-XXGWA,0.175,Unlikely to churn,0.825,2026-08-19
9617-INGJY,0.825,Likely to churn,0.825,2026-08-19
0621-TSSMU,1.0,Likely to churn,1.0,2026-08-19
7234-KMNRQ,1.0,Likely to churn,1.0,2026-08-19
7636-PEPNS,0.09430604982206406,Unlikely to churn,0.905693950177936,2026-08-19
4683-WYDOU,0.10679611650485436,Unlikely to churn,0.8932038834951457,2026-08-19
9052-DHNKM,0.09430604982206406,Unlikely to churn,0.905693950177936,2026-08-19
6794-HKIAJ,0.175,Unlikely to churn,0.825,2026-08-19
5578-NKCXI,0.057692307692307696,Unlikely to churn,0.9423076923076923,2026-08-19
1642-HMARX,0.0,Unlikely to churn,1.0,2026-08-19
3096-WPXBT,0.057692307692307696,Unlikely to churn,0.9423076923076923,2026-08-19
8434-PNQZX,0.016241299303944315,Unlikely to churn,0.9837587006960556,2026-08-19
5950-AAAGJ,0.5050301810865191,Likely to churn,0.5050301810865191,2026-08-19
4299-OPXEJ,0.016241299303944315,Unlikely to churn,0.9837587006960556,2026-08-19
4951-UKAAQ,0.7213930348258707,Likely to churn,0.7213930348258707,2026-08-19
9618-LFJRU,1.0,Likely to churn,1.0,2026-08-19
6693-DJWTY,0.09430604982206406,Unlikely to churn,0.905693950177936,2026-08-19
0744-GKNGE,0.175,Unlikely to churn,0.825,2026-08-19
6447-EGDIV,1.0,Likely to churn,1.0,2026-08-19
1167-OYZJF,0.016241299303944315,Unlikely to churn,0.9837587006960556,2026-08-19
2108-YKQTY,0.5149700598802395,Likely to churn,0.5149700598802395,2026-08-19
4806-DXQCE,0.0,Unlikely to churn,1.0,2026-08-19
4918-QLLIW,0.5149700598802395,Likely to churn,0.5149700598802395,2026-08-19
7056-IMHCC,0.5050301810865191,Likely to churn,0.5050301810865191,2026-08-19
4854-SSLTN,0.016241299303944315,Unlikely to churn,0.9837587006960556,2026-08-19
5294-DMSFH,0.5050301810865191,Likely to churn,0.5050301810865191,2026-08-19
4837-PZTIC,0.016241299303944315,Unlikely to churn,0.9837587006960556,2026-08-19
1625-JAIIY,0.09430604982206406,Unlikely to churn,0.905693950177936,2026-08-19
0603-OLQDC,0.5149700598802395,Likely to churn,0.5149700598802395,2026-08-19
3272-VUHPV,0.5149700598802395,Likely to churn,0.5149700598802395,2026-08-19
4176-FXYBO,0.5050301810865191,Likely to churn,0.5050301810865191,2026-08-19
1063-DHQJF,0.0,Unlikely to churn,1.0,2026-08-19
8663-UPDGF,0.5050301810865191,Likely to churn,0.5050301810865191,2026-08-19
6719-FGEDO,0.10679611650485436,Unlikely to churn,0.8932038834951457,2026-08-19
1837-YQUCE,0.016241299303944315,Unlikely to churn,0.9837587006960556,2026-08-19
2947-DOMLJ,1.0,Likely to churn,1.0,2026-08-19
4112-LUEIZ,0.7213930348258707,Likely to churn,0.7213930348258707,2026-08-19
0369-ZGOVK,0.09430604982206406,Unlikely to churn,0.905693950177936,2026-08-19
4510-HIMLV,1.0,Likely to churn,1.0,2026-08-19
9919-KNPOO,0.5050301810865191,Likely to churn,0.5050301810865191,2026-08-19
8749-JMNKX,0.5050301810865191,Likely to churn,0.5050301810865191,2026-08-19
7872-BAAZR,1.0,Likely to churn,1.0,2026-08-19
9391-LMANN,0.057692307692307696,Unlikely to churn,0.9423076923076923,2026-08-19
2430-USGXP,0.5050301810865191,Likely to churn,0.5050301810865191,2026-08-19
8174-TBVCF,0.10679611650485436,Unlikely to churn,0.8932038834951457,2026-08-19
1698-XFZCI,0.057692307692307696,Unlikely to churn,0.9423076923076923,2026-08-19
1877-HKBQX,0.09430604982206406,Unlikely to churn,0.905693950177936,2026-08-19
4450-DLLMH,0.5149700598802395,Likely to churn,0.5149700598802395,2026-08-19
0428-AXXLJ,1.0,Likely to churn,1.0,2026-08-19
2746-DIJLO,0.09430604982206406,Unlikely to churn,0.905693950177936,2026-08-19
5955-ERIHD,0.5050301810865191,Likely to churn,0.5050301810865191,2026-08-19
0917-EZOLA,0.10679611650485436,Unlikely to churn,0.8932038834951457,2026-08-19
3508-VLHCZ,0.0,Unlikely to churn,1.0,2026-08-19
4086-ATNFV,0.09430604982206406,Unlikely to churn,0.905693950177936,2026-08-19
0468-YRPXN,0.5050301810865191,Likely to churn,0.5050301810865191,2026-08-19
5996-NRVXR,0.057692307692307696,Unlikely to churn,0.9423076923076923,2026-08-19
3739-YBWAB,0.09430604982206406,Unlikely to churn,0.905693950177936,2026-08-19
7047-FWEYA,0.057692307692307696,Unlikely to churn,0.9423076923076923,2026-08-19
2000-MPKCA,0.057692307692307696,Unlikely to churn,0.9423076923076923,2026-08-19
9762-YAQAA,0.09430604982206406,Unlikely to churn,0.905693950177936,2026-08-19
5949-EBSQK,0.5149700598802395,Likely to churn,0.5149700598802395,2026-08-19
5473-KHBPS,0.057692307692307696,Unlikely to churn,0.9423076923076923,2026-08-19
0100-DUVFC,0.057692307692307696,Unlikely to churn,0.9423076923076923,2026-08-19
5397-TUPSH,0.09430604982206406,Unlikely to churn,0.905693950177936,2026-08-19
8950-MTZNV,1.0,Likely to churn,1.0,2026-08-19
0326-VDYXE,0.057692307692307696,Unlikely to churn,0.9423076923076923,2026-08-19
6773-LQTVT,0.5050301810865191,Likely to churn,0.5050301810865191,2026-08-19
7274-RTAPZ,0.825,Likely to churn,0.825,2026-08-19
0436-TWFFZ,0.0,Unlikely to churn,1.0,2026-08-19
8566-YPRGL,1.0,Likely to churn,1.0,2026-08-19
0311-UNPFF,0.5050301810865191,Likely to churn,0.5050301810865191,2026-08-19
6609-MXJHJ,0.016241299303944315,Unlikely to churn,0.9837587006960556,2026-08-19
2669-OIDSD,0.5050301810865191,Likely to churn,0.5050301810865191,2026-08-19
8400-WZICQ,0.175,Unlikely to churn,0.825,2026-08-19
3834-XUIFC,0.7213930348258707,Likely to churn,0.7213930348258707,2026-08-19
9576-SYUHJ,0.5050301810865191,Likely to churn,0.5050301810865191,2026-08-19
0410-IPFTY,0.5050301810865191,Likely to churn,0.5050301810865191,2026-08-19
2831-EBWRN,0.5149700598802395,Likely to churn,0.5149700598802395,2026-08-19
9430-NKQLY,0.016241299303944315,Unlikely to churn,0.9837587006960556,2026-08-19
8414-MYSHR,0.7213930348258707,Likely to churn,0.7213930348258707,2026-08-19
0247-SLUJI,1.0,Likely to churn,1.0,2026-08-19
9402-ORRAH,0.5050301810865191,Likely to churn,0.5050301810865191,2026-08-19
6483-OATDN,0.5149700598802395,Likely to churn,0.5149700598802395,2026-08-19
1293-HHSHJ,1.0,Likely to churn,1.0,2026-08-19
4840-ORQXB,0.35384615384615387,Unlikely to churn,0.6461538461538461,2026-08-19
7599-FKVXZ,0.5050301810865191,Likely to churn,0.5050301810865191,2026-08-19
3982-DQLUS,0.175,Unlikely to churn,0.825,2026-08-19
8610-ZIKJJ,1.0,Likely to churn,1.0,2026-08-19
3756-VNWDH,0.057692307692307696,Unlikely to churn,0.9423076923076923,2026-08-19
7801-KICAO,0.5050301810865191,Likely to churn,0.5050301810865191,2026-08-19
7673-LPRNY,0.09430604982206406,Unlikely to churn,0.905693950177936,2026-08-19
8229-TNIQA,0.5149700598802395,Likely to churn,0.5149700598802395,2026-08-19
6060-QBMGV,0.016241299303944315,Unlikely to churn,0.9837587006960556,2026-08-19
7339-POGZN,0.5149700598802395,Likely to churn,0.5149700598802395,2026-08-19
2828-SLQPF,0.5050301810865191,Likely to churn,0.5050301810865191,2026-08-19
4465-VDKIQ,0.5050301810865191,Likely to churn,0.5050301810865191,2026-08-19
2921-XWDJH,0.5050301810865191,Likely to churn,0.5050301810865191,2026-08-19
6221-AVQYL,0.5149700598802395,Likely to churn,0.5149700598802395,2026-08-19
2558-BUOZZ,0.057692307692307696,Unlikely to churn,0.9423076923076923,2026-08-19
9257-AZMTZ,0.016241299303944315,Unlikely to churn,0.9837587006960556,2026-08-19
0003-MKNFE,0.5149700598802395,Likely to churn,0.5149700598802395,2026-08-19
0975-UYDTX,0.09430604982206406,Unlikely to churn,0.905693950177936,2026-08-19
7743-EXURX,0.5149700598802395,Likely to churn,0.5149700598802395,2026-08-19
4682-BLBUC,0.09430604982206406,Unlikely to churn,0.905693950177936,2026-08-19
0975-VOOVL,1.0,Likely to churn,1.0,2026-08-19
5968-VXZLG,1.0,Likely to churn,1.0,2026-08-19
5569-KGJHX,0.7213930348258707,Likely to churn,0.7213930348258707,2026-08-19
4988-IQIGL,0.825,Likely to churn,0.825,2026-08-19
5201-FRKKS,0.5050301810865191,Likely to churn,0.5050301810865191,2026-08-19
9799-CAYJJ,0.5149700598802395,Likely to churn,0.5149700598802395,2026-08-19
7730-IUTDZ,0.5050301810865191,Likely to churn,0.5050301810865191,2026-08-19
0426-TIRNE,1.0,Likely to churn,1.0,2026-08-19
5443-SCMKX,0.057692307692307696,Unlikely to churn,0.9423076923076923,2026-08-19
8295-KMENE,0.016241299303944315,Unlikely to churn,0.9837587006960556,2026-08-19
6738-ISCBM,0.09430604982206406,Unlikely to churn,0.905693950177936,2026-08-19
9821-BESNZ,0.057692307692307696,Unlikely to churn,0.9423076923076923,2026-08-19
3678-MNGZX,0.016241299303944315,Unlikely to churn,0.9837587006960556,2026-08-19
1335-NTIUC,0.5149700598802395,Likely to churn,0.5149700598802395,2026-08-19
2916-BQZLN,0.5050301810865191,Likely to churn,0.5050301810865191,2026-08-19
4558-CGYCZ,1.0,Likely to churn,1.0,2026-08-19
2368-GAKKQ,0.0,Unlikely to churn,1.0,2026-08-19
8710-YGLWG,1.0,Likely to churn,1.0,2026-08-19
3199-XGZCY,0.5149700598802395,Likely to churn,0.5149700598802395,2026-08-19
3785-KTYSH,0.016241299303944315,Unlikely to churn,0.9837587006960556,2026-08-19
6814-ZPWFQ,0.09430604982206406,Unlikely to churn,0.905693950177936,2026-08-19
4063-EIKNQ,0.5149700598802395,Likely to churn,0.5149700598802395,2026-08-19
6993-YCOBK,0.10679611650485436,Unlikely to churn,0.8932038834951457,2026-08-19
5206-HPJKM,0.5050301810865191,Likely to churn,0.5050301810865191,2026-08-19
7587-RZNME,0.5149700598802395,Likely to churn,0.5149700598802395,2026-08-19
0748-RDGGM,0.057692307692307696,Unlikely to churn,0.9423076923076923,2026-08-19
8393-JMVMB,1.0,Likely to churn,1.0,2026-08-19
5019-GQVCR,0.5050301810865191,Likely to churn,0.5050301810865191,2026-08-19
6036-TTFYU,0.5050301810865191,Likely to churn,0.5050301810865191,2026-08-19
2550-AEVRU,0.09430604982206406,Unlikely to churn,0.905693950177936,2026-08-19
0969-RGKCU,1.0,Likely to churn,1.0,2026-08-19
0378-CJKPV,0.0,Unlikely to churn,1.0,2026-08-19
4706-AXVKM,0.7213930348258707,Likely to churn,0.7213930348258707,2026-08-19
5889-JTMUL,0.5050301810865191,Likely to churn,0.5050301810865191,2026-08-19
9026-RNUJS,0.5149700598802395,Likely to churn,0.5149700598802395,2026-08-19
3746-EUBYR,0.825,Likely to churn,0.825,2026-08-19
2332-EFBJY,0.5050301810865191,Likely to churn,0.5050301810865191,2026-08-19
2880-FPNAE,0.5149700598802395,Likely to churn,0.5149700598802395,2026-08-19
1703-MGIAB,0.5050301810865191,Likely to churn,0.5050301810865191,2026-08-19
4311-QTTAI,1.0,Likely to churn,1.0,2026-08-19
9474-PHLYD,0.5050301810865191,Likely to churn,0.5050301810865191,2026-08-19
4318-RAJVY,1.0,Likely to churn,1.0,2026-08-19
2165-VOEGB,0.057692307692307696,Unlikely to churn,0.9423076923076923,2026-08-19
3612-YUNGG,0.10679611650485436,Unlikely to churn,0.8932038834951457,2026-08-19
2254-DLXRI,0.825,Likely to churn,0.825,2026-08-19
5062-CJJKH,0.09430604982206406,Unlikely to churn,0.905693950177936,2026-08-19
9028-LIHRP,0.10679611650485436,Unlikely to churn,0.8932038834951457,2026-08-19
2219-MVUSO,0.5149700598802395,Likely to churn,0.5149700598802395,2026-08-19
1053-MXTTK,0.0,Unlikely to churn,1.0,2026-08-19
1530-ZTDOZ,0.5050301810865191,Likely to churn,0.5050301810865191,2026-08-19
1301-LOPVR,0.09430604982206406,Unlikely to churn,0.905693950177936,2026-08-19
0853-TWRVK,0.10679611650485436,Unlikely to churn,0.8932038834951457,2026-08-19
8914-RBTSB,0.5050301810865191,Likely to churn,0.5050301810865191,2026-08-19
6212-ATMLK,0.5050301810865191,Likely to churn,0.5050301810865191,2026-08-19
8200-LGKSR,0.0,Unlikely to churn,1.0,2026-08-19
1568-BEKZM,0.0,Unlikely to churn,1.0,2026-08-19
0670-ANMUU,0.057692307692307696,Unlikely to churn,0.9423076923076923,2026-08-19
6897-RWMUB,0.016241299303944315,Unlikely to churn,0.9837587006960556,2026-08-19
0963-ZBDRN,0.5050301810865191,Likely to churn,0.5050301810865191,2026-08-19
7594-RQHXR,0.825,Likely to churn,0.825,2026-08-19
6999-CHVCF,0.10679611650485436,Unlikely to churn,0.8932038834951457,2026-08-19
6134-KWTBV,0.016241299303944315,Unlikely to churn,0.9837587006960556,2026-08-19
1077-HUUJM,0.5149700598802395,Likely to churn,0.5149700598802395,2026-08-19
6331-EWIEB,0.5050301810865191,Likely to churn,0.5050301810865191,2026-08-19
0895-LNKRC,1.0,Likely to churn,1.0,2026-08-19
2045-BMBTJ,0.5050301810865191,Likely to churn,0.5050301810865191,2026-08-19
8417-GSODA,0.09430604982206406,Unlikely to churn,0.905693950177936,2026-08-19
5171-EPLKN,0.016241299303944315,Unlikely to churn,0.9837587006960556,2026-08-19
4452-QIIEB,0.5149700598802395,Likely to churn,0.5149700598802395,2026-08-19
5998-VVEJY,0.5050301810865191,Likely to churn,0.5050301810865191,2026-08-19
1624-NALOJ,0.7213930348258707,Likely to churn,0.7213930348258707,2026-08-19
6741-EGCBI,0.5050301810865191,Likely to churn,0.5050301810865191,2026-08-19
7820-ZYGNY,0.09430604982206406,Unlikely to churn,0.905693950177936,2026-08-19
4317-VTEOA,1.0,Likely to churn,1.0,2026-08-19
9677-AVKED,0.09430604982206406,Unlikely to churn,0.905693950177936,2026-08-19
1670-SVOWZ,0.5050301810865191,Likely to churn,0.5050301810865191,2026-08-19
2227-JRSJX,0.5050301810865191,Likely to churn,0.5050301810865191,2026-08-19
9847-HNVGP,1.0,Likely to churn,1.0,2026-08-19
6696-YDAYZ,0.016241299303944315,Unlikely to churn,0.9837587006960556,2026-08-19
8980-WQFWL,0.5050301810865191,Likely to churn,0.5050301810865191,2026-08-19
1730-ZMAME,0.5050301810865191,Likely to churn,0.5050301810865191,2026-08-19
6506-EYCNH,0.5050301810865191,Likely to churn,0.5050301810865191,2026-08-19
4634-JLRJT,1.0,Likely to churn,1.0,2026-08-19
9501-UKKNL,0.175,Unlikely to churn,0.825,2026-08-19
2560-QTSBS,1.0,Likely to churn,1.0,2026-08-19
7541-YLXCL,0.09430604982206406,Unlikely to churn,0.905693950177936,2026-08-19
4795-WRNVT,0.5050301810865191,Likely to churn,0.5050301810865191,2026-08-19
6080-TCMYC,0.5050301810865191,Likely to churn,0.5050301810865191,2026-08-19
0260-ZDLGK,0.5149700598802395,Likely to churn,0.5149700598802395,2026-08-19
7860-UXCRM,0.016241299303944315,Unlikely to churn,0.9837587006960556,2026-08-19
6357-JJPQT,0.7213930348258707,Likely to churn,0.7213930348258707,2026-08-19
2292-XQWSV,0.09430604982206406,Unlikely to churn,0.905693950177936,2026-08-19
9552-TGUZV,0.5149700598802395,Likely to churn,0.5149700598802395,2026-08-19
5913-INRQV,0.09430604982206406,Unlikely to churn,0.905693950177936,2026-08-19
8722-NGNBH,0.5149700598802395,Likely to churn,0.5149700598802395,2026-08-19
6210-KBBPI,0.7213930348258707,Likely to churn,0.7213930348258707,2026-08-19
9643-YBLUR,0.5149700598802395,Likely to churn,0.5149700598802395,2026-08-19
8734-FNWVH,0.5050301810865191,Likely to churn,0.5050301810865191,2026-08-19
9447-YPTBX,1.0,Likely to churn,1.0,2026-08-19
0133-BMFZO,0.7213930348258707,Likely to churn,0.7213930348258707,2026-08-19
6128-CZOMY,1.0,Likely to churn,1.0,2026-08-19
9540-JYROE,0.5149700598802395,Likely to churn,0.5149700598802395,2026-08-19
9026-LHEVG,0.5149700598802395,Likely to churn,0.5149700598802395,2026-08-19
2260-USTRB,0.5149700598802395,Likely to churn,0.5149700598802395,2026-08-19
3656-TKRVZ,0.5149700598802395,Likely to churn,0.5149700598802395,2026-08-19
7011-CVEUC,0.5050301810865191,Likely to churn,0.5050301810865191,2026-08-19
6185-TASNN,1.0,Likely to churn,1.0,2026-08-19
7925-PNRGI,0.5050301810865191,Likely to churn,0.5050301810865191,2026-08-19
8623-TMRBY,0.5050301810865191,Likely to churn,0.5050301810865191,2026-08-19
1552-CZCLL,0.175,Unlikely to churn,0.825,2026-08-19
3038-PQIUY,0.5050301810865191,Likely to churn,0.5050301810865191,2026-08-19
1501-SGHBW,1.0,Likely to churn,1.0,2026-08-19
9313-CDOGY,0.5050301810865191,Likely to churn,0.5050301810865191,2026-08-19
8148-BPLZQ,0.5050301810865191,Likely to churn,0.5050301810865191,2026-08-19
2623-DRYAM,0.057692307692307696,Unlikely to churn,0.9423076923076923,2026-08-19
9987-LUTYD,0.09430604982206406,Unlikely to churn,0.905693950177936,2026-08-19
3208-YPIOE,0.5050301810865191,Likely to churn,0.5050301810865191,2026-08-19
4488-KQFDT,0.057692307692307696,Unlikely to churn,0.9423076923076923,2026-08-19
2612-RANWT,0.7213930348258707,Likely to churn,0.7213930348258707,2026-08-19
5693-PIPCS,0.10679611650485436,Unlikely to churn,0.8932038834951457,2026-08-19
0491-KAPQG,0.5050301810865191,Likely to churn,0.5050301810865191,2026-08-19
1925-LFCZZ,0.09430604982206406,Unlikely to churn,0.905693950177936,2026-08-19
8039-EQPIM,0.016241299303944315,Unlikely to churn,0.9837587006960556,2026-08-19
6900-PXRMS,0.5050301810865191,Likely to churn,0.5050301810865191,2026-08-19
8707-RMEZH,0.09430604982206406,Unlikely to churn,0.905693950177936,2026-08-19
3346-BRMIS,0.5050301810865191,Likely to churn,0.5050301810865191,2026-08-19
3209-ZPKFI,0.5050301810865191,Likely to churn,0.5050301810865191,2026-08-19
6479-VDGRK,0.0,Unlikely to churn,1.0,2026-08-19
9373-WSLOY,0.5050301810865191,Likely to churn,0.5050301810865191,2026-08-19
2933-FILNV,1.0,Likely to churn,1.0,2026-08-19
3569-JFODW,0.0,Unlikely to churn,1.0,2026-08-19
9819-FBNSV,0.5050301810865191,Likely to churn,0.5050301810865191,2026-08-19
9544-PYPSJ,0.175,Unlikely to churn,0.825,2026-08-19
1591-XWLGB,0.016241299303944315,Unlikely to churn,0.9837587006960556,2026-08-19
0396-UKGAI,0.5050301810865191,Likely to churn,0.5050301810865191,2026-08-19
3243-ZHOHY,1.0,Likely to churn,1.0,2026-08-19
5186-EJEGL,0.5149700598802395,Likely to churn,0.5149700598802395,2026-08-19
7527-QNRUS,0.016241299303944315,Unlikely to churn,0.9837587006960556,2026-08-19
9986-BONCE,1.0,Likely to churn,1.0,2026-08-19
2722-JMONI,1.0,Likely to churn,1.0,2026-08-19
2203-GHNWN,0.5050301810865191,Likely to churn,0.5050301810865191,2026-08-19
3878-AVSOQ,0.825,Likely to churn,0.825,2026-08-19
3258-SYSWS,0.0,Unlikely to churn,1.0,2026-08-19
5296-PSYVW,0.016241299303944315,Unlikely to churn,0.9837587006960556,2026-08-19
6319-QSUSR,0.5149700598802395,Likely to churn,0.5149700598802395,2026-08-19
4083-EUGRJ,0.5149700598802395,Likely to churn,0.5149700598802395,2026-08-19
7579-OOPEC,1.0,Likely to churn,1.0,2026-08-19
0512-FLFDW,0.057692307692307696,Unlikely to churn,0.9423076923076923,2026-08-19
1771-OADNZ,0.5050301810865191,Likely to churn,0.5050301810865191,2026-08-19
0487-CRLZF,0.016241299303944315,Unlikely to churn,0.9837587006960556,2026-08-19
2107-FBPTK,0.5050301810865191,Likely to churn,0.5050301810865191,2026-08-19
9451-WLYRI,1.0,Likely to churn,1.0,2026-08-19
8219-VYBVI,0.016241299303944315,Unlikely to churn,0.9837587006960556,2026-08-19
1991-VOPLL,0.5149700598802395,Likely to churn,0.5149700598802395,2026-08-19
9738-QLWTP,0.09430604982206406,Unlikely to churn,0.905693950177936,2026-08-19
1016-DJTSV,0.5149700598802395,Likely to churn,0.5149700598802395,2026-08-19
9419-IPPBE,0.09430604982206406,Unlikely to churn,0.905693950177936,2026-08-19
0174-QRVVY,0.016241299303944315,Unlikely to churn,0.9837587006960556,2026-08-19
5699-BNCAS,0.016241299303944315,Unlikely to churn,0.9837587006960556,2026-08-19
2900-PHPLN,0.016241299303944315,Unlikely to churn,0.9837587006960556,2026-08-19
0612-RTZZA,1.0,Likely to churn,1.0,2026-08-19
8106-GWQOK,0.016241299303944315,Unlikely to churn,0.9837587006960556,2026-08-19
8751-EDEKA,0.5050301810865191,Likely to churn,0.5050301810865191,2026-08-19
6878-GGDWG,0.5050301810865191,Likely to churn,0.5050301810865191,2026-08-19
4039-PIMHX,0.016241299303944315,Unlikely to churn,0.9837587006960556,2026-08-19
8450-LUGUK,0.016241299303944315,Unlikely to churn,0.9837587006960556,2026-08-19
3604-WLABM,0.5149700598802395,Likely to churn,0.5149700598802395,2026-08-19
0795-GMVQO,0.057692307692307696,Unlikely to churn,0.9423076923076923,2026-08-19
2259-OUUSZ,0.09430604982206406,Unlikely to churn,0.905693950177936,2026-08-19
1142-IHLOO,0.09430604982206406,Unlikely to churn,0.905693950177936,2026-08-19
6410-LEFEN,0.5149700598802395,Likely to churn,0.5149700598802395,2026-08-19
4633-MKHYU,0.7213930348258707,Likely to churn,0.7213930348258707,2026-08-19
6257-RJOHI,0.5149700598802395,Likely to churn,0.5149700598802395,2026-08-19
1545-JFUML,0.10679611650485436,Unlikely to churn,0.8932038834951457,2026-08-19
3194-ORPIK,0.5050301810865191,Likely to churn,0.5050301810865191,2026-08-19
7826-VVKWT,0.10679611650485436,Unlikely to churn,0.8932038834951457,2026-08-19
1353-GHZOS,0.09430604982206406,Unlikely to churn,0.905693950177936,2026-08-19
2587-EKXTS,0.5050301810865191,Likely to churn,0.5050301810865191,2026-08-19
5442-BXVND,0.5050301810865191,Likely to churn,0.5050301810865191,2026-08-19
8816-VXNZD,0.825,Likely to churn,0.825,2026-08-19
9378-FXTIZ,0.09430604982206406,Unlikely to churn,0.905693950177936,2026-08-19
1723-HKXJQ,0.5050301810865191,Likely to churn,0.5050301810865191,2026-08-19
7825-GKXMW,1.0,Likely to churn,1.0,2026-08-19
9753-OYLBX,1.0,Likely to churn,1.0,2026-08-19
2364-UFROM,0.09430604982206406,Unlikely to churn,0.905693950177936,2026-08-19
6656-JWRQX,1.0,Likely to churn,1.0,2026-08-19
6473-ULUHT,0.5050301810865191,Likely to churn,0.5050301810865191,2026-08-19
1240-KNSEZ,1.0,Likely to churn,1.0,2026-08-19
0836-SEYLU,0.5149700598802395,Likely to churn,0.5149700598802395,2026-08-19
4433-JCGCG,0.5050301810865191,Likely to churn,0.5050301810865191,2026-08-19
3716-BDVDB,1.0,Likely to churn,1.0,2026-08-19
7688-AWMDX,0.016241299303944315,Unlikely to churn,0.9837587006960556,2026-08-19
2842-BCQGE,0.5050301810865191,Likely to churn,0.5050301810865191,2026-08-19
7244-QWYHG,0.09430604982206406,Unlikely to churn,0.905693950177936,2026-08-19
5899-MQZZL,0.5149700598802395,Likely to churn,0.5149700598802395,2026-08-19
6849-OYAMU,0.2857142857142857,Unlikely to churn,0.7142857142857143,2026-08-19
5312-UXESG,0.5050301810865191,Likely to churn,0.5050301810865191,2026-08-19
9488-HGMJH,0.825,Likely to churn,0.825,2026-08-19
6038-GCYEC,0.5050301810865191,Likely to churn,0.5050301810865191,2026-08-19
2150-WLKUW,0.09430604982206406,Unlikely to churn,0.905693950177936,2026-08-19
7159-FVYPK,0.5149700598802395,Likely to churn,0.5149700598802395,2026-08-19
7032-LMBHI,0.09430604982206406,Unlikely to churn,0.905693950177936,2026-08-19
1150-WFARN,0.10679611650485436,Unlikely to churn,0.8932038834951457,2026-08-19
6088-BXMRG,0.5050301810865191,Likely to churn,0.5050301810865191,2026-08-19
3144-AUDBS,0.5149700598802395,Likely to churn,0.5149700598802395,2026-08-19
4821-SJHJV,0.5050301810865191,Likely to churn,0.5050301810865191,2026-08-19
7346-MEDWM,0.175,Unlikely to churn,0.825,2026-08-19
1137-DGOWI,0.09430604982206406,Unlikely to churn,0.905693950177936,2026-08-19
5616-PRTNT,0.5050301810865191,Likely to churn,0.5050301810865191,2026-08-19
3812-LRZIR,0.016241299303944315,Unlikely to churn,0.9837587006960556,2026-08-19
4818-QIUFN,0.5050301810865191,Likely to churn,0.5050301810865191,2026-08-19
9483-GCPWE,1.0,Likely to churn,1.0,2026-08-19
4227-OJHAL,0.09430604982206406,Unlikely to churn,0.905693950177936,2026-08-19
9220-CXRSC,0.016241299303944315,Unlikely to churn,0.9837587006960556,2026-08-19
4993-JCRGJ,0.5050301810865191,Likely to churn,0.5050301810865191,2026-08-19
9537-JALFH,0.016241299303944315,Unlikely to churn,0.9837587006960556,2026-08-19
6698-OXETB,0.016241299303944315,Unlikely to churn,0.9837587006960556,2026-08-19
2103-ZRXFN,1.0,Likely to churn,1.0,2026-08-19
3724-BSCVH,1.0,Likely to churn,1.0,2026-08-19
4877-TSOFF,0.09430604982206406,Unlikely to churn,0.905693950177936,2026-08-19
9209-NWPGU,0.09430604982206406,Unlikely to churn,0.905693950177936,2026-08-19
6961-VCPMC,0.5050301810865191,Likely to churn,0.5050301810865191,2026-08-19
7306-YDSOI,0.016241299303944315,Unlikely to churn,0.9837587006960556,2026-08-19
5288-AHOUP,0.7213930348258707,Likely to churn,0.7213930348258707,2026-08-19
6688-UZPWD,0.7213930348258707,Likely to churn,0.7213930348258707,2026-08-19
0655-YDGFJ,0.5050301810865191,Likely to churn,0.5050301810865191,2026-08-19
8468-EHYJA,0.35384615384615387,Unlikely to churn,0.6461538461538461,2026-08-19
6823-SIDFQ,1.0,Likely to churn,1.0,2026-08-19
1097-FSPVW,0.5050301810865191,Likely to churn,0.5050301810865191,2026-08-19
2839-RFSQE,1.0,Likely to churn,1.0,2026-08-19
8328-SKJNO,0.09430604982206406,Unlikely to churn,0.905693950177936,2026-08-19
7010-ZMVBF,0.5050301810865191,Likely to churn,0.5050301810865191,2026-08-19
5201-CBWYG,0.09430604982206406,Unlikely to churn,0.905693950177936,2026-08-19
0968-GSIKN,0.825,Likely to churn,0.825,2026-08-19
1965-DDBWU,0.5050301810865191,Likely to churn,0.5050301810865191,2026-08-19
9057-SIHCH,0.7213930348258707,Likely to churn,0.7213930348258707,2026-08-19
6352-GIGGQ,0.09430604982206406,Unlikely to churn,0.905693950177936,2026-08-19
3635-QQRQD,0.016241299303944315,Unlikely to churn,0.9837587006960556,2026-08-19
6771-XWBDM,0.35384615384615387,Unlikely to churn,0.6461538461538461,2026-08-19
2897-DOVND,0.5149700598802395,Likely to churn,0.5149700598802395,2026-08-19
3082-YVEKW,0.016241299303944315,Unlikely to churn,0.9837587006960556,2026-08-19
0191-EQUUH,0.016241299303944315,Unlikely to churn,0.9837587006960556,2026-08-19
7134-HBPBS,0.0,Unlikely to churn,1.0,2026-08-19
3489-HHPFY,0.7213930348258707,Likely to churn,0.7213930348258707,2026-08-19
2926-JEJJC,1.0,Likely to churn,1.0,2026-08-19
8601-QACRS,0.5149700598802395,Likely to churn,0.5149700598802395,2026-08-19
4950-BDEUX,0.5050301810865191,Likely to churn,0.5050301810865191,2026-08-19
5789-LDFXO,0.09430604982206406,Unlikely to churn,0.905693950177936,2026-08-19
0508-OOLTO,0.5149700598802395,Likely to churn,0.5149700598802395,2026-08-19
2984-TBYKU,0.10679611650485436,Unlikely to churn,0.8932038834951457,2026-08-19
9822-WMWVG,0.5050301810865191,Likely to churn,0.5050301810865191,2026-08-19
2391-SOORI,0.5149700598802395,Likely to churn,0.5149700598802395,2026-08-19
9040-KZVWO,0.09430604982206406,Unlikely to churn,0.905693950177936,2026-08-19
2645-QTLMB,0.7213930348258707,Likely to churn,0.7213930348258707,2026-08-19
4806-HIPDW,1.0,Likely to churn,1.0,2026-08-19
1548-ARAGG,0.5149700598802395,Likely to churn,0.5149700598802395,2026-08-19
6339-RZCBJ,0.016241299303944315,Unlikely to churn,0.9837587006960556,2026-08-19
4424-TKOPW,0.7213930348258707,Likely to churn,0.7213930348258707,2026-08-19
4415-WNGVR,0.09430604982206406,Unlikely to churn,0.905693950177936,2026-08-19
2522-AHJXR,0.35384615384615387,Unlikely to churn,0.6461538461538461,2026-08-19
0412-UCCNP,0.016241299303944315,Unlikely to churn,0.9837587006960556,2026-08-19
1816-FLZDK,1.0,Likely to churn,1.0,2026-08-19
7096-UCLNH,1.0,Likely to churn,1.0,2026-08-19
8443-ZRDBZ,0.5149700598802395,Likely to churn,0.5149700598802395,2026-08-19
9136-ALYBR,1.0,Likely to churn,1.0,2026-08-19
4615-PIVVU,0.016241299303944315,Unlikely to churn,0.9837587006960556,2026-08-19
8885-QSQBX,1.0,Likely to churn,1.0,2026-08-19
7479-NITWS,0.7213930348258707,Likely to churn,0.7213930348258707,2026-08-19
8617-ENBDS,0.5149700598802395,Likely to churn,0.5149700598802395,2026-08-19
9385-NXKDA,0.0,Unlikely to churn,1.0,2026-08-19
0430-IHCDJ,0.5050301810865191,Likely to churn,0.5050301810865191,2026-08-19
2959-MJHIC,0.7213930348258707,Likely to churn,0.7213930348258707,2026-08-19
6674-KVJHG,0.09430604982206406,Unlikely to churn,0.905693950177936,2026-08-19
1814-DKOLC,0.5149700598802395,Likely to churn,0.5149700598802395,2026-08-19
4201-JMNGR,1.0,Likely to churn,1.0,2026-08-19
9351-HXDMR,0.0,Unlikely to churn,1.0,2026-08-19
3537-HPKQT,0.175,Unlikely to churn,0.825,2026-08-19
2129-ALKBS,0.5050301810865191,Likely to churn,0.5050301810865191,2026-08-19
5821-MMEIL,0.016241299303944315,Unlikely to churn,0.9837587006960556,2026-08-19
5960-WPXQM,0.825,Likely to churn,0.825,2026-08-19
0684-AOSIH,0.825,Likely to churn,0.825,2026-08-19
8260-NGFNY,1.0,Likely to churn,1.0,2026-08-19
1309-XGFSN,0.09430604982206406,Unlikely to churn,0.905693950177936,2026-08-19
1866-RZZQS,0.5050301810865191,Likely to churn,0.5050301810865191,2026-08-19
6968-URWQU,0.09430604982206406,Unlikely to churn,0.905693950177936,2026-08-19
4742-TXUEX,0.016241299303944315,Unlikely to churn,0.9837587006960556,2026-08-19
9631-XEYKE,0.5149700598802395,Likely to churn,0.5149700598802395,2026-08-19
8631-NBHFZ,0.016241299303944315,Unlikely to churn,0.9837587006960556,2026-08-19
1335-MXCSE,0.016241299303944315,Unlikely to churn,0.9837587006960556,2026-08-19
8873-TMKGR,1.0,Likely to churn,1.0,2026-08-19
8800-JOOCF,0.7213930348258707,Likely to churn,0.7213930348258707,2026-08-19
1469-LBJQJ,0.35384615384615387,Unlikely to churn,0.6461538461538461,2026-08-19
4958-XCBDQ,0.5050301810865191,Likely to churn,0.5050301810865191,2026-08-19
8337-UPOAQ,0.7213930348258707,Likely to churn,0.7213930348258707,2026-08-19
0064-YIJGF,0.5050301810865191,Likely to churn,0.5050301810865191,2026-08-19
2386-OWURY,0.175,Unlikely to churn,0.825,2026-08-19
1725-IQNIY,0.10679611650485436,Unlikely to churn,0.8932038834951457,2026-08-19
0310-VQXAM,0.5149700598802395,Likely to churn,0.5149700598802395,2026-08-19
6598-RFFVI,1.0,Likely to churn,1.0,2026-08-19
3453-RTHJQ,0.5149700598802395,Likely to churn,0.5149700598802395,2026-08-19
6712-OAWRH,0.5050301810865191,Likely to churn,0.5050301810865191,2026-08-19
6278-FEPBZ,0.5149700598802395,Likely to churn,0.5149700598802395,2026-08-19
4280-DLSHD,0.5149700598802395,Likely to churn,0.5149700598802395,2026-08-19
1508-DFXCU,0.7213930348258707,Likely to churn,0.7213930348258707,2026-08-19
8614-VGMMV,0.5050301810865191,Likely to churn,0.5050301810865191,2026-08-19
7868-BGSZA,0.09430604982206406,Unlikely to churn,0.905693950177936,2026-08-19
2800-QQUSO,0.5050301810865191,Likely to churn,0.5050301810865191,2026-08-19
2930-UOTMB,0.5050301810865191,Likely to churn,0.5050301810865191,2026-08-19
7973-DZRKH,0.0,Unlikely to churn,1.0,2026-08-19
5914-DVBWJ,0.5050301810865191,Likely to churn,0.5050301810865191,2026-08-19
7698-YFGEZ,1.0,Likely to churn,1.0,2026-08-19
2533-QVMSK,0.10679611650485436,Unlikely to churn,0.8932038834951457,2026-08-19
9773-PEQBZ,0.7213930348258707,Likely to churn,0.7213930348258707,2026-08-19
8644-XLFBW,0.825,Likely to churn,0.825,2026-08-19
0650-BWOZN,0.5050301810865191,Likely to churn,0.5050301810865191,2026-08-19
8625-AZYZY,0.5050301810865191,Likely to churn,0.5050301810865191,2026-08-19
7785-RDVIG,1.0,Likely to churn,1.0,2026-08-19
9602-WCXPI,1.0,Likely to churn,1.0,2026-08-19
2903-YYTBW,1.0,Likely to churn,1.0,2026-08-19
3620-MWJNE,1.0,Likely to churn,1.0,2026-08-19
8573-JGCZW,1.0,Likely to churn,1.0,2026-08-19
6837-HAEVO,0.10679611650485436,Unlikely to churn,0.8932038834951457,2026-08-19
6701-YVNQG,0.0,Unlikely to churn,1.0,2026-08-19
9306-CPCBC,0.5149700598802395,Likely to churn,0.5149700598802395,2026-08-19
4304-XUMGI,0.016241299303944315,Unlikely to churn,0.9837587006960556,2026-08-19
9504-YAZWB,0.016241299303944315,Unlikely to churn,0.9837587006960556,2026-08-19
8819-ZBYNA,0.10679611650485436,Unlikely to churn,0.8932038834951457,2026-08-19
6174-NRBTZ,0.09430604982206406,Unlikely to churn,0.905693950177936,2026-08-19
9481-IEBZY,0.35384615384615387,Unlikely to churn,0.6461538461538461,2026-08-19
1833-VGRUM,0.825,Likely to churn,0.825,2026-08-19
6137-NICCO,0.7213930348258707,Likely to churn,0.7213930348258707,2026-08-19
9065-ZCPQX,0.016241299303944315,Unlikely to churn,0.9837587006960556,2026-08-19
6402-EJMWF,0.5149700598802395,Likely to churn,0.5149700598802395,2026-08-19
3620-EHIMZ,0.016241299303944315,Unlikely to churn,0.9837587006960556,2026-08-19
3213-VVOLG,0.016241299303944315,Unlikely to churn,0.9837587006960556,2026-08-19
6870-ECSHE,1.0,Likely to churn,1.0,2026-08-19
8747-UDCOI,0.016241299303944315,Unlikely to churn,0.9837587006960556,2026-08-19
8374-XGEJJ,0.5050301810865191,Likely to churn,0.5050301810865191,2026-08-19
2656-TABEH,0.7213930348258707,Likely to churn,0.7213930348258707,2026-08-19
6946-LMSQS,0.09430604982206406,Unlikely to churn,0.905693950177936,2026-08-19
4626-OZDTJ,0.09430604982206406,Unlikely to churn,0.905693950177936,2026-08-19
9169-BSVIN,0.5149700598802395,Likely to churn,0.5149700598802395,2026-08-19
2325-ZUSFD,0.09430604982206406,Unlikely to churn,0.905693950177936,2026-08-19
8194-PEEBY,1.0,Likely to churn,1.0,2026-08-19
6872-HXFNF,0.09430604982206406,Unlikely to churn,0.905693950177936,2026-08-19
3932-CMDTD,0.2857142857142857,Unlikely to churn,0.7142857142857143,2026-08-19
7714-YXSMB,0.5050301810865191,Likely to churn,0.5050301810865191,2026-08-19
8387-UGUSU,0.5050301810865191,Likely to churn,0.5050301810865191,2026-08-19
1080-BWSYE,0.016241299303944315,Unlikely to churn,0.9837587006960556,2026-08-19
4039-HEUNW,0.5050301810865191,Likely to churn,0.5050301810865191,2026-08-19
1194-HVAIF,0.5050301810865191,Likely to churn,0.5050301810865191,2026-08-19
0812-WUPTB,0.825,Likely to churn,0.825,2026-08-19
3594-UVONA,0.09430604982206406,Unlikely to churn,0.905693950177936,2026-08-19
0004-TLHLJ,0.5149700598802395,Likely to churn,0.5149700598802395,2026-08-19
1767-TGTKO,0.5149700598802395,Likely to churn,0.5149700598802395,2026-08-19
8439-LTUGF,0.5149700598802395,Likely to churn,0.5149700598802395,2026-08-19
8805-JNRAZ,1.0,Likely to churn,1.0,2026-08-19
5089-IFSDP,0.10679611650485436,Unlikely to churn,0.8932038834951457,2026-08-19
6418-HNFED,0.0,Unlikely to churn,1.0,2026-08-19
0206-OYVOC,0.016241299303944315,Unlikely to churn,0.9837587006960556,2026-08-19
7291-CDTMJ,1.0,Likely to churn,1.0,2026-08-19
7128-GGCNO,0.5050301810865191,Likely to churn,0.5050301810865191,2026-08-19
0237-YFUTL,0.5050301810865191,Likely to churn,0.5050301810865191,2026-08-19
7691-KGKGP,0.5050301810865191,Likely to churn,0.5050301810865191,2026-08-19
6710-HSJRD,0.35384615384615387,Unlikely to churn,0.6461538461538461,2026-08-19
3675-EQOZA,1.0,Likely to churn,1.0,2026-08-19
0840-DCNZE,0.09430604982206406,Unlikely to churn,0.905693950177936,2026-08-19
1732-FEKLD,0.057692307692307696,Unlikely to churn,0.9423076923076923,2026-08-19
9862-KJTYK,0.5050301810865191,Likely to churn,0.5050301810865191,2026-08-19
0479-HMSWA,0.10679611650485436,Unlikely to churn,0.8932038834951457,2026-08-19
5854-KSRBJ,0.016241299303944315,Unlikely to churn,0.9837587006960556,2026-08-19
0365-BZUWY,0.5050301810865191,Likely to churn,0.5050301810865191,2026-08-19
4817-VYYWS,0.5050301810865191,Likely to churn,0.5050301810865191,2026-08-19
5701-SVCWR,1.0,Likely to churn,1.0,2026-08-19
3129-AAQOU,0.016241299303944315,Unlikely to churn,0.9837587006960556,2026-08-19
4922-CVPDX,0.016241299303944315,Unlikely to churn,0.9837587006960556,2026-08-19
1396-QWFBJ,0.5050301810865191,Likely to churn,0.5050301810865191,2026-08-19
1357-BIJKI,0.057692307692307696,Unlikely to churn,0.9423076923076923,2026-08-19
1099-BTKWT,0.09430604982206406,Unlikely to churn,0.905693950177936,2026-08-19
5299-SJCZT,0.7213930348258707,Likely to churn,0.7213930348258707,2026-08-19
2018-PZKMU,0.7213930348258707,Likely to churn,0.7213930348258707,2026-08-19
7340-KEFQE,0.016241299303944315,Unlikely to churn,0.9837587006960556,2026-08-19
4570-QHXHL,0.5149700598802395,Likely to churn,0.5149700598802395,2026-08-19
2403-BCASL,0.057692307692307696,Unlikely to churn,0.9423076923076923,2026-08-19
7392-YYPYJ,0.5050301810865191,Likely to churn,0.5050301810865191,2026-08-19
2898-LSJGD,0.09430604982206406,Unlikely to churn,0.905693950177936,2026-08-19
2223-GDSHL,0.0,Unlikely to churn,1.0,2026-08-19
7359-PTSXY,1.0,Likely to churn,1.0,2026-08-19
9470-RTWDV,0.09430604982206406,Unlikely to churn,0.905693950177936,2026-08-19
2176-OSJUV,0.016241299303944315,Unlikely to churn,0.9837587006960556,2026-08-19
9348-YVOMK,0.5149700598802395,Likely to churn,0.5149700598802395,2026-08-19
8104-OSKWT,0.7213930348258707,Likely to churn,0.7213930348258707,2026-08-19
4521-YEEHE,0.5050301810865191,Likely to churn,0.5050301810865191,2026-08-19
4090-KPJIP,0.5149700598802395,Likely to churn,0.5149700598802395,2026-08-19
3786-WOVKF,0.057692307692307696,Unlikely to churn,0.9423076923076923,2026-08-19
4503-BDXBD,0.5149700598802395,Likely to churn,0.5149700598802395,2026-08-19
6086-ESGRL,0.825,Likely to churn,0.825,2026-08-19
2592-HODOV,1.0,Likely to churn,1.0,2026-08-19
3886-CERTZ,0.057692307692307696,Unlikely to churn,0.9423076923076923,2026-08-19
7995-ZHHNZ,0.09430604982206406,Unlikely to churn,0.905693950177936,2026-08-19
3824-RHKVR,0.5050301810865191,Likely to churn,0.5050301810865191,2026-08-19
5816-SCGFC,0.5149700598802395,Likely to churn,0.5149700598802395,2026-08-19
5989-AXPUC,0.0,Unlikely to churn,1.0,2026-08-19
4979-HPRFL,0.016241299303944315,Unlikely to churn,0.9837587006960556,2026-08-19
8590-OHDIW,1.0,Likely to churn,1.0,2026-08-19
8015-IHCGW,0.0,Unlikely to churn,1.0,2026-08-19
2332-TODQS,0.09430604982206406,Unlikely to churn,0.905693950177936,2026-08-19
9278-VZKCD,0.5050301810865191,Likely to churn,0.5050301810865191,2026-08-19
8008-OTEZX,1.0,Likely to churn,1.0,2026-08-19
2773-OVBPK,0.10679611650485436,Unlikely to churn,0.8932038834951457,2026-08-19
5999-LCXAO,1.0,Likely to churn,1.0,2026-08-19
5206-XZZQI,0.5050301810865191,Likely to churn,0.5050301810865191,2026-08-19
4803-LBYPN,0.5050301810865191,Likely to churn,0.5050301810865191,2026-08-19
5759-RCVCB,1.0,Likely to churn,1.0,2026-08-19
6372-RFVNS,0.825,Likely to churn,0.825,2026-08-19
2139-FQHLM,0.5050301810865191,Likely to churn,0.5050301810865191,2026-08-19
8261-GWDBQ,0.10679611650485436,Unlikely to churn,0.8932038834951457,2026-08-19
1093-YSWCA,0.016241299303944315,Unlikely to churn,0.9837587006960556,2026-08-19
8938-UMKPI,0.5050301810865191,Likely to churn,0.5050301810865191,2026-08-19
0991-BRRFB,0.5050301810865191,Likely to churn,0.5050301810865191,2026-08-19
3882-IYOIJ,0.10679611650485436,Unlikely to churn,0.8932038834951457,2026-08-19
8749-TZYEC,0.016241299303944315,Unlikely to churn,0.9837587006960556,2026-08-19
1755-FZQEC,1.0,Likely to churn,1.0,2026-08-19
3115-JPJDD,0.09430604982206406,Unlikely to churn,0.905693950177936,2026-08-19
5600-KTXFM,0.5149700598802395,Likely to churn,0.5149700598802395,2026-08-19
3871-IKPYH,1.0,Likely to churn,1.0,2026-08-19
6319-IEJWJ,0.5050301810865191,Likely to churn,0.5050301810865191,2026-08-19
9025-AOMKI,0.7213930348258707,Likely to churn,0.7213930348258707,2026-08-19
6339-TBELP,0.0,Unlikely to churn,1.0,2026-08-19
7964-YESJC,0.5050301810865191,Likely to churn,0.5050301810865191,2026-08-19
6173-GOLSU,0.175,Unlikely to churn,0.825,2026-08-19
5275-SQEIZ,0.825,Likely to churn,0.825,2026-08-19
7716-YTYHG,0.09430604982206406,Unlikely to churn,0.905693950177936,2026-08-19
9938-ZREHM,0.09430604982206406,Unlikely to churn,0.905693950177936,2026-08-19
7950-XWOVN,0.5149700598802395,Likely to churn,0.5149700598802395,2026-08-19
4390-KYULV,1.0,Likely to churn,1.0,2026-08-19
4647-MUZON,0.5050301810865191,Likely to churn,0.5050301810865191,2026-08-19
9702-AIUJO,0.09430604982206406,Unlikely to churn,0.905693950177936,2026-08-19
8849-PRIQJ,0.057692307692307696,Unlikely to churn,0.9423076923076923,2026-08-19
8851-RAGOV,0.5050301810865191,Likely to churn,0.5050301810865191,2026-08-19
1304-NECVQ,0.7213930348258707,Likely to churn,0.7213930348258707,2026-08-19
5396-IZEPB,0.5149700598802395,Likely to churn,0.5149700598802395,2026-08-19
1729-VLAZJ,0.09430604982206406,Unlikely to churn,0.905693950177936,2026-08-19
8285-ABVLB,0.016241299303944315,Unlikely to churn,0.9837587006960556,2026-08-19
0701-TJSEF,0.5149700598802395,Likely to churn,0.5149700598802395,2026-08-19
5712-VBOXD,1.0,Likely to churn,1.0,2026-08-19
6629-LADHQ,1.0,Likely to churn,1.0,2026-08-19
8945-GRKHX,0.825,Likely to churn,0.825,2026-08-19
1559-DTODC,0.5050301810865191,Likely to churn,0.5050301810865191,2026-08-19
4797-MIWUM,0.5149700598802395,Likely to churn,0.5149700598802395,2026-08-19
6959-UWKHF,1.0,Likely to churn,1.0,2026-08-19
8720-RQSBJ,1.0,Likely to churn,1.0,2026-08-19
4537-CIBHB,1.0,Likely to churn,1.0,2026-08-19
3815-SLMEF,1.0,Likely to churn,1.0,2026-08-19
5154-VEKBL,0.5149700598802395,Likely to churn,0.5149700598802395,2026-08-19
4324-AHJKS,0.5149700598802395,Likely to churn,0.5149700598802395,2026-08-19
4355-CVPVS,0.09430604982206406,Unlikely to churn,0.905693950177936,2026-08-19
4495-LHSSK,0.5050301810865191,Likely to churn,0.5050301810865191,2026-08-19
5655-JSMZM,0.5050301810865191,Likely to churn,0.5050301810865191,2026-08-19
5915-ANOEI,0.016241299303944315,Unlikely to churn,0.9837587006960556,2026-08-19
9861-PDSZP,0.0,Unlikely to churn,1.0,2026-08-19
4505-EXZHB,0.5149700598802395,Likely to churn,0.5149700598802395,2026-08-19
7225-CBZPL,0.5050301810865191,Likely to churn,0.5050301810865191,2026-08-19
6704-UTUKK,0.5050301810865191,Likely to churn,0.5050301810865191,2026-08-19
4587-VVTOX,0.7213930348258707,Likely to churn,0.7213930348258707,2026-08-19
2019-HDCZY,0.10679611650485436,Unlikely to churn,0.8932038834951457,2026-08-19
4652-NNHNY,0.5050301810865191,Likely to churn,0.5050301810865191,2026-08-19
8788-DOXSU,0.09430604982206406,Unlikely to churn,0.905693950177936,2026-08-19
7404-JLKQG,0.5149700598802395,Likely to churn,0.5149700598802395,2026-08-19
7421-ZLUPA,0.5149700598802395,Likely to churn,0.5149700598802395,2026-08-19
8972-HJWNV,0.7213930348258707,Likely to churn,0.7213930348258707,2026-08-19
3274-NSDWE,0.016241299303944315,Unlikely to churn,0.9837587006960556,2026-08-19
2632-IVXVF,0.10679611650485436,Unlikely to churn,0.8932038834951457,2026-08-19
3692-JHONH,0.057692307692307696,Unlikely to churn,0.9423076923076923,2026-08-19
8915-NNTRC,0.10679611650485436,Unlikely to churn,0.8932038834951457,2026-08-19
5914-GXMDA,1.0,Likely to churn,1.0,2026-08-19
7463-IFMQU,0.016241299303944315,Unlikely to churn,0.9837587006960556,2026-08-19
2920-RNCEZ,0.825,Likely to churn,0.825,2026-08-19
2541-YGPKE,0.09430604982206406,Unlikely to churn,0.905693950177936,2026-08-19
8515-OCTJS,0.016241299303944315,Unlikely to churn,0.9837587006960556,2026-08-19
5382-TEMLV,0.5050301810865191,Likely to churn,0.5050301810865191,2026-08-19
3441-CGZJH,0.09430604982206406,Unlikely to churn,0.905693950177936,2026-08-19
9592-ERDKV,0.09430604982206406,Unlikely to churn,0.905693950177936,2026-08-19
2860-RANUS,0.5050301810865191,Likely to churn,0.5050301810865191,2026-08-19
5261-QSHQM,1.0,Likely to churn,1.0,2026-08-19
4778-IZARL,0.10679611650485436,Unlikely to churn,0.8932038834951457,2026-08-19
0432-CAJZV,0.7213930348258707,Likely to churn,0.7213930348258707,2026-08-19
7008-LZVOZ,0.016241299303944315,Unlikely to churn,0.9837587006960556,2026-08-19
8868-WOZGU,0.5050301810865191,Likely to churn,0.5050301810865191,2026-08-19
1200-TUZHR,0.7213930348258707,Likely to churn,0.7213930348258707,2026-08-19
9365-CSLBQ,0.016241299303944315,Unlikely to churn,0.9837587006960556,2026-08-19
1334-FJSVR,1.0,Likely to churn,1.0,2026-08-19
5884-FBCTL,0.016241299303944315,Unlikely to churn,0.9837587006960556,2026-08-19
7130-CTCUS,0.5050301810865191,Likely to churn,0.5050301810865191,2026-08-19
6242-FEGFD,0.10679611650485436,Unlikely to churn,0.8932038834951457,2026-08-19
7625-XCQRH,0.5149700598802395,Likely to churn,0.5149700598802395,2026-08-19
6194-HBGQN,0.09430604982206406,Unlikely to churn,0.905693950177936,2026-08-19
7634-WSWDB,0.5149700598802395,Likely to churn,0.5149700598802395,2026-08-19
6986-IXNDM,0.5050301810865191,Likely to churn,0.5050301810865191,2026-08-19
1731-TVIUK,0.7213930348258707,Likely to churn,0.7213930348258707,2026-08-19
2987-BJXIK,0.0,Unlikely to churn,1.0,2026-08-19
9769-TSBZE,0.016241299303944315,Unlikely to churn,0.9837587006960556,2026-08-19
0406-BPDVR,0.057692307692307696,Unlikely to churn,0.9423076923076923,2026-08-19
0618-XWMSS,0.5050301810865191,Likely to churn,0.5050301810865191,2026-08-19
1395-WSWXR,0.016241299303944315,Unlikely to churn,0.9837587006960556,2026-08-19
6023-GSSXW,0.016241299303944315,Unlikely to churn,0.9837587006960556,2026-08-19
6752-APNJL,0.5050301810865191,Likely to churn,0.5050301810865191,2026-08-19
5276-KQWHG,0.5149700598802395,Likely to churn,0.5149700598802395,2026-08-19
0420-HLGXF,0.5050301810865191,Likely to churn,0.5050301810865191,2026-08-19
7446-KQISO,0.10679611650485436,Unlikely to churn,0.8932038834951457,2026-08-19
9823-EALYC,0.0,Unlikely to churn,1.0,2026-08-19
0582-AVCLN,0.016241299303944315,Unlikely to churn,0.9837587006960556,2026-08-19
5803-NQJZO,0.016241299303944315,Unlikely to churn,0.9837587006960556,2026-08-19
2565-JSLRY,1.0,Likely to churn,1.0,2026-08-19
2607-DHDAK,0.016241299303944315,Unlikely to churn,0.9837587006960556,2026-08-19
1073-XXCZD,0.016241299303944315,Unlikely to churn,0.9837587006960556,2026-08-19
0743-HRVFF,0.09430604982206406,Unlikely to churn,0.905693950177936,2026-08-19
4006-HKYHO,0.0,Unlikely to churn,1.0,2026-08-19
3727-JEZTU,1.0,Likely to churn,1.0,2026-08-19
8143-ETQTI,0.016241299303944315,Unlikely to churn,0.9837587006960556,2026-08-19
6689-KXGBO,1.0,Likely to churn,1.0,2026-08-19
9667-TKTVZ,1.0,Likely to churn,1.0,2026-08-19
3657-COGMW,0.5050301810865191,Likely to churn,0.5050301810865191,2026-08-19
8570-KLJYJ,0.09430604982206406,Unlikely to churn,0.905693950177936,2026-08-19
7754-IXRMC,1.0,Likely to churn,1.0,2026-08-19
9473-CBZOP,0.09430604982206406,Unlikely to churn,0.905693950177936,2026-08-19
2969-WGHQO,0.09430604982206406,Unlikely to churn,0.905693950177936,2026-08-19
6615-NGGZJ,0.5050301810865191,Likely to churn,0.5050301810865191,2026-08-19
4334-HOWRP,0.016241299303944315,Unlikely to churn,0.9837587006960556,2026-08-19
4255-DDUOU,1.0,Likely to churn,1.0,2026-08-19
5863-OOKCL,0.5149700598802395,Likely to churn,0.5149700598802395,2026-08-19
1686-STUHN,1.0,Likely to churn,1.0,2026-08-19
1329-VHWNP,0.5149700598802395,Likely to churn,0.5149700598802395,2026-08-19
2984-MIIZL,0.5149700598802395,Likely to churn,0.5149700598802395,2026-08-19
0266-GMEAO,0.0,Unlikely to churn,1.0,2026-08-19
5590-YRFJT,0.5050301810865191,Likely to churn,0.5050301810865191,2026-08-19
5574-NXZIU,0.10679611650485436,Unlikely to churn,0.8932038834951457,2026-08-19
0019-GFNTW,0.016241299303944315,Unlikely to churn,0.9837587006960556,2026-08-19
4256-ZWTZI,0.5149700598802395,Likely to churn,0.5149700598802395,2026-08-19
8309-PPCED,0.0,Unlikely to churn,1.0,2026-08-19
4098-NAUKP,0.175,Unlikely to churn,0.825,2026-08-19
5196-WPYOW,0.09430604982206406,Unlikely to churn,0.905693950177936,2026-08-19
4608-LCIMN,0.5149700598802395,Likely to churn,0.5149700598802395,2026-08-19
1485-YDHMM,0.5050301810865191,Likely to churn,0.5050301810865191,2026-08-19
4054-CUMIA,0.5050301810865191,Likely to churn,0.5050301810865191,2026-08-19
0603-TPMIB,0.016241299303944315,Unlikely to churn,0.9837587006960556,2026-08-19
2525-GVKQU,0.016241299303944315,Unlikely to churn,0.9837587006960556,2026-08-19
8161-QYMTT,0.7213930348258707,Likely to churn,0.7213930348258707,2026-08-19
9581-GVBXT,0.09430604982206406,Unlikely to churn,0.905693950177936,2026-08-19
5862-BRIXZ,0.016241299303944315,Unlikely to churn,0.9837587006960556,2026-08-19
5404-GGUKR,0.5149700598802395,Likely to churn,0.5149700598802395,2026-08-19
3308-JSGML,0.016241299303944315,Unlikely to churn,0.9837587006960556,2026-08-19
2126-GSEGL,0.0,Unlikely to churn,1.0,2026-08-19
3677-TNKIO,0.5050301810865191,Likely to churn,0.5050301810865191,2026-08-19
0440-QEXBZ,0.5050301810865191,Likely to churn,0.5050301810865191,2026-08-19
2434-EEVDB,0.10679611650485436,Unlikely to churn,0.8932038834951457,2026-08-19
6762-QVYJO,0.016241299303944315,Unlikely to churn,0.9837587006960556,2026-08-19
6199-IWKGC,0.057692307692307696,Unlikely to churn,0.9423076923076923,2026-08-19
2675-DHUTR,0.175,Unlikely to churn,0.825,2026-08-19
8152-VETUR,0.10679611650485436,Unlikely to churn,0.8932038834951457,2026-08-19
9667-EQRXU,0.5050301810865191,Likely to churn,0.5050301810865191,2026-08-19
7446-YPODE,0.5149700598802395,Likely to churn,0.5149700598802395,2026-08-19
9522-BNTHX,0.5050301810865191,Likely to churn,0.5050301810865191,2026-08-19
4676-WLUHT,0.016241299303944315,Unlikely to churn,0.9837587006960556,2026-08-19
3329-WDIOK,0.5149700598802395,Likely to churn,0.5149700598802395,2026-08-19
7980-MHFLQ,0.016241299303944315,Unlikely to churn,0.9837587006960556,2026-08-19
2873-ZLIWT,0.5050301810865191,Likely to churn,0.5050301810865191,2026-08-19
3415-TAILE,0.5149700598802395,Likely to churn,0.5149700598802395,2026-08-19
0757-WCUUZ,0.016241299303944315,Unlikely to churn,0.9837587006960556,2026-08-19
1629-DQQVB,0.5050301810865191,Likely to churn,0.5050301810865191,2026-08-19
1915-IOFGU,0.825,Likely to churn,0.825,2026-08-19
3045-XETSH,0.7213930348258707,Likely to churn,0.7213930348258707,2026-08-19
0374-AACSZ,1.0,Likely to churn,1.0,2026-08-19
7239-HZZCX,1.0,Likely to churn,1.0,2026-08-19
4872-VXRIL,0.09430604982206406,Unlikely to churn,0.905693950177936,2026-08-19
9140-CZQZZ,0.016241299303944315,Unlikely to churn,0.9837587006960556,2026-08-19
3423-HHXAO,1.0,Likely to churn,1.0,2026-08-19
9938-TKDGL,0.10679611650485436,Unlikely to churn,0.8932038834951457,2026-08-19
0531-ZZJWQ,0.175,Unlikely to churn,0.825,2026-08-19
6537-QLGEX,0.5050301810865191,Likely to churn,0.5050301810865191,2026-08-19
2688-BHGOG,0.7213930348258707,Likely to churn,0.7213930348258707,2026-08-19
7683-CBDKJ,0.5050301810865191,Likely to churn,0.5050301810865191,2026-08-19
0946-CLJTI,0.175,Unlikely to churn,0.825,2026-08-19
3160-TYXLT,0.5050301810865191,Likely to churn,0.5050301810865191,2026-08-19
1325-USMEC,0.10679611650485436,Unlikely to churn,0.8932038834951457,2026-08-19
0916-QOFDP,0.5050301810865191,Likely to churn,0.5050301810865191,2026-08-19
0628-CNQRM,0.09430604982206406,Unlikely to churn,0.905693950177936,2026-08-19
5606-AMZBO,0.5149700598802395,Likely to churn,0.5149700598802395,2026-08-19
6199-IPCAO,0.016241299303944315,Unlikely to churn,0.9837587006960556,2026-08-19
7665-TOALD,1.0,Likely to churn,1.0,2026-08-19
0112-QWPNC,0.09430604982206406,Unlikely to churn,0.905693950177936,2026-08-19
0324-BRPCJ,0.35384615384615387,Unlikely to churn,0.6461538461538461,2026-08-19
2777-PHDEI,0.825,Likely to churn,0.825,2026-08-19
5640-CAXOA,0.09430604982206406,Unlikely to churn,0.905693950177936,2026-08-19
2235-EZAIK,0.016241299303944315,Unlikely to churn,0.9837587006960556,2026-08-19
3847-BAERP,0.5149700598802395,Likely to churn,0.5149700598802395,2026-08-19
1196-AMORA,0.5149700598802395,Likely to churn,0.5149700598802395,2026-08-19
4282-YMKNA,0.5149700598802395,Likely to churn,0.5149700598802395,2026-08-19
1453-RZFON,1.0,Likely to churn,1.0,2026-08-19
8263-OKETD,0.5050301810865191,Likely to churn,0.5050301810865191,2026-08-19
0670-KDOMA,1.0,Likely to churn,1.0,2026-08-19
2476-YGEFM,0.5050301810865191,Likely to churn,0.5050301810865191,2026-08-19
8687-BAFGU,0.825,Likely to churn,0.825,2026-08-19
0641-EVBOJ,0.7213930348258707,Likely to churn,0.7213930348258707,2026-08-19
0829-XXPLX,0.5050301810865191,Likely to churn,0.5050301810865191,2026-08-19
9974-JFBHQ,0.175,Unlikely to churn,0.825,2026-08-19
5356-RHIPP,1.0,Likely to churn,1.0,2026-08-19
6624-JDRDS,0.5149700598802395,Likely to churn,0.5149700598802395,2026-08-19
0608-JDVEC,0.016241299303944315,Unlikely to churn,0.9837587006960556,2026-08-19
9780-FKVVF,0.5149700598802395,Likely to churn,0.5149700598802395,2026-08-19
1919-RTPQD,0.5149700598802395,Likely to churn,0.5149700598802395,2026-08-19
5214-NLTIT,0.0,Unlikely to churn,1.0,2026-08-19
3345-PBBFH,0.5149700598802395,Likely to churn,0.5149700598802395,2026-08-19
5055-BRMNE,0.10679611650485436,Unlikely to churn,0.8932038834951457,2026-08-19
9189-JWSHV,0.5050301810865191,Likely to churn,0.5050301810865191,2026-08-19
2190-PHBHR,0.10679611650485436,Unlikely to churn,0.8932038834951457,2026-08-19
2650-GYRYL,1.0,Likely to churn,1.0,2026-08-19
0746-JTRFU,1.0,Likely to churn,1.0,2026-08-19
5208-FVQKB,0.016241299303944315,Unlikely to churn,0.9837587006960556,2026-08-19
7184-LRUUR,0.09430604982206406,Unlikely to churn,0.905693950177936,2026-08-19
6627-CFOSN,0.175,Unlikely to churn,0.825,2026-08-19
3982-JGSFD,1.0,Likely to churn,1.0,2026-08-19
1574-DYCWE,0.016241299303944315,Unlikely to churn,0.9837587006960556,2026-08-19
7247-XOZPB,0.09430604982206406,Unlikely to churn,0.905693950177936,2026-08-19
2466-FCCPT,1.0,Likely to churn,1.0,2026-08-19
6211-WWLTF,0.10679611650485436,Unlikely to churn,0.8932038834951457,2026-08-19
4826-TZEVA,0.5050301810865191,Likely to churn,0.5050301810865191,2026-08-19
6016-NXBNJ,1.0,Likely to churn,1.0,2026-08-19
9138-EFSMO,0.09430604982206406,Unlikely to churn,0.905693950177936,2026-08-19
0576-WNXXC,0.5050301810865191,Likely to churn,0.5050301810865191,2026-08-19
4632-XJMEX,0.09430604982206406,Unlikely to churn,0.905693950177936,2026-08-19
8910-LEDAG,0.5050301810865191,Likely to churn,0.5050301810865191,2026-08-19
3452-GWUIN,0.5050301810865191,Likely to churn,0.5050301810865191,2026-08-19
2716-GFZOR,0.5050301810865191,Likely to churn,0.5050301810865191,2026-08-19
3724-UCSHY,1.0,Likely to churn,1.0,2026-08-19
8626-XHBIE,0.016241299303944315,Unlikely to churn,0.9837587006960556,2026-08-19
4628-CTTLA,0.175,Unlikely to churn,0.825,2026-08-19
3192-LNKRK,0.5050301810865191,Likely to churn,0.5050301810865191,2026-08-19
4439-YRNVD,0.5149700598802395,Likely to churn,0.5149700598802395,2026-08-19
2876-VBBBL,1.0,Likely to churn,1.0,2026-08-19
6834-NXDCA,0.5149700598802395,Likely to churn,0.5149700598802395,2026-08-19
2208-UGTGR,0.175,Unlikely to churn,0.825,2026-08-19
3005-TYFRD,0.35384615384615387,Unlikely to churn,0.6461538461538461,2026-08-19
8670-MEFCP,0.0,Unlikely to churn,1.0,2026-08-19
3079-BCHLN,1.0,Likely to churn,1.0,2026-08-19
7777-UNYHB,0.5149700598802395,Likely to churn,0.5149700598802395,2026-08-19
5597-GLBUC,0.825,Likely to churn,0.825,2026-08-19
7278-CKDNC,0.5050301810865191,Likely to churn,0.5050301810865191,2026-08-19
2748-MYRVK,0.057692307692307696,Unlikely to churn,0.9423076923076923,2026-08-19
8450-UYIBU,0.5050301810865191,Likely to churn,0.5050301810865191,2026-08-19
2969-VAPYH,0.09430604982206406,Unlikely to churn,0.905693950177936,2026-08-19
4822-YCXMX,0.5050301810865191,Likely to churn,0.5050301810865191,2026-08-19
7181-OQCUT,0.5050301810865191,Likely to churn,0.5050301810865191,2026-08-19
8474-UMLNT,0.5149700598802395,Likely to churn,0.5149700598802395,2026-08-19
9821-POOTN,0.5050301810865191,Likely to churn,0.5050301810865191,2026-08-19
3836-FZSDJ,0.016241299303944315,Unlikely to churn,0.9837587006960556,2026-08-19
9142-XMYJH,0.5050301810865191,Likely to churn,0.5050301810865191,2026-08-19
6559-ILWKJ,0.016241299303944315,Unlikely to churn,0.9837587006960556,2026-08-19
0187-QSXOE,0.7213930348258707,Likely to churn,0.7213930348258707,2026-08-19
7733-UDMTP,0.175,Unlikely to churn,0.825,2026-08-19
2649-HWLYB,0.016241299303944315,Unlikely to churn,0.9837587006960556,2026-08-19
5214-CHIWJ,1.0,Likely to churn,1.0,2026-08-19
4229-CZMLL,0.5149700598802395,Likely to churn,0.5149700598802395,2026-08-19
6904-JLBGY,0.0,Unlikely to churn,1.0,2026-08-19
2465-BLLEU,1.0,Likely to churn,1.0,2026-08-19
1685-VAYJF,0.5149700598802395,Likely to churn,0.5149700598802395,2026-08-19
8874-EJNSR,0.016241299303944315,Unlikely to churn,0.9837587006960556,2026-08-19
6917-YACBP,0.175,Unlikely to churn,0.825,2026-08-19
5049-MUBWG,0.09430604982206406,Unlikely to churn,0.905693950177936,2026-08-19
4223-WOZCM,1.0,Likely to churn,1.0,2026-08-19
0769-MURVM,0.016241299303944315,Unlikely to churn,0.9837587006960556,2026-08-19
9253-VIFJQ,0.09430604982206406,Unlikely to churn,0.905693950177936,2026-08-19
7030-FZTFM,0.0,Unlikely to churn,1.0,2026-08-19
9741-YLNTD,0.7213930348258707,Likely to churn,0.7213930348258707,2026-08-19
5917-RYRMG,1.0,Likely to churn,1.0,2026-08-19
5120-ZBLAI,0.09430604982206406,Unlikely to churn,0.905693950177936,2026-08-19
1194-BHJYC,0.016241299303944315,Unlikely to churn,0.9837587006960556,2026-08-19
3663-MITLP,0.5050301810865191,Likely to churn,0.5050301810865191,2026-08-19
0906-QVPMS,0.0,Unlikely to churn,1.0,2026-08-19
9025-ZRPVR,0.5149700598802395,Likely to churn,0.5149700598802395,2026-08-19
1905-OEILC,1.0,Likely to churn,1.0,2026-08-19
7858-GTZSP,0.7213930348258707,Likely to churn,0.7213930348258707,2026-08-19
3285-UCQVC,0.5050301810865191,Likely to churn,0.5050301810865191,2026-08-19
6248-BSHKG,1.0,Likely to churn,1.0,2026-08-19
4685-TFLLS,1.0,Likely to churn,1.0,2026-08-19
3470-BTGQO,0.5050301810865191,Likely to churn,0.5050301810865191,2026-08-19
1209-VFFOC,0.016241299303944315,Unlikely to churn,0.9837587006960556,2026-08-19
8224-DWCKX,0.5149700598802395,Likely to churn,0.5149700598802395,2026-08-19
5482-PLVPE,1.0,Likely to churn,1.0,2026-08-19
4553-DVPZG,0.35384615384615387,Unlikely to churn,0.6461538461538461,2026-08-19
4902-OHLSK,0.5050301810865191,Likely to churn,0.5050301810865191,2026-08-19
6917-IAYHD,1.0,Likely to churn,1.0,2026-08-19
0495-ZBNGW,0.7213930348258707,Likely to churn,0.7213930348258707,2026-08-19
8620-RJPZN,1.0,Likely to churn,1.0,2026-08-19
7572-KPVKK,0.10679611650485436,Unlikely to churn,0.8932038834951457,2026-08-19
2642-MAWLJ,0.016241299303944315,Unlikely to churn,0.9837587006960556,2026-08-19
2357-COQEK,0.5050301810865191,Likely to churn,0.5050301810865191,2026-08-19
7103-ZGVNT,0.09430604982206406,Unlikely to churn,0.905693950177936,2026-08-19
3737-GCSPV,0.7213930348258707,Likely to churn,0.7213930348258707,2026-08-19
2027-WKXMW,0.35384615384615387,Unlikely to churn,0.6461538461538461,2026-08-19
7137-NAXML,1.0,Likely to churn,1.0,2026-08-19
2428-ZMCTB,0.5149700598802395,Likely to churn,0.5149700598802395,2026-08-19
2961-VNFKL,0.016241299303944315,Unlikely to churn,0.9837587006960556,2026-08-19
1768-HNVGJ,0.5050301810865191,Likely to churn,0.5050301810865191,2026-08-19
6963-KQYQB,0.016241299303944315,Unlikely to churn,0.9837587006960556,2026-08-19
5934-RMPOV,0.5050301810865191,Likely to churn,0.5050301810865191,2026-08-19
1207-BLKSA,0.016241299303944315,Unlikely to churn,0.9837587006960556,2026-08-19
4088-YLDSU,0.057692307692307696,Unlikely to churn,0.9423076923076923,2026-08-19
8316-BBQAY,0.016241299303944315,Unlikely to churn,0.9837587006960556,2026-08-19
1166-PQLGG,0.016241299303944315,Unlikely to churn,0.9837587006960556,2026-08-19
3146-JTQHR,1.0,Likely to churn,1.0,2026-08-19
4291-YZODP,1.0,Likely to churn,1.0,2026-08-19
4395-PZMSN,0.7213930348258707,Likely to churn,0.7213930348258707,2026-08-19
6427-FEFIG,0.016241299303944315,Unlikely to churn,0.9837587006960556,2026-08-19
0017-IUDMW,0.0,Unlikely to churn,1.0,2026-08-19
8706-HRADD,0.5050301810865191,Likely to churn,0.5050301810865191,2026-08-19
9955-QOPOY,0.09430604982206406,Unlikely to churn,0.905693950177936,2026-08-19
4385-ZKVNW,0.5050301810865191,Likely to churn,0.5050301810865191,2026-08-19
5446-DKWYW,0.09430604982206406,Unlikely to churn,0.905693950177936,2026-08-19
2034-CGRHZ,0.5050301810865191,Likely to churn,0.5050301810865191,2026-08-19
5797-APWZC,0.825,Likely to churn,0.825,2026-08-19
3683-QKIUE,0.5149700598802395,Likely to churn,0.5149700598802395,2026-08-19
4228-ZGYUW,0.7213930348258707,Likely to churn,0.7213930348258707,2026-08-19
9031-ZVQPT,0.0,Unlikely to churn,1.0,2026-08-19
2990-IAJSV,0.0,Unlikely to churn,1.0,2026-08-19
8107-KNCIM,0.5050301810865191,Likely to churn,0.5050301810865191,2026-08-19
9027-YFHQJ,0.5149700598802395,Likely to churn,0.5149700598802395,2026-08-19
5176-LDKUH,0.09430604982206406,Unlikely to churn,0.905693950177936,2026-08-19
4644-OBGFZ,1.0,Likely to churn,1.0,2026-08-19
7926-IJOOU,1.0,Likely to churn,1.0,2026-08-19
6480-YAGIY,0.057692307692307696,Unlikely to churn,0.9423076923076923,2026-08-19
4029-HPFVY,0.5149700598802395,Likely to churn,0.5149700598802395,2026-08-19
7602-DBTOU,0.016241299303944315,Unlikely to churn,0.9837587006960556,2026-08-19
5345-BMKWB,0.5149700598802395,Likely to churn,0.5149700598802395,2026-08-19
3519-ZKXGG,0.5149700598802395,Likely to churn,0.5149700598802395,2026-08-19
5457-COLHT,0.0,Unlikely to churn,1.0,2026-08-19
6416-TVAIH,1.0,Likely to churn,1.0,2026-08-19
5451-YHYPW,0.0,Unlikely to churn,1.0,2026-08-19
5108-ADXWO,0.5149700598802395,Likely to churn,0.5149700598802395,2026-08-19
7998-WNZEM,0.0,Unlikely to churn,1.0,2026-08-19
3066-RRJIO,0.825,Likely to churn,0.825,2026-08-19
4664-NJCMS,0.016241299303944315,Unlikely to churn,0.9837587006960556,2026-08-19
0307-BCOPK,1.0,Likely to churn,1.0,2026-08-19
7629-WFGLW,0.057692307692307696,Unlikely to churn,0.9423076923076923,2026-08-19
2542-HYGIQ,1.0,Likely to churn,1.0,2026-08-19
6715-OFDBP,0.5149700598802395,Likely to churn,0.5149700598802395,2026-08-19
5016-LIPDW,1.0,Likely to churn,1.0,2026-08-19
6481-LXPWL,0.09430604982206406,Unlikely to churn,0.905693950177936,2026-08-19
1567-DSCIC,0.7213930348258707,Likely to churn,0.7213930348258707,2026-08-19
2150-UWTFY,0.5050301810865191,Likely to churn,0.5050301810865191,2026-08-19
6124-ACRHJ,1.0,Likely to churn,1.0,2026-08-19
9362-MWODR,0.5050301810865191,Likely to churn,0.5050301810865191,2026-08-19
9975-GPKZU,0.016241299303944315,Unlikely to churn,0.9837587006960556,2026-08-19
9625-RZFUK,0.016241299303944315,Unlikely to churn,0.9837587006960556,2026-08-19
5153-LXKDT,0.10679611650485436,Unlikely to churn,0.8932038834951457,2026-08-19
5161-UBZXI,0.10679611650485436,Unlikely to churn,0.8932038834951457,2026-08-19
1020-JPQOW,0.175,Unlikely to churn,0.825,2026-08-19
7919-ZODZZ,0.09430604982206406,Unlikely to churn,0.905693950177936,2026-08-19
0565-JUPYD,0.057692307692307696,Unlikely to churn,0.9423076923076923,2026-08-19
6867-ACCZI,0.016241299303944315,Unlikely to churn,0.9837587006960556,2026-08-19
5939-XAIXZ,0.5050301810865191,Likely to churn,0.5050301810865191,2026-08-19
9054-FOWNV,0.5050301810865191,Likely to churn,0.5050301810865191,2026-08-19
2683-BPJSO,0.5050301810865191,Likely to churn,0.5050301810865191,2026-08-19
2157-MXBJS,0.09430604982206406,Unlikely to churn,0.905693950177936,2026-08-19
8207-VVMYB,0.016241299303944315,Unlikely to churn,0.9837587006960556,2026-08-19
9732-EQMWY,0.5050301810865191,Likely to churn,0.5050301810865191,2026-08-19
9360-AHGNL,0.057692307692307696,Unlikely to churn,0.9423076923076923,2026-08-19
1087-UDSIH,1.0,Likely to churn,1.0,2026-08-19
5269-NRGDP,0.09430604982206406,Unlikely to churn,0.905693950177936,2026-08-19
6195-MELTI,0.09430604982206406,Unlikely to churn,0.905693950177936,2026-08-19
5485-WUYWF,0.5149700598802395,Likely to churn,0.5149700598802395,2026-08-19
2121-JAFOM,0.0,Unlikely to churn,1.0,2026-08-19
8818-DOPVL,0.5050301810865191,Likely to churn,0.5050301810865191,2026-08-19
2632-UCGVD,0.35384615384615387,Unlikely to churn,0.6461538461538461,2026-08-19
5445-PZWGX,0.057692307692307696,Unlikely to churn,0.9423076923076923,2026-08-19
1227-UDMZR,0.0,Unlikely to churn,1.0,2026-08-19
5198-HQAEN,0.09430604982206406,Unlikely to churn,0.905693950177936,2026-08-19
9170-CCKOU,0.5050301810865191,Likely to churn,0.5050301810865191,2026-08-19
2167-FQSTQ,0.0,Unlikely to churn,1.0,2026-08-19
2819-GWENI,1.0,Likely to churn,1.0,2026-08-19
1043-YCUTE,0.016241299303944315,Unlikely to churn,0.9837587006960556,2026-08-19
3814-MLAXC,0.5050301810865191,Likely to churn,0.5050301810865191,2026-08-19
3572-UUHRS,1.0,Likely to churn,1.0,2026-08-19
2692-PFYTJ,1.0,Likely to churn,1.0,2026-08-19
1226-UDFZR,1.0,Likely to churn,1.0,2026-08-19
5955-EPOAZ,0.5149700598802395,Likely to churn,0.5149700598802395,2026-08-19
6821-JPCDC,0.057692307692307696,Unlikely to churn,0.9423076923076923,2026-08-19
8815-LMFLX,0.5050301810865191,Likely to churn,0.5050301810865191,2026-08-19
9135-HSWOC,0.016241299303944315,Unlikely to churn,0.9837587006960556,2026-08-19
8582-KRHPJ,0.5050301810865191,Likely to churn,0.5050301810865191,2026-08-19
5811-IWXYM,0.057692307692307696,Unlikely to churn,0.9423076923076923,2026-08-19
7044-YAACC,0.5149700598802395,Likely to churn,0.5149700598802395,2026-08-19
8189-XRIKE,0.5050301810865191,Likely to churn,0.5050301810865191,2026-08-19
1506-YJTYT,0.016241299303944315,Unlikely to churn,0.9837587006960556,2026-08-19
4123-DVHPH,0.7213930348258707,Likely to churn,0.7213930348258707,2026-08-19
6425-YQLLO,0.057692307692307696,Unlikely to churn,0.9423076923076923,2026-08-19
5442-UTCVD,0.7213930348258707,Likely to churn,0.7213930348258707,2026-08-19
2228-BZDEE,0.016241299303944315,Unlikely to churn,0.9837587006960556,2026-08-19
7734-DBOAI,1.0,Likely to churn,1.0,2026-08-19
2789-CZANW,0.10679611650485436,Unlikely to churn,0.8932038834951457,2026-08-19
2091-RFFBA,0.5050301810865191,Likely to churn,0.5050301810865191,2026-08-19
2114-MGINA,0.5050301810865191,Likely to churn,0.5050301810865191,2026-08-19
7596-LDUXP,0.09430604982206406,Unlikely to churn,0.905693950177936,2026-08-19
3740-RLMVT,0.09430604982206406,Unlikely to churn,0.905693950177936,2026-08-19
4489-SNOJF,0.5050301810865191,Likely to churn,0.5050301810865191,2026-08-19
2192-OZITF,0.016241299303944315,Unlikely to churn,0.9837587006960556,2026-08-19
5651-CPDND,0.5149700598802395,Likely to churn,0.5149700598802395,2026-08-19
2186-QZEYA,0.5050301810865191,Likely to churn,0.5050301810865191,2026-08-19
1131-ALZWV,0.09430604982206406,Unlikely to churn,0.905693950177936,2026-08-19
7729-XBTWX,0.016241299303944315,Unlikely to churn,0.9837587006960556,2026-08-19
9134-WYRVP,0.09430604982206406,Unlikely to churn,0.905693950177936,2026-08-19
3284-SVCRO,0.016241299303944315,Unlikely to churn,0.9837587006960556,2026-08-19
9732-OUYRN,1.0,Likely to churn,1.0,2026-08-19
0559-CKHUS,0.016241299303944315,Unlikely to churn,0.9837587006960556,2026-08-19
2931-SVLTV,0.5050301810865191,Likely to churn,0.5050301810865191,2026-08-19
6899-PPEEA,0.5050301810865191,Likely to churn,0.5050301810865191,2026-08-19
7504-UWHNB,0.5050301810865191,Likely to churn,0.5050301810865191,2026-08-19
2582-FFFZR,0.5050301810865191,Likely to churn,0.5050301810865191,2026-08-19
8908-NMQTX,0.016241299303944315,Unlikely to churn,0.9837587006960556,2026-08-19
2187-LZGPL,0.5149700598802395,Likely to churn,0.5149700598802395,2026-08-19
1431-AIDJQ,0.0,Unlikely to churn,1.0,2026-08-19
6288-LBEAR,0.5050301810865191,Likely to churn,0.5050301810865191,2026-08-19
4597-NUCQV,0.5050301810865191,Likely to churn,0.5050301810865191,2026-08-19
9019-QVLZD,0.825,Likely to churn,0.825,2026-08-19
8413-YNHNV,0.0,Unlikely to churn,1.0,2026-08-19
5808-TOTXO,1.0,Likely to churn,1.0,2026-08-19
4369-NYSCF,0.09430604982206406,Unlikely to churn,0.905693950177936,2026-08-19
6333-YDVLT,0.057692307692307696,Unlikely to churn,0.9423076923076923,2026-08-19
5324-KTGCG,1.0,Likely to churn,1.0,2026-08-19
5599-HVLTW,0.5050301810865191,Likely to churn,0.5050301810865191,2026-08-19
7394-LWLYN,0.5149700598802395,Likely to churn,0.5149700598802395,2026-08-19
3707-LRWZD,0.09430604982206406,Unlikely to churn,0.905693950177936,2026-08-19
6873-UDNLD,0.5050301810865191,Likely to churn,0.5050301810865191,2026-08-19
2700-LUEVA,1.0,Likely to churn,1.0,2026-08-19
1455-ESIQH,0.825,Likely to churn,0.825,2026-08-19
0958-YHXGP,0.5149700598802395,Likely to churn,0.5149700598802395,2026-08-19
1101-SSWAG,0.5050301810865191,Likely to churn,0.5050301810865191,2026-08-19
2979-SXESE,0.5050301810865191,Likely to churn,0.5050301810865191,2026-08-19
4013-TLDHQ,0.5050301810865191,Likely to churn,0.5050301810865191,2026-08-19
5743-KHMNA,0.016241299303944315,Unlikely to churn,0.9837587006960556,2026-08-19
4194-FJARJ,0.016241299303944315,Unlikely to churn,0.9837587006960556,2026-08-19
5325-UWTWJ,0.5050301810865191,Likely to churn,0.5050301810865191,2026-08-19
3969-GYXEL,0.5149700598802395,Likely to churn,0.5149700598802395,2026-08-19
9208-OLGAQ,0.5050301810865191,Likely to churn,0.5050301810865191,2026-08-19
3244-CQPHU,0.0,Unlikely to churn,1.0,2026-08-19
2674-MLXMN,0.35384615384615387,Unlikely to churn,0.6461538461538461,2026-08-19
9708-HPXWZ,0.5149700598802395,Likely to churn,0.5149700598802395,2026-08-19
6992-TKNYO,0.09430604982206406,Unlikely to churn,0.905693950177936,2026-08-19
4468-YDOVK,0.5149700598802395,Likely to churn,0.5149700598802395,2026-08-19
3754-DXMRT,1.0,Likely to churn,1.0,2026-08-19
5792-JALQC,0.016241299303944315,Unlikely to churn,0.9837587006960556,2026-08-19
7130-VTEWQ,0.5149700598802395,Likely to churn,0.5149700598802395,2026-08-19
2200-DSAAL,0.0,Unlikely to churn,1.0,2026-08-19
4302-ZYFEL,1.0,Likely to churn,1.0,2026-08-19
9351-LZYGF,0.5050301810865191,Likely to churn,0.5050301810865191,2026-08-19
4366-CTOUZ,0.10679611650485436,Unlikely to churn,0.8932038834951457,2026-08-19
6121-VZNQB,1.0,Likely to churn,1.0,2026-08-19
7903-CMPEY,0.825,Likely to churn,0.825,2026-08-19
1518-OMDIK,0.5050301810865191,Likely to churn,0.5050301810865191,2026-08-19
6671-NGWON,0.5149700598802395,Likely to churn,0.5149700598802395,2026-08-19
0595-ITUDF,0.175,Unlikely to churn,0.825,2026-08-19
6996-KNSML,0.825,Likely to churn,0.825,2026-08-19
1955-IBMMB,0.016241299303944315,Unlikely to churn,0.9837587006960556,2026-08-19
0096-BXERS,0.5149700598802395,Likely to churn,0.5149700598802395,2026-08-19
3806-YAZOV,1.0,Likely to churn,1.0,2026-08-19
7998-ZLXWN,0.5050301810865191,Likely to churn,0.5050301810865191,2026-08-19
6253-WRFHY,0.09430604982206406,Unlikely to churn,0.905693950177936,2026-08-19
9133-AYJZG,0.5050301810865191,Likely to churn,0.5050301810865191,2026-08-19
2675-OTVVJ,0.5050301810865191,Likely to churn,0.5050301810865191,2026-08-19
8680-CGLTP,0.09430604982206406,Unlikely to churn,0.905693950177936,2026-08-19
8430-TWCBX,1.0,Likely to churn,1.0,2026-08-19
5018-GWURO,0.175,Unlikely to churn,0.825,2026-08-19
6741-QRLUP,0.016241299303944315,Unlikely to churn,0.9837587006960556,2026-08-19
4737-HOBAX,0.016241299303944315,Unlikely to churn,0.9837587006960556,2026-08-19
0537-QYZZN,0.5050301810865191,Likely to churn,0.5050301810865191,2026-08-19
3340-QBBFM,0.09430604982206406,Unlikely to churn,0.905693950177936,2026-08-19
1704-NRWYE,0.7213930348258707,Likely to churn,0.7213930348258707,2026-08-19
2592-SEIFQ,1.0,Likely to churn,1.0,2026-08-19
8200-KLNYW,0.09430604982206406,Unlikely to churn,0.905693950177936,2026-08-19
3372-CDXFJ,0.09430604982206406,Unlikely to churn,0.905693950177936,2026-08-19
4781-ZXYGU,1.0,Likely to churn,1.0,2026-08-19
7632-YUTXB,1.0,Likely to churn,1.0,2026-08-19
2718-YSKCS,0.016241299303944315,Unlikely to churn,0.9837587006960556,2026-08-19
9896-UYMIE,0.057692307692307696,Unlikely to churn,0.9423076923076923,2026-08-19
0853-NWIFK,0.057692307692307696,Unlikely to churn,0.9423076923076923,2026-08-19
8212-CRQXP,0.5050301810865191,Likely to churn,0.5050301810865191,2026-08-19
6980-CDGFC,1.0,Likely to churn,1.0,2026-08-19
7691-XVTZH,0.0,Unlikely to churn,1.0,2026-08-19
2520-SGTTA,0.016241299303944315,Unlikely to churn,0.9837587006960556,2026-08-19
7481-ATQQS,0.5050301810865191,Likely to churn,0.5050301810865191,2026-08-19
2277-VWCNI,0.5149700598802395,Likely to churn,0.5149700598802395,2026-08-19
1088-CNNKB,0.09430604982206406,Unlikely to churn,0.905693950177936,2026-08-19
8642-GVWRF,0.7213930348258707,Likely to churn,0.7213930348258707,2026-08-19
1930-BZLHI,1.0,Likely to churn,1.0,2026-08-19
3400-ESFUW,0.016241299303944315,Unlikely to churn,0.9837587006960556,2026-08-19
5868-YTYKS,1.0,Likely to churn,1.0,2026-08-19
3525-DVKFN,0.016241299303944315,Unlikely to churn,0.9837587006960556,2026-08-19
1482-OXZSY,0.5050301810865191,Likely to churn,0.5050301810865191,2026-08-19
0377-JBKKT,0.5050301810865191,Likely to churn,0.5050301810865191,2026-08-19
5778-BVOFB,0.5149700598802395,Likely to churn,0.5149700598802395,2026-08-19
3373-YZZYM,1.0,Likely to churn,1.0,2026-08-19
2057-ZBLPD,0.5050301810865191,Likely to churn,0.5050301810865191,2026-08-19
0228-MAUWC,0.5050301810865191,Likely to churn,0.5050301810865191,2026-08-19
5502-RLUYV,0.35384615384615387,Unlikely to churn,0.6461538461538461,2026-08-19
0023-HGHWL,1.0,Likely to churn,1.0,2026-08-19
7663-YJHSN,0.10679611650485436,Unlikely to churn,0.8932038834951457,2026-08-19
4915-BFSXL,0.016241299303944315,Unlikely to churn,0.9837587006960556,2026-08-19
3086-RUCRN,0.35384615384615387,Unlikely to churn,0.6461538461538461,2026-08-19
5215-LNLDJ,0.5149700598802395,Likely to churn,0.5149700598802395,2026-08-19
7576-JMYWV,0.5050301810865191,Likely to churn,0.5050301810865191,2026-08-19
9039-RBEEE,0.5050301810865191,Likely to churn,0.5050301810865191,2026-08-19
0257-KXZGU,0.5050301810865191,Likely to churn,0.5050301810865191,2026-08-19
1307-ATKGB,0.5050301810865191,Likely to churn,0.5050301810865191,2026-08-19
8417-FMLZI,0.7213930348258707,Likely to churn,0.7213930348258707,2026-08-19
3714-XPXBW,0.5050301810865191,Likely to churn,0.5050301810865191,2026-08-19
1850-AKQEP,0.5149700598802395,Likely to churn,0.5149700598802395,2026-08-19
2824-DXNKN,0.016241299303944315,Unlikely to churn,0.9837587006960556,2026-08-19
5227-JSCFE,0.016241299303944315,Unlikely to churn,0.9837587006960556,2026-08-19
0848-ZGQIJ,0.5050301810865191,Likely to churn,0.5050301810865191,2026-08-19
3621-CHYVB,0.175,Unlikely to churn,0.825,2026-08-19
8042-RNLKO,0.09430604982206406,Unlikely to churn,0.905693950177936,2026-08-19
1792-UXAFY,0.5050301810865191,Likely to churn,0.5050301810865191,2026-08-19
5372-FBKBN,0.5050301810865191,Likely to churn,0.5050301810865191,2026-08-19
0420-TXVSG,0.016241299303944315,Unlikely to churn,0.9837587006960556,2026-08-19
6217-TOWGS,0.5050301810865191,Likely to churn,0.5050301810865191,2026-08-19
0515-YPMCW,0.825,Likely to churn,0.825,2026-08-19
0378-XSZPU,0.09430604982206406,Unlikely to churn,0.905693950177936,2026-08-19
1045-LTCYT,0.5149700598802395,Likely to churn,0.5149700598802395,2026-08-19
1544-JJMYL,0.09430604982206406,Unlikely to churn,0.905693950177936,2026-08-19
4636-JGAAI,0.5050301810865191,Likely to churn,0.5050301810865191,2026-08-19
6874-SGLHU,0.2857142857142857,Unlikely to churn,0.7142857142857143,2026-08-19
5951-AOFIH,0.5050301810865191,Likely to churn,0.5050301810865191,2026-08-19
4729-XKASR,1.0,Likely to churn,1.0,2026-08-19
3059-NGMXB,0.5050301810865191,Likely to churn,0.5050301810865191,2026-08-19
8652-YHIYU,0.09430604982206406,Unlikely to churn,0.905693950177936,2026-08-19
5278-PNYOX,0.10679611650485436,Unlikely to churn,0.8932038834951457,2026-08-19
5449-FIBXJ,0.5050301810865191,Likely to churn,0.5050301810865191,2026-08-19
3486-HOOGQ,0.016241299303944315,Unlikely to churn,0.9837587006960556,2026-08-19
5061-PBXFW,0.5050301810865191,Likely to churn,0.5050301810865191,2026-08-19
8630-FJLIB,0.5050301810865191,Likely to churn,0.5050301810865191,2026-08-19
3891-NLXJB,0.016241299303944315,Unlikely to churn,0.9837587006960556,2026-08-19
4749-OJKQU,0.5149700598802395,Likely to churn,0.5149700598802395,2026-08-19
0577-WHMEV,0.5050301810865191,Likely to churn,0.5050301810865191,2026-08-19
5453-AXEPF,0.5050301810865191,Likely to churn,0.5050301810865191,2026-08-19
3639-XJHKQ,0.5050301810865191,Likely to churn,0.5050301810865191,2026-08-19
3716-LRGXK,0.10679611650485436,Unlikely to churn,0.8932038834951457,2026-08-19
2263-SFSQZ,0.016241299303944315,Unlikely to churn,0.9837587006960556,2026-08-19
9950-MTGYX,0.016241299303944315,Unlikely to churn,0.9837587006960556,2026-08-19
3397-AVTKU,0.016241299303944315,Unlikely to churn,0.9837587006960556,2026-08-19
4825-FUREZ,0.016241299303944315,Unlikely to churn,0.9837587006960556,2026-08-19
9837-BMCLM,0.7213930348258707,Likely to churn,0.7213930348258707,2026-08-19
2672-OJQZP,1.0,Likely to churn,1.0,2026-08-19
0137-UDEUO,1.0,Likely to churn,1.0,2026-08-19
3134-DSHVC,0.10679611650485436,Unlikely to churn,0.8932038834951457,2026-08-19
6161-UUUTA,0.7213930348258707,Likely to churn,0.7213930348258707,2026-08-19
7821-DPRQE,0.35384615384615387,Unlikely to churn,0.6461538461538461,2026-08-19
6543-XRMYR,0.5050301810865191,Likely to churn,0.5050301810865191,2026-08-19
2001-EWBQU,0.10679611650485436,Unlikely to churn,0.8932038834951457,2026-08-19
4925-LMHOK,0.5050301810865191,Likely to churn,0.5050301810865191,2026-08-19
1608-GMEWB,0.5050301810865191,Likely to churn,0.5050301810865191,2026-08-19
6695-AMZUF,0.0,Unlikely to churn,1.0,2026-08-19
1455-UGQVH,0.7213930348258707,Likely to churn,0.7213930348258707,2026-08-19
8410-BGQXN,1.0,Likely to churn,1.0,2026-08-19
8280-MQRQN,1.0,Likely to churn,1.0,2026-08-19
1619-YWUBB,0.016241299303944315,Unlikely to churn,0.9837587006960556,2026-08-19
7611-YKYTC,0.5050301810865191,Likely to churn,0.5050301810865191,2026-08-19
2037-SGXHH,0.5050301810865191,Likely to churn,0.5050301810865191,2026-08-19
3178-FESZO,0.825,Likely to churn,0.825,2026-08-19
0365-GXEZS,0.5050301810865191,Likely to churn,0.5050301810865191,2026-08-19
0082-OQIQY,0.5050301810865191,Likely to churn,0.5050301810865191,2026-08-19
6087-MVHJH,0.5050301810865191,Likely to churn,0.5050301810865191,2026-08-19
4603-JANFB,1.0,Likely to churn,1.0,2026-08-19
3018-TFTSU,0.7213930348258707,Likely to churn,0.7213930348258707,2026-08-19
3606-SBKRY,0.09430604982206406,Unlikely to churn,0.905693950177936,2026-08-19
4806-KEXQR,0.7213930348258707,Likely to churn,0.7213930348258707,2026-08-19
0667-NSRGI,0.09430604982206406,Unlikely to churn,0.905693950177936,2026-08-19
7083-YNSKY,0.5050301810865191,Likely to churn,0.5050301810865191,2026-08-19
6893-ODYYE,0.09430604982206406,Unlikely to churn,0.905693950177936,2026-08-19
8242-JSVBO,0.5149700598802395,Likely to churn,0.5149700598802395,2026-08-19
2479-BRAMR,0.5050301810865191,Likely to churn,0.5050301810865191,2026-08-19
9541-ZPSEA,0.016241299303944315,Unlikely to churn,0.9837587006960556,2026-08-19
2665-NPTGL,0.5050301810865191,Likely to churn,0.5050301810865191,2026-08-19
1139-WUOAH,0.016241299303944315,Unlikely to churn,0.9837587006960556,2026-08-19
4693-VWVBO,1.0,Likely to churn,1.0,2026-08-19
7434-SHXLS,1.0,Likely to churn,1.0,2026-08-19
6937-GCDGQ,0.09430604982206406,Unlikely to churn,0.905693950177936,2026-08-19
0988-JRWWP,0.5149700598802395,Likely to churn,0.5149700598802395,2026-08-19
5075-JSDKI,0.016241299303944315,Unlikely to churn,0.9837587006960556,2026-08-19
7908-QCBCA,1.0,Likely to churn,1.0,2026-08-19
8644-XYTSV,0.5050301810865191,Likely to churn,0.5050301810865191,2026-08-19
6711-FLDFB,0.5149700598802395,Likely to churn,0.5149700598802395,2026-08-19
3873-WOSBC,0.016241299303944315,Unlikely to churn,0.9837587006960556,2026-08-19
7465-ZZRVX,0.825,Likely to churn,0.825,2026-08-19
7975-JMZNT,0.0,Unlikely to churn,1.0,2026-08-19
7251-XFOIL,0.175,Unlikely to churn,0.825,2026-08-19
4116-IQRFR,1.0,Likely to churn,1.0,2026-08-19
3714-JTVOV,0.5050301810865191,Likely to churn,0.5050301810865191,2026-08-19
8259-DZLIZ,0.09430604982206406,Unlikely to churn,0.905693950177936,2026-08-19
0442-ZXKVS,0.057692307692307696,Unlikely to churn,0.9423076923076923,2026-08-19
7853-WNZSY,1.0,Likely to churn,1.0,2026-08-19
3120-FAZKD,0.016241299303944315,Unlikely to churn,0.9837587006960556,2026-08-19
8606-OEGQZ,0.016241299303944315,Unlikely to churn,0.9837587006960556,2026-08-19
0225-ZORZP,0.7213930348258707,Likely to churn,0.7213930348258707,2026-08-19
4702-IOQDC,0.825,Likely to churn,0.825,2026-08-19
9489-JMTTN,0.0,Unlikely to churn,1.0,2026-08-19
0575-CUQOV,0.057692307692307696,Unlikely to churn,0.9423076923076923,2026-08-19
0967-BMLBD,1.0,Likely to churn,1.0,2026-08-19
6178-KFNHS,0.7213930348258707,Likely to churn,0.7213930348258707,2026-08-19
2830-LEWOA,0.057692307692307696,Unlikely to churn,0.9423076923076923,2026-08-19
5006-MXVRN,0.016241299303944315,Unlikely to churn,0.9837587006960556,2026-08-19
1264-BYWMS,0.175,Unlikely to churn,0.825,2026-08-19
9658-WYUFB,0.5050301810865191,Likely to churn,0.5050301810865191,2026-08-19
8327-WKMIE,1.0,Likely to churn,1.0,2026-08-19
6917-FIJHC,0.016241299303944315,Unlikely to churn,0.9837587006960556,2026-08-19
5329-KRDTM,0.016241299303944315,Unlikely to churn,0.9837587006960556,2026-08-19
7797-EJMDP,0.5149700598802395,Likely to churn,0.5149700598802395,2026-08-19
3530-VWVGU,0.5050301810865191,Likely to churn,0.5050301810865191,2026-08-19
2013-SGDXK,0.825,Likely to churn,0.825,2026-08-19
6368-NWMCE,0.5050301810865191,Likely to churn,0.5050301810865191,2026-08-19
3633-CDBUW,0.09430604982206406,Unlikely to churn,0.905693950177936,2026-08-19
0707-HOVVN,0.016241299303944315,Unlikely to churn,0.9837587006960556,2026-08-19
8580-QVLOC,0.0,Unlikely to churn,1.0,2026-08-19
3956-MGXOG,0.5050301810865191,Likely to churn,0.5050301810865191,2026-08-19
9274-UARKJ,0.5050301810865191,Likely to churn,0.5050301810865191,2026-08-19
4077-HWUYD,0.0,Unlikely to churn,1.0,2026-08-19
2012-NWRPA,0.7213930348258707,Likely to churn,0.7213930348258707,2026-08-19
8808-ELEHO,0.7213930348258707,Likely to churn,0.7213930348258707,2026-08-19
0103-CSITQ,0.057692307692307696,Unlikely to churn,0.9423076923076923,2026-08-19
3506-LCJDC,1.0,Likely to churn,1.0,2026-08-19
8671-KKKOS,0.5050301810865191,Likely to churn,0.5050301810865191,2026-08-19
7305-ZWMAJ,1.0,Likely to churn,1.0,2026-08-19
9518-XXBXE,0.5149700598802395,Likely to churn,0.5149700598802395,2026-08-19
3934-HXCFZ,0.5050301810865191,Likely to churn,0.5050301810865191,2026-08-19
6578-KRMAW,0.5050301810865191,Likely to churn,0.5050301810865191,2026-08-19
4860-IJUDE,0.5149700598802395,Likely to churn,0.5149700598802395,2026-08-19
7666-WKRON,0.016241299303944315,Unlikely to churn,0.9837587006960556,2026-08-19
9688-YGXVR,0.5050301810865191,Likely to churn,0.5050301810865191,2026-08-19
0423-UDIJQ,0.5149700598802395,Likely to churn,0.5149700598802395,2026-08-19
1945-XISKS,0.016241299303944315,Unlikely to churn,0.9837587006960556,2026-08-19
4910-AQFFX,0.7213930348258707,Likely to churn,0.7213930348258707,2026-08-19
2154-KVJFF,0.5050301810865191,Likely to churn,0.5050301810865191,2026-08-19
5360-LJCNJ,0.10679611650485436,Unlikely to churn,0.8932038834951457,2026-08-19
2607-FBDFF,1.0,Likely to churn,1.0,2026-08-19
9647-ERGBE,0.5050301810865191,Likely to churn,0.5050301810865191,2026-08-19
3428-XZMAZ,1.0,Likely to churn,1.0,2026-08-19
1100-DDVRV,0.5050301810865191,Likely to churn,0.5050301810865191,2026-08-19
0378-TOVMS,0.7213930348258707,Likely to churn,0.7213930348258707,2026-08-19
4355-HBJHH,0.016241299303944315,Unlikely to churn,0.9837587006960556,2026-08-19
6728-WYQBC,1.0,Likely to churn,1.0,2026-08-19
9058-CBREO,1.0,Likely to churn,1.0,2026-08-19
9029-FEGVJ,0.5050301810865191,Likely to churn,0.5050301810865191,2026-08-19
7216-KAOID,1.0,Likely to churn,1.0,2026-08-19
0318-QUUOB,0.825,Likely to churn,0.825,2026-08-19
6145-NNPNO,1.0,Likely to churn,1.0,2026-08-19
5520-FVEWJ,0.7213930348258707,Likely to churn,0.7213930348258707,2026-08-19
5339-TJFEK,0.35384615384615387,Unlikely to churn,0.6461538461538461,2026-08-19
5572-ZDXHY,0.5050301810865191,Likely to churn,0.5050301810865191,2026-08-19
2074-GUHPQ,0.5050301810865191,Likely to churn,0.5050301810865191,2026-08-19
4625-XMOYM,0.016241299303944315,Unlikely to churn,0.9837587006960556,2026-08-19
5827-MWCZK,0.175,Unlikely to churn,0.825,2026-08-19
1385-TQOZW,0.5149700598802395,Likely to churn,0.5149700598802395,2026-08-19
5914-XRFQB,0.0,Unlikely to churn,1.0,2026-08-19
4329-YPDDQ,0.5050301810865191,Likely to churn,0.5050301810865191,2026-08-19
4804-NCPET,0.016241299303944315,Unlikely to churn,0.9837587006960556,2026-08-19
3750-CKVKH,0.5149700598802395,Likely to churn,0.5149700598802395,2026-08-19
5944-UGLLK,0.09430604982206406,Unlikely to churn,0.905693950177936,2026-08-19
8063-GBATB,0.5050301810865191,Likely to churn,0.5050301810865191,2026-08-19
7787-BNTZM,0.5149700598802395,Likely to churn,0.5149700598802395,2026-08-19
2252-ISRNH,0.09430604982206406,Unlikely to churn,0.905693950177936,2026-08-19
9415-TPKRV,0.5149700598802395,Likely to churn,0.5149700598802395,2026-08-19
5322-TEUJK,0.0,Unlikely to churn,1.0,2026-08-19
4547-KQRTM,0.7213930348258707,Likely to churn,0.7213930348258707,2026-08-19
4877-EVATK,1.0,Likely to churn,1.0,2026-08-19
1866-DIOQZ,0.09430604982206406,Unlikely to churn,0.905693950177936,2026-08-19
8375-KVTHK,0.057692307692307696,Unlikely to churn,0.9423076923076923,2026-08-19
2697-NQBPF,0.5050301810865191,Likely to churn,0.5050301810865191,2026-08-19
3709-OIJEA,0.09430604982206406,Unlikely to churn,0.905693950177936,2026-08-19
7639-SUPCW,0.5050301810865191,Likely to churn,0.5050301810865191,2026-08-19
1386-ZIKUV,0.5149700598802395,Likely to churn,0.5149700598802395,2026-08-19
0599-XNYDO,0.5050301810865191,Likely to churn,0.5050301810865191,2026-08-19
6377-WHAOX,0.35384615384615387,Unlikely to churn,0.6461538461538461,2026-08-19
6855-VLGOS,0.016241299303944315,Unlikely to churn,0.9837587006960556,2026-08-19
8999-XXGNS,0.057692307692307696,Unlikely to churn,0.9423076923076923,2026-08-19
8746-OQQRW,1.0,Likely to churn,1.0,2026-08-19
3181-MIZBN,0.5050301810865191,Likely to churn,0.5050301810865191,2026-08-19
0471-ARVMX,0.057692307692307696,Unlikely to churn,0.9423076923076923,2026-08-19
7766-CLTIC,0.5149700598802395,Likely to churn,0.5149700598802395,2026-08-19
5650-YLIBA,0.5050301810865191,Likely to churn,0.5050301810865191,2026-08-19
0825-CPPQH,0.016241299303944315,Unlikely to churn,0.9837587006960556,2026-08-19
9084-OAYKL,0.016241299303944315,Unlikely to churn,0.9837587006960556,2026-08-19
6122-LJADA,0.0,Unlikely to churn,1.0,2026-08-19
2400-XIWIO,0.0,Unlikely to churn,1.0,2026-08-19
7524-VRLPL,0.016241299303944315,Unlikely to churn,0.9837587006960556,2026-08-19
1069-XAIEM,0.825,Likely to churn,0.825,2026-08-19
7569-NMZYQ,0.0,Unlikely to churn,1.0,2026-08-19
5201-USSQZ,0.5050301810865191,Likely to churn,0.5050301810865191,2026-08-19
2105-PHWON,0.5050301810865191,Likely to churn,0.5050301810865191,2026-08-19
1494-EJZDW,0.016241299303944315,Unlikely to churn,0.9837587006960556,2026-08-19
4884-TVUQF,0.10679611650485436,Unlikely to churn,0.8932038834951457,2026-08-19
8003-EWNDZ,0.5149700598802395,Likely to churn,0.5149700598802395,2026-08-19
1897-RCFUM,1.0,Likely to churn,1.0,2026-08-19
9256-JTBNZ,0.5149700598802395,Likely to churn,0.5149700598802395,2026-08-19
4658-HCOHW,0.5050301810865191,Likely to churn,0.5050301810865191,2026-08-19
2211-RMNHO,0.0,Unlikely to churn,1.0,2026-08-19
2432-TFSMK,0.09430604982206406,Unlikely to churn,0.905693950177936,2026-08-19
3440-JPSCL,0.7213930348258707,Likely to churn,0.7213930348258707,2026-08-19
4929-ROART,0.5050301810865191,Likely to churn,0.5050301810865191,2026-08-19
1834-ABKHQ,0.09430604982206406,Unlikely to churn,0.905693950177936,2026-08-19
1741-WTPON,0.10679611650485436,Unlikely to churn,0.8932038834951457,2026-08-19
3932-IJWDZ,0.5050301810865191,Likely to churn,0.5050301810865191,2026-08-19
1240-HCBOH,0.016241299303944315,Unlikely to churn,0.9837587006960556,2026-08-19
3594-KADLU,1.0,Likely to churn,1.0,2026-08-19
8065-BVEPF,0.175,Unlikely to churn,0.825,2026-08-19
3796-ENZGF,0.016241299303944315,Unlikely to churn,0.9837587006960556,2026-08-19
1734-ZMNTZ,0.016241299303944315,Unlikely to churn,0.9837587006960556,2026-08-19
2853-CWQFQ,1.0,Likely to churn,1.0,2026-08-19
0813-TAXXS,0.016241299303944315,Unlikely to churn,0.9837587006960556,2026-08-19
2519-TWKFS,0.09430604982206406,Unlikely to churn,0.905693950177936,2026-08-19
2889-FPWRM,0.057692307692307696,Unlikely to churn,0.9423076923076923,2026-08-19
0626-QXNGV,0.016241299303944315,Unlikely to churn,0.9837587006960556,2026-08-19
6723-CEGQI,0.016241299303944315,Unlikely to churn,0.9837587006960556,2026-08-19
6987-XQSJT,0.5050301810865191,Likely to churn,0.5050301810865191,2026-08-19
4732-RRJZC,0.5149700598802395,Likely to churn,0.5149700598802395,2026-08-19
9499-XPZXM,0.016241299303944315,Unlikely to churn,0.9837587006960556,2026-08-19
4338-EYCER,0.5050301810865191,Likely to churn,0.5050301810865191,2026-08-19
3007-FDPEA,1.0,Likely to churn,1.0,2026-08-19
6350-XFYGW,0.7213930348258707,Likely to churn,0.7213930348258707,2026-08-19
4290-BSXUX,0.7213930348258707,Likely to churn,0.7213930348258707,2026-08-19
8513-OLYGY,0.0,Unlikely to churn,1.0,2026-08-19
0311-QYWSS,0.5149700598802395,Likely to churn,0.5149700598802395,2026-08-19
8705-DWKTI,0.5050301810865191,Likely to churn,0.5050301810865191,2026-08-19
8755-IWJHN,0.175,Unlikely to churn,0.825,2026-08-19
0325-XBFAC,0.7213930348258707,Likely to churn,0.7213930348258707,2026-08-19
4480-QQRHC,0.5149700598802395,Likely to churn,0.5149700598802395,2026-08-19
0929-PECLO,0.175,Unlikely to churn,0.825,2026-08-19
3680-CTHUH,0.057692307692307696,Unlikely to churn,0.9423076923076923,2026-08-19
1202-KKGFU,0.5149700598802395,Likely to churn,0.5149700598802395,2026-08-19
6112-KTHFQ,0.5149700598802395,Likely to churn,0.5149700598802395,2026-08-19
1852-XEMDW,0.5050301810865191,Likely to churn,0.5050301810865191,2026-08-19
2462-XIIJB,0.7213930348258707,Likely to churn,0.7213930348258707,2026-08-19
4760-XOHVN,1.0,Likely to churn,1.0,2026-08-19
1820-DJFPH,0.016241299303944315,Unlikely to churn,0.9837587006960556,2026-08-19
9426-SXNHE,1.0,Likely to churn,1.0,2026-08-19
9068-FHQHD,0.016241299303944315,Unlikely to churn,0.9837587006960556,2026-08-19
1269-FOYWN,1.0,Likely to churn,1.0,2026-08-19
9470-YFUYI,0.09430604982206406,Unlikely to churn,0.905693950177936,2026-08-19
7817-BOQPW,0.5149700598802395,Likely to churn,0.5149700598802395,2026-08-19
7402-EYFXX,0.5050301810865191,Likely to churn,0.5050301810865191,2026-08-19
1853-UDXBW,0.825,Likely to churn,0.825,2026-08-19
9895-VFOXH,1.0,Likely to churn,1.0,2026-08-19
5458-CQJTA,0.016241299303944315,Unlikely to churn,0.9837587006960556,2026-08-19
1230-QAJDW,0.5149700598802395,Likely to churn,0.5149700598802395,2026-08-19
5701-ZIKJE,0.5149700598802395,Likely to churn,0.5149700598802395,2026-08-19
5219-YIPTK,0.5050301810865191,Likely to churn,0.5050301810865191,2026-08-19
5032-MIYKT,0.825,Likely to churn,0.825,2026-08-19
7396-VJUZB,0.5149700598802395,Likely to churn,0.5149700598802395,2026-08-19
9717-QEBGU,0.5149700598802395,Likely to churn,0.5149700598802395,2026-08-19
5172-RKOCB,0.0,Unlikely to churn,1.0,2026-08-19
6509-TSGWN,0.5050301810865191,Likely to churn,0.5050301810865191,2026-08-19
3540-RZJYU,0.5050301810865191,Likely to churn,0.5050301810865191,2026-08-19
3178-CIFOT,1.0,Likely to churn,1.0,2026-08-19
2091-MJTFX,0.5050301810865191,Likely to churn,0.5050301810865191,2026-08-19
4530-NDRKU,1.0,Likely to churn,1.0,2026-08-19
5985-TBABQ,0.09430604982206406,Unlikely to churn,0.905693950177936,2026-08-19
9800-ONTFE,0.5050301810865191,Likely to churn,0.5050301810865191,2026-08-19
6743-HHQPF,0.5050301810865191,Likely to churn,0.5050301810865191,2026-08-19
8455-HIRAQ,0.5149700598802395,Likely to churn,0.5149700598802395,2026-08-19
6616-AALSR,0.10679611650485436,Unlikely to churn,0.8932038834951457,2026-08-19
0883-EIBTI,1.0,Likely to churn,1.0,2026-08-19
9415-ZNBSX,0.0,Unlikely to churn,1.0,2026-08-19
4018-KJYUY,0.5050301810865191,Likely to churn,0.5050301810865191,2026-08-19
0722-TROQR,0.5149700598802395,Likely to churn,0.5149700598802395,2026-08-19
7571-YXDAD,0.5149700598802395,Likely to churn,0.5149700598802395,2026-08-19
3884-UEBXB,0.016241299303944315,Unlikely to churn,0.9837587006960556,2026-08-19
8780-RSYYU,0.5050301810865191,Likely to churn,0.5050301810865191,2026-08-19
5537-UXXVS,0.5050301810865191,Likely to churn,0.5050301810865191,2026-08-19
1791-PQHBB,0.5149700598802395,Likely to churn,0.5149700598802395,2026-08-19
8701-DGLVH,0.016241299303944315,Unlikely to churn,0.9837587006960556,2026-08-19
8741-LQOBK,0.5050301810865191,Likely to churn,0.5050301810865191,2026-08-19
3393-FMZPV,0.5050301810865191,Likely to churn,0.5050301810865191,2026-08-19
8082-GHXOP,0.5149700598802395,Likely to churn,0.5149700598802395,2026-08-19
6402-ZFPPI,0.5050301810865191,Likely to churn,0.5050301810865191,2026-08-19
0980-FEXWF,0.09430604982206406,Unlikely to churn,0.905693950177936,2026-08-19
7486-KSRVI,0.057692307692307696,Unlikely to churn,0.9423076923076923,2026-08-19
3011-WQKSZ,0.5050301810865191,Likely to churn,0.5050301810865191,2026-08-19
8443-WVPSS,0.7213930348258707,Likely to churn,0.7213930348258707,2026-08-19
3006-XIMLN,0.7213930348258707,Likely to churn,0.7213930348258707,2026-08-19
8218-FFJDS,0.0,Unlikely to churn,1.0,2026-08-19
1986-PHGZF,0.5050301810865191,Likely to churn,0.5050301810865191,2026-08-19
9965-YOKZB,0.7213930348258707,Likely to churn,0.7213930348258707,2026-08-19
0504-HHAPI,0.5050301810865191,Likely to churn,0.5050301810865191,2026-08-19
9360-OMDZZ,0.5050301810865191,Likely to churn,0.5050301810865191,2026-08-19
6305-YLBMM,0.057692307692307696,Unlikely to churn,0.9423076923076923,2026-08-19
0345-XMMUG,0.10679611650485436,Unlikely to churn,0.8932038834951457,2026-08-19
8024-XNAFQ,0.10679611650485436,Unlikely to churn,0.8932038834951457,2026-08-19
3647-GMGDH,0.5050301810865191,Likely to churn,0.5050301810865191,2026-08-19
2988-GBIVW,0.175,Unlikely to churn,0.825,2026-08-19
2832-SCUCO,1.0,Likely to churn,1.0,2026-08-19
7036-ZZKBD,0.5050301810865191,Likely to churn,0.5050301810865191,2026-08-19
3791-LGQCY,0.35384615384615387,Unlikely to churn,0.6461538461538461,2026-08-19
0265-PSUAE,0.5050301810865191,Likely to churn,0.5050301810865191,2026-08-19
0463-TXOAK,0.016241299303944315,Unlikely to churn,0.9837587006960556,2026-08-19
0594-UFTUL,0.5149700598802395,Likely to churn,0.5149700598802395,2026-08-19
9509-MPYOD,1.0,Likely to churn,1.0,2026-08-19
9128-CPXKI,0.10679611650485436,Unlikely to churn,0.8932038834951457,2026-08-19
0129-KPTWJ,0.175,Unlikely to churn,0.825,2026-08-19
8166-ZZTFS,1.0,Likely to churn,1.0,2026-08-19
5855-EIBDE,0.10679611650485436,Unlikely to churn,0.8932038834951457,2026-08-19
5365-LLFYV,1.0,Likely to churn,1.0,2026-08-19
5956-YHHRX,0.5050301810865191,Likely to churn,0.5050301810865191,2026-08-19
6008-NAIXK,0.09430604982206406,Unlikely to churn,0.905693950177936,2026-08-19
2956-GGUCQ,0.5050301810865191,Likely to churn,0.5050301810865191,2026-08-19
1928-BXYIV,1.0,Likely to churn,1.0,2026-08-19
5760-FXFVO,0.7213930348258707,Likely to churn,0.7213930348258707,2026-08-19
6595-COKXZ,1.0,Likely to churn,1.0,2026-08-19
0961-ZWLVI,0.057692307692307696,Unlikely to churn,0.9423076923076923,2026-08-19
5181-OABFK,0.016241299303944315,Unlikely to churn,0.9837587006960556,2026-08-19
4007-NHVHI,0.175,Unlikely to churn,0.825,2026-08-19
7816-VGHTO,0.016241299303944315,Unlikely to churn,0.9837587006960556,2026-08-19
5871-DGTXZ,1.0,Likely to churn,1.0,2026-08-19
7550-WIQVA,0.057692307692307696,Unlikely to churn,0.9423076923076923,2026-08-19
7544-ZVIKX,0.057692307692307696,Unlikely to churn,0.9423076923076923,2026-08-19
0016-QLJIS,0.0,Unlikely to churn,1.0,2026-08-19
7508-DQAKK,0.0,Unlikely to churn,1.0,2026-08-19
5176-OLSKT,0.016241299303944315,Unlikely to churn,0.9837587006960556,2026-08-19
9356-AXGMP,0.057692307692307696,Unlikely to churn,0.9423076923076923,2026-08-19
3556-BVQGL,1.0,Likely to churn,1.0,2026-08-19
0362-ZBZWJ,0.5050301810865191,Likely to churn,0.5050301810865191,2026-08-19
8979-CAMGB,0.057692307692307696,Unlikely to churn,0.9423076923076923,2026-08-19
4211-MMAZN,1.0,Likely to churn,1.0,2026-08-19
7581-EBBOU,0.09430604982206406,Unlikely to churn,0.905693950177936,2026-08-19
4274-OWWYO,0.825,Likely to churn,0.825,2026-08-19
5073-RZGBK,0.09430604982206406,Unlikely to churn,0.905693950177936,2026-08-19
1541-ETJZO,1.0,Likely to churn,1.0,2026-08-19
2192-CKRLV,0.016241299303944315,Unlikely to churn,0.9837587006960556,2026-08-19
3154-HMWUU,0.016241299303944315,Unlikely to churn,0.9837587006960556,2026-08-19
6119-SPUDB,0.016241299303944315,Unlikely to churn,0.9837587006960556,2026-08-19
6522-OIQSX,0.016241299303944315,Unlikely to churn,0.9837587006960556,2026-08-19
7813-ZGGAW,0.5050301810865191,Likely to churn,0.5050301810865191,2026-08-19
8748-HFWBO,1.0,Likely to churn,1.0,2026-08-19
1052-QJIBV,0.016241299303944315,Unlikely to churn,0.9837587006960556,2026-08-19
1319-YLZJG,0.7213930348258707,Likely to churn,0.7213930348258707,2026-08-19
4106-HADHQ,0.09430604982206406,Unlikely to churn,0.905693950177936,2026-08-19
0723-FDLAY,0.09430604982206406,Unlikely to churn,0.905693950177936,2026-08-19
3050-RLLXC,0.0,Unlikely to churn,1.0,2026-08-19
9298-WGMRW,0.0,Unlikely to churn,1.0,2026-08-19
2369-UAPKZ,0.7213930348258707,Likely to churn,0.7213930348258707,2026-08-19
3088-LHEFH,0.7213930348258707,Likely to churn,0.7213930348258707,2026-08-19
2778-OCLGR,0.5050301810865191,Likely to churn,0.5050301810865191,2026-08-19
6583-KQJLK,0.5050301810865191,Likely to churn,0.5050301810865191,2026-08-19
8544-JNBOX,0.016241299303944315,Unlikely to churn,0.9837587006960556,2026-08-19
6681-ZSEXG,0.016241299303944315,Unlikely to churn,0.9837587006960556,2026-08-19
6139-ZZRBQ,0.016241299303944315,Unlikely to churn,0.9837587006960556,2026-08-19
6116-RFVHN,0.5050301810865191,Likely to churn,0.5050301810865191,2026-08-19
0637-KVDLV,0.5149700598802395,Likely to churn,0.5149700598802395,2026-08-19
8884-FEEWR,1.0,Likely to churn,1.0,2026-08-19
3125-RAHBV,1.0,Likely to churn,1.0,2026-08-19
6633-MPWBS,0.5149700598802395,Likely to churn,0.5149700598802395,2026-08-19
0373-AIVNJ,0.09430604982206406,Unlikely to churn,0.905693950177936,2026-08-19
8785-EPNCG,0.5149700598802395,Likely to churn,0.5149700598802395,2026-08-19
1682-VCOIO,1.0,Likely to churn,1.0,2026-08-19
5729-KLZAR,0.7213930348258707,Likely to churn,0.7213930348258707,2026-08-19
2072-ZVJJX,0.016241299303944315,Unlikely to churn,0.9837587006960556,2026-08-19
8849-AYPTR,0.5050301810865191,Likely to churn,0.5050301810865191,2026-08-19
9518-IMLHK,0.5050301810865191,Likely to churn,0.5050301810865191,2026-08-19
1582-RAFML,1.0,Likely to churn,1.0,2026-08-19
3646-ITDGM,0.016241299303944315,Unlikely to churn,0.9837587006960556,2026-08-19
8740-CRYFY,0.825,Likely to churn,0.825,2026-08-19
3569-VLDHH,0.09430604982206406,Unlikely to churn,0.905693950177936,2026-08-19
8224-KDLKN,0.016241299303944315,Unlikely to churn,0.9837587006960556,2026-08-19
7594-LZNWR,0.5050301810865191,Likely to churn,0.5050301810865191,2026-08-19
4001-TSBTV,0.175,Unlikely to churn,0.825,2026-08-19
2962-XPMCQ,1.0,Likely to churn,1.0,2026-08-19
8727-XDPUD,0.016241299303944315,Unlikely to churn,0.9837587006960556,2026-08-19
1043-UXOVO,0.0,Unlikely to churn,1.0,2026-08-19
1064-FBXNK,1.0,Likely to churn,1.0,2026-08-19
3996-ZNWYK,0.016241299303944315,Unlikely to churn,0.9837587006960556,2026-08-19
2878-DHMIN,1.0,Likely to churn,1.0,2026-08-19
7762-ONLJY,1.0,Likely to churn,1.0,2026-08-19
1678-FYZOW,0.7213930348258707,Likely to churn,0.7213930348258707,2026-08-19
5795-BKOYE,0.09430604982206406,Unlikely to churn,0.905693950177936,2026-08-19
8627-EHGIP,0.09430604982206406,Unlikely to churn,0.905693950177936,2026-08-19
7402-PWYJJ,0.09430604982206406,Unlikely to churn,0.905693950177936,2026-08-19
5480-TBGPH,0.5050301810865191,Likely to churn,0.5050301810865191,2026-08-19
0018-NYROU,0.5149700598802395,Likely to churn,0.5149700598802395,2026-08-19
7501-VTYLJ,1.0,Likely to churn,1.0,2026-08-19
7608-RGIRO,0.016241299303944315,Unlikely to churn,0.9837587006960556,2026-08-19
0480-BIXDE,0.5050301810865191,Likely to churn,0.5050301810865191,2026-08-19
5895-QSXOD,0.5149700598802395,Likely to churn,0.5149700598802395,2026-08-19
9814-AOUDH,0.016241299303944315,Unlikely to churn,0.9837587006960556,2026-08-19
6175-IRFIT,0.7213930348258707,Likely to churn,0.7213930348258707,2026-08-19
8760-ZRHKE,0.09430604982206406,Unlikely to churn,0.905693950177936,2026-08-19
1622-HSHSF,1.0,Likely to churn,1.0,2026-08-19
8854-CCVSQ,0.5050301810865191,Likely to churn,0.5050301810865191,2026-08-19
6749-UTDVX,0.10679611650485436,Unlikely to churn,0.8932038834951457,2026-08-19
5542-DHSXL,0.5149700598802395,Likely to churn,0.5149700598802395,2026-08-19
9102-OXKFY,0.016241299303944315,Unlikely to churn,0.9837587006960556,2026-08-19
0511-JTEOY,0.825,Likely to churn,0.825,2026-08-19
5216-WASFJ,0.5050301810865191,Likely to churn,0.5050301810865191,2026-08-19
7808-DVWEP,1.0,Likely to churn,1.0,2026-08-19
7067-KSAZT,0.057692307692307696,Unlikely to churn,0.9423076923076923,2026-08-19
2284-VFLKH,0.057692307692307696,Unlikely to churn,0.9423076923076923,2026-08-19
0366-NQSHS,1.0,Likely to churn,1.0,2026-08-19
6532-YLWSI,1.0,Likely to churn,1.0,2026-08-19
3807-BPOMJ,0.057692307692307696,Unlikely to churn,0.9423076923076923,2026-08-19
3892-NXAZG,0.0,Unlikely to churn,1.0,2026-08-19
4948-WBBKL,0.5050301810865191,Likely to churn,0.5050301810865191,2026-08-19
4182-BGSIQ,0.5149700598802395,Likely to churn,0.5149700598802395,2026-08-19
9300-AGZNL,0.825,Likely to churn,0.825,2026-08-19
0988-AADSA,0.0,Unlikely to churn,1.0,2026-08-19
9972-NKTFD,0.5050301810865191,Likely to churn,0.5050301810865191,2026-08-19
3717-LNXKW,0.5050301810865191,Likely to churn,0.5050301810865191,2026-08-19
5734-EJKXG,0.057692307692307696,Unlikely to churn,0.9423076923076923,2026-08-19
2207-RYYRL,0.016241299303944315,Unlikely to churn,0.9837587006960556,2026-08-19
6729-FZWSY,1.0,Likely to churn,1.0,2026-08-19
9695-IDRZR,0.10679611650485436,Unlikely to churn,0.8932038834951457,2026-08-19
8144-DGHXP,0.0,Unlikely to churn,1.0,2026-08-19
7814-LEEVE,1.0,Likely to churn,1.0,2026-08-19
1112-CUNAO,0.5050301810865191,Likely to churn,0.5050301810865191,2026-08-19
5175-AOBHI,0.5149700598802395,Likely to churn,0.5149700598802395,2026-08-19
5174-RNGBH,0.5149700598802395,Likely to churn,0.5149700598802395,2026-08-19
8631-WUXGY,0.5050301810865191,Likely to churn,0.5050301810865191,2026-08-19
7270-BDIOA,0.5050301810865191,Likely to churn,0.5050301810865191,2026-08-19
9565-JSNFM,0.09430604982206406,Unlikely to churn,0.905693950177936,2026-08-19
5906-DVAPM,0.09430604982206406,Unlikely to churn,0.905693950177936,2026-08-19
6654-QGBZZ,1.0,Likely to churn,1.0,2026-08-19
8348-JLBUG,0.09430604982206406,Unlikely to churn,0.905693950177936,2026-08-19
0607-DAAHE,0.016241299303944315,Unlikely to churn,0.9837587006960556,2026-08-19
5641-DMBFJ,0.0,Unlikely to churn,1.0,2026-08-19
9200-NLNPD,0.09430604982206406,Unlikely to churn,0.905693950177936,2026-08-19
2664-XJZNO,0.10679611650485436,Unlikely to churn,0.8932038834951457,2026-08-19
9732-KPKBW,1.0,Likely to churn,1.0,2026-08-19
3339-EAQNV,0.057692307692307696,Unlikely to churn,0.9423076923076923,2026-08-19
0921-OHLVP,0.5050301810865191,Likely to churn,0.5050301810865191,2026-08-19
3389-YGYAI,0.7213930348258707,Likely to churn,0.7213930348258707,2026-08-19
9560-ARGQJ,0.5050301810865191,Likely to churn,0.5050301810865191,2026-08-19
8350-NYMVI,0.5050301810865191,Likely to churn,0.5050301810865191,2026-08-19
1600-DILPE,0.5149700598802395,Likely to churn,0.5149700598802395,2026-08-19
0536-ESJEP,0.016241299303944315,Unlikely to churn,0.9837587006960556,2026-08-19
4654-GGUII,0.09430604982206406,Unlikely to churn,0.905693950177936,2026-08-19
6478-HRRCZ,0.09430604982206406,Unlikely to churn,0.905693950177936,2026-08-19
8510-BBWMU,1.0,Likely to churn,1.0,2026-08-19
6857-TKDJV,0.016241299303944315,Unlikely to churn,0.9837587006960556,2026-08-19
2360-RDGRO,0.35384615384615387,Unlikely to churn,0.6461538461538461,2026-08-19
0584-BJQGZ,0.5050301810865191,Likely to churn,0.5050301810865191,2026-08-19
5134-IKDAY,1.0,Likely to churn,1.0,2026-08-19
1360-XFJMR,0.057692307692307696,Unlikely to churn,0.9423076923076923,2026-08-19
3070-DVEYC,0.5149700598802395,Likely to churn,0.5149700598802395,2026-08-19
5730-RIITO,0.5050301810865191,Likely to churn,0.5050301810865191,2026-08-19
9058-MJLZC,0.5050301810865191,Likely to churn,0.5050301810865191,2026-08-19
5707-ORNDZ,0.5149700598802395,Likely to churn,0.5149700598802395,2026-08-19
0902-XKXPN,0.016241299303944315,Unlikely to churn,0.9837587006960556,2026-08-19
5177-RVZNU,1.0,Likely to churn,1.0,2026-08-19
0056-EPFBG,0.016241299303944315,Unlikely to churn,0.9837587006960556,2026-08-19
8993-IZEUX,0.5149700598802395,Likely to churn,0.5149700598802395,2026-08-19
8696-JKZNU,0.5050301810865191,Likely to churn,0.5050301810865191,2026-08-19
5380-AFSSK,0.7213930348258707,Likely to churn,0.7213930348258707,2026-08-19
8190-ZTQFB,0.09430604982206406,Unlikely to churn,0.905693950177936,2026-08-19
0931-MHTEM,0.057692307692307696,Unlikely to churn,0.9423076923076923,2026-08-19
2055-PDADH,0.5149700598802395,Likely to churn,0.5149700598802395,2026-08-19
7515-LODFU,0.016241299303944315,Unlikely to churn,0.9837587006960556,2026-08-19
0440-UEDAI,0.057692307692307696,Unlikely to churn,0.9423076923076923,2026-08-19
1337-BOZWO,0.09430604982206406,Unlikely to churn,0.905693950177936,2026-08-19
0868-VJRDR,0.10679611650485436,Unlikely to churn,0.8932038834951457,2026-08-19
8714-EUHJO,0.5050301810865191,Likely to churn,0.5050301810865191,2026-08-19
6344-SFJVH,0.5050301810865191,Likely to churn,0.5050301810865191,2026-08-19
3950-VPYJB,0.09430604982206406,Unlikely to churn,0.905693950177936,2026-08-19
8041-TMEID,0.10679611650485436,Unlikely to churn,0.8932038834951457,2026-08-19
7321-ZNSLA,0.016241299303944315,Unlikely to churn,0.9837587006960556,2026-08-19
6941-KXRRV,0.09430604982206406,Unlikely to churn,0.905693950177936,2026-08-19
3721-CNEYS,0.5149700598802395,Likely to churn,0.5149700598802395,2026-08-19
8727-JQFHV,0.016241299303944315,Unlikely to churn,0.9837587006960556,2026-08-19
9475-NNDGC,0.057692307692307696,Unlikely to churn,0.9423076923076923,2026-08-19
1355-KUSBG,0.5149700598802395,Likely to churn,0.5149700598802395,2026-08-19
3688-FTHLT,0.5050301810865191,Likely to churn,0.5050301810865191,2026-08-19
0899-LIIBW,0.5050301810865191,Likely to churn,0.5050301810865191,2026-08-19
2568-OIADY,0.5050301810865191,Likely to churn,0.5050301810865191,2026-08-19
1384-RCUXW,0.5050301810865191,Likely to churn,0.5050301810865191,2026-08-19
5825-XJOCM,0.09430604982206406,Unlikely to churn,0.905693950177936,2026-08-19
6848-YLDFR,0.09430604982206406,Unlikely to churn,0.905693950177936,2026-08-19
8125-QPFJD,0.0,Unlikely to churn,1.0,2026-08-19
2320-YKQBO,0.5149700598802395,Likely to churn,0.5149700598802395,2026-08-19
1193-RTSLK,0.5050301810865191,Likely to churn,0.5050301810865191,2026-08-19
2302-ANTDP,0.5050301810865191,Likely to churn,0.5050301810865191,2026-08-19
5923-GXUOC,0.7213930348258707,Likely to churn,0.7213930348258707,2026-08-19
4973-RLZVI,0.09430604982206406,Unlikely to churn,0.905693950177936,2026-08-19
7869-ZYDST,0.5050301810865191,Likely to churn,0.5050301810865191,2026-08-19
4501-UYKBC,0.09430604982206406,Unlikely to churn,0.905693950177936,2026-08-19
1215-EXRMO,0.016241299303944315,Unlikely to churn,0.9837587006960556,2026-08-19
2305-MRGLV,0.5050301810865191,Likely to churn,0.5050301810865191,2026-08-19
8404-VIOMB,0.016241299303944315,Unlikely to churn,0.9837587006960556,2026-08-19
5233-GEEAX,0.5149700598802395,Likely to churn,0.5149700598802395,2026-08-19
2359-KLTEK,0.5050301810865191,Likely to churn,0.5050301810865191,2026-08-19
5304-EFJLP,0.0,Unlikely to churn,1.0,2026-08-19
2673-ZALNP,1.0,Likely to churn,1.0,2026-08-19
9184-GALIL,0.5050301810865191,Likely to churn,0.5050301810865191,2026-08-19
4393-RYCRE,0.057692307692307696,Unlikely to churn,0.9423076923076923,2026-08-19
9746-MDMBK,0.057692307692307696,Unlikely to churn,0.9423076923076923,2026-08-19
3162-ZJZFU,0.5050301810865191,Likely to churn,0.5050301810865191,2026-08-19
8404-GFGCZ,0.5149700598802395,Likely to churn,0.5149700598802395,2026-08-19
8875-AKBYH,0.5050301810865191,Likely to churn,0.5050301810865191,2026-08-19
4432-ADRLB,1.0,Likely to churn,1.0,2026-08-19
0533-UCAAU,0.09430604982206406,Unlikely to churn,0.905693950177936,2026-08-19
1394-SUIUH,0.5050301810865191,Likely to churn,0.5050301810865191,2026-08-19
3521-MNKLV,0.5050301810865191,Likely to churn,0.5050301810865191,2026-08-19
2533-TIBIX,0.5050301810865191,Likely to churn,0.5050301810865191,2026-08-19
8993-PHFWD,1.0,Likely to churn,1.0,2026-08-19
1565-RHDJD,0.7213930348258707,Likely to churn,0.7213930348258707,2026-08-19
7137-RYLPP,0.5050301810865191,Likely to churn,0.5050301810865191,2026-08-19
3765-JXVKY,0.825,Likely to churn,0.825,2026-08-19
5092-STPKP,0.5050301810865191,Likely to churn,0.5050301810865191,2026-08-19
7330-WZLNC,0.7213930348258707,Likely to churn,0.7213930348258707,2026-08-19
0114-PEGZZ,0.5050301810865191,Likely to churn,0.5050301810865191,2026-08-19
3359-DSRKA,0.016241299303944315,Unlikely to churn,0.9837587006960556,2026-08-19
8639-NHQEI,0.10679611650485436,Unlikely to churn,0.8932038834951457,2026-08-19
7161-DFHUF,0.016241299303944315,Unlikely to churn,0.9837587006960556,2026-08-19
3957-LXOLK,0.5050301810865191,Likely to churn,0.5050301810865191,2026-08-19
3720-DBRWL,0.0,Unlikely to churn,1.0,2026-08-19
6635-MYYYZ,0.09430604982206406,Unlikely to churn,0.905693950177936,2026-08-19
8565-WUXZU,0.0,Unlikely to churn,1.0,2026-08-19
5281-BUZGT,0.5050301810865191,Likely to churn,0.5050301810865191,2026-08-19
4994-OBRSZ,0.016241299303944315,Unlikely to churn,0.9837587006960556,2026-08-19
0562-FGDCR,0.016241299303944315,Unlikely to churn,0.9837587006960556,2026-08-19
2436-QBZFP,0.5050301810865191,Likely to churn,0.5050301810865191,2026-08-19
3420-YJLQT,0.7213930348258707,Likely to churn,0.7213930348258707,2026-08-19
6040-CGACY,0.5050301810865191,Likely to churn,0.5050301810865191,2026-08-19
6582-PLFUU,0.016241299303944315,Unlikely to churn,0.9837587006960556,2026-08-19
8242-PDSGJ,0.016241299303944315,Unlikely to churn,0.9837587006960556,2026-08-19
0264-CNITK,0.016241299303944315,Unlikely to churn,0.9837587006960556,2026-08-19
0089-IIQKO,0.5050301810865191,Likely to churn,0.5050301810865191,2026-08-19
7839-NUIAA,0.175,Unlikely to churn,0.825,2026-08-19
6075-QMNRR,0.5050301810865191,Likely to churn,0.5050301810865191,2026-08-19
5378-IKEEG,1.0,Likely to churn,1.0,2026-08-19
5966-EMAZU,0.057692307692307696,Unlikely to churn,0.9423076923076923,2026-08-19
0440-EKDCF,0.016241299303944315,Unlikely to churn,0.9837587006960556,2026-08-19
4774-HHGGS,0.016241299303944315,Unlikely to churn,0.9837587006960556,2026-08-19
2718-GAXQD,0.5149700598802395,Likely to churn,0.5149700598802395,2026-08-19
2055-BFOCC,0.09430604982206406,Unlikely to churn,0.905693950177936,2026-08-19
8180-AKMJV,1.0,Likely to churn,1.0,2026-08-19
4298-OYIFC,0.5050301810865191,Likely to churn,0.5050301810865191,2026-08-19
5566-SOEZD,0.09430604982206406,Unlikely to churn,0.905693950177936,2026-08-19
9842-EFSYY,0.5149700598802395,Likely to churn,0.5149700598802395,2026-08-19
2272-WUSPA,0.0,Unlikely to churn,1.0,2026-08-19
4584-LBNMK,0.09430604982206406,Unlikely to churn,0.905693950177936,2026-08-19
3898-GUYTS,0.5050301810865191,Likely to churn,0.5050301810865191,2026-08-19
0930-EHUZA,0.09430604982206406,Unlikely to churn,0.905693950177936,2026-08-19
6413-XKKPU,0.5050301810865191,Likely to churn,0.5050301810865191,2026-08-19
9975-SKRNR,1.0,Likely to churn,1.0,2026-08-19
3703-KBKZP,0.5050301810865191,Likely to churn,0.5050301810865191,2026-08-19
1449-XQEMT,1.0,Likely to churn,1.0,2026-08-19
2626-URJFX,0.5149700598802395,Likely to churn,0.5149700598802395,2026-08-19
4973-MGTON,0.0,Unlikely to churn,1.0,2026-08-19
3682-YEUWS,0.5149700598802395,Likely to churn,0.5149700598802395,2026-08-19
1223-UNPKS,0.016241299303944315,Unlikely to churn,0.9837587006960556,2026-08-19
2612-RRIDN,0.7213930348258707,Likely to churn,0.7213930348258707,2026-08-19
4735-ASGMA,0.5050301810865191,Likely to churn,0.5050301810865191,2026-08-19
3446-QDSZF,0.5149700598802395,Likely to churn,0.5149700598802395,2026-08-19
3669-LVWZB,0.5149700598802395,Likely to churn,0.5149700598802395,2026-08-19
6892-EZDTG,0.7213930348258707,Likely to churn,0.7213930348258707,2026-08-19
5117-IFGPS,0.5050301810865191,Likely to churn,0.5050301810865191,2026-08-19
7379-FNIUJ,0.7213930348258707,Likely to churn,0.7213930348258707,2026-08-19
1627-AFWVJ,0.016241299303944315,Unlikely to churn,0.9837587006960556,2026-08-19
9725-SCPZG,0.825,Likely to churn,0.825,2026-08-19
5884-GCYMI,1.0,Likely to churn,1.0,2026-08-19
3217-FZDMN,0.7213930348258707,Likely to churn,0.7213930348258707,2026-08-19
4486-EFAEB,0.5149700598802395,Likely to churn,0.5149700598802395,2026-08-19
0060-FUALY,0.175,Unlikely to churn,0.825,2026-08-19
7853-GVUDZ,1.0,Likely to churn,1.0,2026-08-19
7480-QNVZJ,0.5050301810865191,Likely to churn,0.5050301810865191,2026-08-19
6954-OOYZZ,0.5050301810865191,Likely to churn,0.5050301810865191,2026-08-19
7088-FBAWU,0.5050301810865191,Likely to churn,0.5050301810865191,2026-08-19
8313-AFGBW,0.016241299303944315,Unlikely to churn,0.9837587006960556,2026-08-19
3943-KDREE,0.5050301810865191,Likely to churn,0.5050301810865191,2026-08-19
9239-ZBZZV,0.5149700598802395,Likely to churn,0.5149700598802395,2026-08-19
3097-IDVPU,0.5050301810865191,Likely to churn,0.5050301810865191,2026-08-19
4398-HSCJH,0.5149700598802395,Likely to churn,0.5149700598802395,2026-08-19
2197-OMWGI,0.016241299303944315,Unlikely to churn,0.9837587006960556,2026-08-19
2303-PJYHN,1.0,Likely to churn,1.0,2026-08-19
9795-VOWON,0.09430604982206406,Unlikely to churn,0.905693950177936,2026-08-19
1237-WIYYZ,0.5050301810865191,Likely to churn,0.5050301810865191,2026-08-19
1987-AUELQ,0.016241299303944315,Unlikely to churn,0.9837587006960556,2026-08-19
7852-LECYP,0.7213930348258707,Likely to churn,0.7213930348258707,2026-08-19
4430-UZIPO,1.0,Likely to churn,1.0,2026-08-19
4822-LPTYJ,0.10679611650485436,Unlikely to churn,0.8932038834951457,2026-08-19
8165-CBKXO,0.016241299303944315,Unlikely to churn,0.9837587006960556,2026-08-19
6527-PZFPV,1.0,Likely to churn,1.0,2026-08-19
4855-SNKMY,1.0,Likely to churn,1.0,2026-08-19
9593-CVZKR,0.016241299303944315,Unlikely to churn,0.9837587006960556,2026-08-19
8595-SIZNC,0.09430604982206406,Unlikely to churn,0.905693950177936,2026-08-19
8008-HAWED,0.5050301810865191,Likely to churn,0.5050301810865191,2026-08-19
7124-UGSUR,0.057692307692307696,Unlikely to churn,0.9423076923076923,2026-08-19
1862-SKORY,0.5050301810865191,Likely to churn,0.5050301810865191,2026-08-19
5236-XMZJY,0.5050301810865191,Likely to churn,0.5050301810865191,2026-08-19
4827-DPADN,0.0,Unlikely to churn,1.0,2026-08-19
2694-CIUMO,0.7213930348258707,Likely to churn,0.7213930348258707,2026-08-19
5846-ABOBJ,0.016241299303944315,Unlikely to churn,0.9837587006960556,2026-08-19
1439-LCGVL,1.0,Likely to churn,1.0,2026-08-19
0909-SDHNU,0.5149700598802395,Likely to churn,0.5149700598802395,2026-08-19
4647-XXZAM,0.5149700598802395,Likely to churn,0.5149700598802395,2026-08-19
1502-XFCVR,0.057692307692307696,Unlikely to churn,0.9423076923076923,2026-08-19
7740-KKCXF,0.5050301810865191,Likely to churn,0.5050301810865191,2026-08-19
5360-XGYAZ,0.016241299303944315,Unlikely to churn,0.9837587006960556,2026-08-19
9692-TUSXH,0.5050301810865191,Likely to churn,0.5050301810865191,2026-08-19
7912-SYRQT,0.5149700598802395,Likely to churn,0.5149700598802395,2026-08-19
3557-HTYWR,0.016241299303944315,Unlikely to churn,0.9837587006960556,2026-08-19
4816-JBHOV,1.0,Likely to churn,1.0,2026-08-19
8920-NAVAY,0.057692307692307696,Unlikely to churn,0.9423076923076923,2026-08-19
1699-TLDLZ,0.016241299303944315,Unlikely to churn,0.9837587006960556,2026-08-19
5600-PDUJF,0.5149700598802395,Likely to churn,0.5149700598802395,2026-08-19
8292-TYSPY,0.5050301810865191,Likely to churn,0.5050301810865191,2026-08-19
0567-XRHCU,0.016241299303944315,Unlikely to churn,0.9837587006960556,2026-08-19
1867-BDVFH,0.5149700598802395,Likely to churn,0.5149700598802395,2026-08-19
2067-QYTCF,0.35384615384615387,Unlikely to churn,0.6461538461538461,2026-08-19
2359-QWQUL,0.057692307692307696,Unlikely to churn,0.9423076923076923,2026-08-19
9103-TCIHJ,0.5050301810865191,Likely to churn,0.5050301810865191,2026-08-19
7407-SUJIZ,0.5050301810865191,Likely to churn,0.5050301810865191,2026-08-19
9150-KPBJQ,0.016241299303944315,Unlikely to churn,0.9837587006960556,2026-08-19
0052-DCKON,0.057692307692307696,Unlikely to churn,0.9423076923076923,2026-08-19
3654-ARMGP,0.0,Unlikely to churn,1.0,2026-08-19
9699-UBQFS,0.5050301810865191,Likely to churn,0.5050301810865191,2026-08-19
9367-TCUYN,0.5149700598802395,Likely to churn,0.5149700598802395,2026-08-19
1261-FWTTE,0.5050301810865191,Likely to churn,0.5050301810865191,2026-08-19
3528-HFRIQ,0.175,Unlikely to churn,0.825,2026-08-19
0708-SJDIS,0.5050301810865191,Likely to churn,0.5050301810865191,2026-08-19
4140-WJAWW,1.0,Likely to churn,1.0,2026-08-19
2073-QBVBI,0.09430604982206406,Unlikely to churn,0.905693950177936,2026-08-19
6928-ONTRW,0.016241299303944315,Unlikely to churn,0.9837587006960556,2026-08-19
3320-VEOYC,0.5050301810865191,Likely to churn,0.5050301810865191,2026-08-19
5231-FIQPA,0.016241299303944315,Unlikely to churn,0.9837587006960556,2026-08-19
6617-WLBQC,0.09430604982206406,Unlikely to churn,0.905693950177936,2026-08-19
2599-CIPQE,0.0,Unlikely to churn,1.0,2026-08-19
6653-CBBOM,0.825,Likely to churn,0.825,2026-08-19
8774-GSBUN,0.016241299303944315,Unlikely to churn,0.9837587006960556,2026-08-19
7326-RIGQZ,0.5149700598802395,Likely to churn,0.5149700598802395,2026-08-19
1401-FTHFQ,1.0,Likely to churn,1.0,2026-08-19
3247-ZVOUO,0.7213930348258707,Likely to churn,0.7213930348258707,2026-08-19
0254-FNMCI,0.0,Unlikely to churn,1.0,2026-08-19
1848-LBZHY,0.5149700598802395,Likely to churn,0.5149700598802395,2026-08-19
6101-IMRMM,0.7213930348258707,Likely to churn,0.7213930348258707,2026-08-19
8118-TJAFG,0.7213930348258707,Likely to churn,0.7213930348258707,2026-08-19
5429-LWCMV,0.7213930348258707,Likely to churn,0.7213930348258707,2026-08-19
7298-IZWLY,1.0,Likely to churn,1.0,2026-08-19
9758-MFWGD,0.09430604982206406,Unlikely to churn,0.905693950177936,2026-08-19
3955-JBZZM,0.5050301810865191,Likely to churn,0.5050301810865191,2026-08-19
1268-ASBGA,0.5050301810865191,Likely to churn,0.5050301810865191,2026-08-19
8943-URTMR,0.7213930348258707,Likely to churn,0.7213930348258707,2026-08-19
4815-TUMEQ,1.0,Likely to churn,1.0,2026-08-19
4713-LZDRV,0.7213930348258707,Likely to churn,0.7213930348258707,2026-08-19
9909-IDLEK,0.5050301810865191,Likely to churn,0.5050301810865191,2026-08-19
4092-OFQZS,1.0,Likely to churn,1.0,2026-08-19
1561-BWHIN,1.0,Likely to churn,1.0,2026-08-19
4325-NFSKC,0.5050301810865191,Likely to churn,0.5050301810865191,2026-08-19
9927-DSWDF,0.5050301810865191,Likely to churn,0.5050301810865191,2026-08-19
9500-LTVBP,0.5050301810865191,Likely to churn,0.5050301810865191,2026-08-19
7252-NTGSS,1.0,Likely to churn,1.0,2026-08-19
8149-AIQCG,0.5050301810865191,Likely to churn,0.5050301810865191,2026-08-19
1360-JYXKQ,0.057692307692307696,Unlikely to churn,0.9423076923076923,2026-08-19
2955-PSXOE,1.0,Likely to churn,1.0,2026-08-19
7762-URZQH,0.10679611650485436,Unlikely to churn,0.8932038834951457,2026-08-19
0899-WZRSD,0.35384615384615387,Unlikely to churn,0.6461538461538461,2026-08-19
3255-GRXMG,0.5050301810865191,Likely to churn,0.5050301810865191,2026-08-19
4828-FAZPK,0.5050301810865191,Likely to churn,0.5050301810865191,2026-08-19
6094-ZIVKX,0.09430604982206406,Unlikely to churn,0.905693950177936,2026-08-19
6925-BAYGL,0.016241299303944315,Unlikely to churn,0.9837587006960556,2026-08-19
3262-EIDHV,0.0,Unlikely to churn,1.0,2026-08-19
7354-OIJLX,0.5149700598802395,Likely to churn,0.5149700598802395,2026-08-19
1376-HHBDV,0.5050301810865191,Likely to churn,0.5050301810865191,2026-08-19
6907-NZZIJ,0.5050301810865191,Likely to churn,0.5050301810865191,2026-08-19
6133-OZILE,0.5050301810865191,Likely to churn,0.5050301810865191,2026-08-19
4135-FRWKJ,0.09430604982206406,Unlikely to churn,0.905693950177936,2026-08-19
2911-UREFD,0.5050301810865191,Likely to churn,0.5050301810865191,2026-08-19
3744-ZRRDZ,0.5050301810865191,Likely to churn,0.5050301810865191,2026-08-19
5673-TIYIB,1.0,Likely to churn,1.0,2026-08-19
6551-ZCOTS,0.09430604982206406,Unlikely to churn,0.905693950177936,2026-08-19
7191-ADRGF,0.016241299303944315,Unlikely to churn,0.9837587006960556,2026-08-19
5018-LXQQG,0.5050301810865191,Likely to churn,0.5050301810865191,2026-08-19
6892-BOGQE,0.016241299303944315,Unlikely to churn,0.9837587006960556,2026-08-19
1602-IJQQE,0.5149700598802395,Likely to churn,0.5149700598802395,2026-08-19
4628-WQCQQ,0.09430604982206406,Unlikely to churn,0.905693950177936,2026-08-19
1746-TGTWV,0.825,Likely to churn,0.825,2026-08-19
5995-SNNEW,0.5050301810865191,Likely to churn,0.5050301810865191,2026-08-19
8050-WYBND,0.09430604982206406,Unlikely to churn,0.905693950177936,2026-08-19
2821-WARNZ,1.0,Likely to churn,1.0,2026-08-19
4879-GZLFH,0.5050301810865191,Likely to churn,0.5050301810865191,2026-08-19
1644-IRKSF,0.2857142857142857,Unlikely to churn,0.7142857142857143,2026-08-19
8314-HTWVE,0.016241299303944315,Unlikely to churn,0.9837587006960556,2026-08-19
9402-ROUMJ,0.057692307692307696,Unlikely to churn,0.9423076923076923,2026-08-19
2507-QZPQS,0.5050301810865191,Likely to churn,0.5050301810865191,2026-08-19
7159-NOKYQ,0.0,Unlikely to churn,1.0,2026-08-19
5707-ZMDJP,0.016241299303944315,Unlikely to churn,0.9837587006960556,2026-08-19
8779-YIQQA,1.0,Likely to churn,1.0,2026-08-19
7136-IHZJA,0.5050301810865191,Likely to churn,0.5050301810865191,2026-08-19
8966-OIQHG,1.0,Likely to churn,1.0,2026-08-19
7074-STDCN,0.5050301810865191,Likely to churn,0.5050301810865191,2026-08-19
3705-PSNGL,1.0,Likely to churn,1.0,2026-08-19
8739-QOTTN,1.0,Likely to churn,1.0,2026-08-19
1399-OUPJN,0.016241299303944315,Unlikely to churn,0.9837587006960556,2026-08-19
0277-BKSQP,0.5149700598802395,Likely to churn,0.5149700598802395,2026-08-19
6502-HCJTI,0.7213930348258707,Likely to churn,0.7213930348258707,2026-08-19
2606-RMDHZ,0.5149700598802395,Likely to churn,0.5149700598802395,2026-08-19
5774-XZTQC,0.5149700598802395,Likely to churn,0.5149700598802395,2026-08-19
2676-SSLTO,0.016241299303944315,Unlikely to churn,0.9837587006960556,2026-08-19
6266-QHOJZ,0.09430604982206406,Unlikely to churn,0.905693950177936,2026-08-19
7269-JISCY,0.09430604982206406,Unlikely to churn,0.905693950177936,2026-08-19
0363-SVHYR,0.0,Unlikely to churn,1.0,2026-08-19
8547-NSBBO,0.5050301810865191,Likely to churn,0.5050301810865191,2026-08-19
8258-GSTJK,0.5149700598802395,Likely to churn,0.5149700598802395,2026-08-19
6861-OKBCE,0.5149700598802395,Likely to churn,0.5149700598802395,2026-08-19
9940-RHLFB,0.825,Likely to churn,0.825,2026-08-19
6591-QGOYB,0.5050301810865191,Likely to churn,0.5050301810865191,2026-08-19
9070-BCKQP,0.0,Unlikely to churn,1.0,2026-08-19
6421-SZVEM,0.09430604982206406,Unlikely to churn,0.905693950177936,2026-08-19
1328-EUZHC,0.016241299303944315,Unlikely to churn,0.9837587006960556,2026-08-19
2995-UPRYS,0.057692307692307696,Unlikely to churn,0.9423076923076923,2026-08-19
8878-RYUKI,0.5050301810865191,Likely to churn,0.5050301810865191,2026-08-19
9633-DENPU,0.5050301810865191,Likely to churn,0.5050301810865191,2026-08-19
7811-JIVPF,0.5050301810865191,Likely to churn,0.5050301810865191,2026-08-19
7113-HIPFI,0.016241299303944315,Unlikely to churn,0.9837587006960556,2026-08-19
8541-QVFKM,0.5149700598802395,Likely to churn,0.5149700598802395,2026-08-19
6686-YPGHK,0.5050301810865191,Likely to churn,0.5050301810865191,2026-08-19
1383-EZRWL,0.5149700598802395,Likely to churn,0.5149700598802395,2026-08-19
9258-CNWAC,0.0,Unlikely to churn,1.0,2026-08-19
5371-VYLSX,0.5050301810865191,Likely to churn,0.5050301810865191,2026-08-19
6374-AFWOX,0.016241299303944315,Unlikely to churn,0.9837587006960556,2026-08-19
4759-TRPLW,0.825,Likely to churn,0.825,2026-08-19
5317-FLPJF,0.016241299303944315,Unlikely to churn,0.9837587006960556,2026-08-19
7621-VPNET,0.5050301810865191,Likely to churn,0.5050301810865191,2026-08-19
6034-YMTOB,0.5149700598802395,Likely to churn,0.5149700598802395,2026-08-19
8563-IIOXK,0.09430604982206406,Unlikely to churn,0.905693950177936,2026-08-19
4903-CNOZC,0.09430604982206406,Unlikely to churn,0.905693950177936,2026-08-19
4353-HYOJD,0.5050301810865191,Likely to churn,0.5050301810865191,2026-08-19
8020-BWHYL,0.5050301810865191,Likely to churn,0.5050301810865191,2026-08-19
7267-FRMJW,0.016241299303944315,Unlikely to churn,0.9837587006960556,2026-08-19
2982-VPSGI,0.7213930348258707,Likely to churn,0.7213930348258707,2026-08-19
4188-FRABG,0.35384615384615387,Unlikely to churn,0.6461538461538461,2026-08-19
8199-ZLLSA,0.057692307692307696,Unlikely to churn,0.9423076923076923,2026-08-19
4128-ETESU,0.5050301810865191,Likely to churn,0.5050301810865191,2026-08-19
0620-DLSLK,0.7213930348258707,Likely to churn,0.7213930348258707,2026-08-19
4625-EWPTF,0.5149700598802395,Likely to churn,0.5149700598802395,2026-08-19
5980-NOPLP,0.5050301810865191,Likely to churn,0.5050301810865191,2026-08-19
3850-OKINF,0.09430604982206406,Unlikely to churn,0.905693950177936,2026-08-19
6892-XPFPU,0.5050301810865191,Likely to churn,0.5050301810865191,2026-08-19
8010-EZLOU,0.5050301810865191,Likely to churn,0.5050301810865191,2026-08-19
1156-ZFYDO,1.0,Likely to churn,1.0,2026-08-19
3295-YVUSR,0.5149700598802395,Likely to churn,0.5149700598802395,2026-08-19
8016-NCFVO,0.35384615384615387,Unlikely to churn,0.6461538461538461,2026-08-19
4119-ZYPZY,0.10679611650485436,Unlikely to churn,0.8932038834951457,2026-08-19
5549-ZGHFB,0.016241299303944315,Unlikely to churn,0.9837587006960556,2026-08-19
7577-SWIFR,0.825,Likely to churn,0.825,2026-08-19
0303-WMMRN,1.0,Likely to churn,1.0,2026-08-19
6408-OTUBZ,0.057692307692307696,Unlikely to churn,0.9423076923076923,2026-08-19
5204-HMGYF,0.09430604982206406,Unlikely to churn,0.905693950177936,2026-08-19
1078-TDCRN,1.0,Likely to churn,1.0,2026-08-19
3727-OVPRY,0.09430604982206406,Unlikely to churn,0.905693950177936,2026-08-19
3797-FKOGQ,0.7213930348258707,Likely to churn,0.7213930348258707,2026-08-19
7622-NXQZR,0.5050301810865191,Likely to churn,0.5050301810865191,2026-08-19
6196-HBOBZ,0.10679611650485436,Unlikely to churn,0.8932038834951457,2026-08-19
3970-XGJDU,0.016241299303944315,Unlikely to churn,0.9837587006960556,2026-08-19
7017-VFULY,1.0,Likely to churn,1.0,2026-08-19
5562-YJQGT,1.0,Likely to churn,1.0,2026-08-19
8807-OPMBM,0.016241299303944315,Unlikely to churn,0.9837587006960556,2026-08-19
5439-WIKXB,0.5050301810865191,Likely to churn,0.5050301810865191,2026-08-19
9874-QLCLH,0.5050301810865191,Likely to churn,0.5050301810865191,2026-08-19
8294-UIMBA,0.2857142857142857,Unlikely to churn,0.7142857142857143,2026-08-19
8109-YUOHE,0.09430604982206406,Unlikely to churn,0.905693950177936,2026-08-19
5840-NVDCG,0.016241299303944315,Unlikely to churn,0.9837587006960556,2026-08-19
8092-NLTGF,0.016241299303944315,Unlikely to churn,0.9837587006960556,2026-08-19
5928-QLDHB,0.5149700598802395,Likely to churn,0.5149700598802395,2026-08-19
9840-EFJQB,0.825,Likely to churn,0.825,2026-08-19
0696-UKTOX,0.5050301810865191,Likely to churn,0.5050301810865191,2026-08-19
4801-KFYKL,0.5149700598802395,Likely to churn,0.5149700598802395,2026-08-19
3472-OAOOR,0.5050301810865191,Likely to churn,0.5050301810865191,2026-08-19
6135-OZQVA,0.5149700598802395,Likely to churn,0.5149700598802395,2026-08-19
8062-YBDOE,1.0,Likely to churn,1.0,2026-08-19
2252-JHJGE,0.057692307692307696,Unlikely to churn,0.9423076923076923,2026-08-19
4188-PCPIG,0.016241299303944315,Unlikely to churn,0.9837587006960556,2026-08-19
6000-APYLU,0.7213930348258707,Likely to churn,0.7213930348258707,2026-08-19
7105-BENQF,0.09430604982206406,Unlikely to churn,0.905693950177936,2026-08-19
7721-DVEKZ,1.0,Likely to churn,1.0,2026-08-19
3566-VVORZ,0.5149700598802395,Likely to churn,0.5149700598802395,2026-08-19
9507-HSMMZ,0.016241299303944315,Unlikely to churn,0.9837587006960556,2026-08-19
2480-SQIOB,0.5149700598802395,Likely to churn,0.5149700598802395,2026-08-19
0947-IDHRQ,0.7213930348258707,Likely to churn,0.7213930348258707,2026-08-19
7813-TKCVO,1.0,Likely to churn,1.0,2026-08-19
0128-MKWSG,0.5050301810865191,Likely to churn,0.5050301810865191,2026-08-19
3672-YITQD,0.5050301810865191,Likely to churn,0.5050301810865191,2026-08-19
4350-ZTLPI,0.057692307692307696,Unlikely to churn,0.9423076923076923,2026-08-19
9048-JVYVF,0.5149700598802395,Likely to churn,0.5149700598802395,2026-08-19
0361-HJRDX,0.016241299303944315,Unlikely to churn,0.9837587006960556,2026-08-19
5727-MYATE,0.0,Unlikely to churn,1.0,2026-08-19
3823-KYNQY,0.09430604982206406,Unlikely to churn,0.905693950177936,2026-08-19
8988-ECPJR,0.5050301810865191,Likely to churn,0.5050301810865191,2026-08-19
7570-WELNY,0.0,Unlikely to churn,1.0,2026-08-19
3021-VLNRJ,0.09430604982206406,Unlikely to churn,0.905693950177936,2026-08-19
3776-EKTKM,1.0,Likely to churn,1.0,2026-08-19
2080-CAZNM,0.5050301810865191,Likely to churn,0.5050301810865191,2026-08-19
1028-FFNJK,0.5050301810865191,Likely to churn,0.5050301810865191,2026-08-19
6907-FLBER,1.0,Likely to churn,1.0,2026-08-19
3001-UNBTL,0.5050301810865191,Likely to churn,0.5050301810865191,2026-08-19
5982-PSMKW,0.0,Unlikely to churn,1.0,2026-08-19
3507-GASNP,0.016241299303944315,Unlikely to churn,0.9837587006960556,2026-08-19
7096-ZNBZI,0.016241299303944315,Unlikely to churn,0.9837587006960556,2026-08-19
1902-XBTFB,0.5050301810865191,Likely to churn,0.5050301810865191,2026-08-19
1676-MQAOA,0.016241299303944315,Unlikely to churn,0.9837587006960556,2026-08-19
0786-IVLAW,0.057692307692307696,Unlikely to churn,0.9423076923076923,2026-08-19
7566-DSRLQ,0.0,Unlikely to churn,1.0,2026-08-19
0643-OKLRP,0.5050301810865191,Likely to churn,0.5050301810865191,2026-08-19
7245-JMTTQ,0.057692307692307696,Unlikely to churn,0.9423076923076923,2026-08-19
6050-IJRHS,0.057692307692307696,Unlikely to churn,0.9423076923076923,2026-08-19
6202-JVYEU,1.0,Likely to churn,1.0,2026-08-19
8591-TKMZH,0.10679611650485436,Unlikely to churn,0.8932038834951457,2026-08-19
0734-OXWBT,0.5149700598802395,Likely to churn,0.5149700598802395,2026-08-19
4282-ACRXS,0.5050301810865191,Likely to churn,0.5050301810865191,2026-08-19
0365-TRTPY,0.5050301810865191,Likely to churn,0.5050301810865191,2026-08-19
7349-ALMUX,0.016241299303944315,Unlikely to churn,0.9837587006960556,2026-08-19
9381-NDKME,0.5050301810865191,Likely to churn,0.5050301810865191,2026-08-19
6502-KUGLL,0.5050301810865191,Likely to churn,0.5050301810865191,2026-08-19
1841-YSJGV,0.0,Unlikely to churn,1.0,2026-08-19
2794-XIMMO,0.09430604982206406,Unlikely to churn,0.905693950177936,2026-08-19
8382-SHQEH,0.7213930348258707,Likely to churn,0.7213930348258707,2026-08-19
3511-BFTJW,0.016241299303944315,Unlikely to churn,0.9837587006960556,2026-08-19
7668-XCFYV,0.5050301810865191,Likely to churn,0.5050301810865191,2026-08-19
2983-ZANRP,0.5149700598802395,Likely to churn,0.5149700598802395,2026-08-19
7845-URHJN,0.5149700598802395,Likely to churn,0.5149700598802395,2026-08-19
3034-ZBEQN,0.09430604982206406,Unlikely to churn,0.905693950177936,2026-08-19
5018-HEKFO,0.5149700598802395,Likely to churn,0.5149700598802395,2026-08-19
2923-ARZLG,1.0,Likely to churn,1.0,2026-08-19
3976-NLDEZ,1.0,Likely to churn,1.0,2026-08-19
2282-YGNOR,0.09430604982206406,Unlikely to churn,0.905693950177936,2026-08-19
5336-UFNZP,0.057692307692307696,Unlikely to churn,0.9423076923076923,2026-08-19
6854-EXGSF,0.5149700598802395,Likely to churn,0.5149700598802395,2026-08-19
1241-EZFMJ,0.016241299303944315,Unlikely to churn,0.9837587006960556,2026-08-19
9233-PSYHO,0.057692307692307696,Unlikely to churn,0.9423076923076923,2026-08-19
5376-PCKNB,0.057692307692307696,Unlikely to churn,0.9423076923076923,2026-08-19
8044-BGWPI,0.5149700598802395,Likely to churn,0.5149700598802395,2026-08-19
4060-LDNLU,0.7213930348258707,Likely to churn,0.7213930348258707,2026-08-19
3589-PPVKW,0.5149700598802395,Likely to churn,0.5149700598802395,2026-08-19
8327-LZKAS,0.057692307692307696,Unlikely to churn,0.9423076923076923,2026-08-19
5887-IKKYO,0.10679611650485436,Unlikely to churn,0.8932038834951457,2026-08-19
1075-BGWOH,0.5050301810865191,Likely to churn,0.5050301810865191,2026-08-19
1755-RMCXH,1.0,Likely to churn,1.0,2026-08-19
0302-JOIVN,0.7213930348258707,Likely to churn,0.7213930348258707,2026-08-19
3858-XHYJO,0.057692307692307696,Unlikely to churn,0.9423076923076923,2026-08-19
4299-SIMNS,0.7213930348258707,Likely to churn,0.7213930348258707,2026-08-19
7025-IWFHT,0.09430604982206406,Unlikely to churn,0.905693950177936,2026-08-19
6261-LHRTG,0.5050301810865191,Likely to churn,0.5050301810865191,2026-08-19
7841-FCRQD,0.09430604982206406,Unlikely to churn,0.905693950177936,2026-08-19
2056-EVGZL,0.057692307692307696,Unlikely to churn,0.9423076923076923,2026-08-19
8777-MBMTS,0.10679611650485436,Unlikely to churn,0.8932038834951457,2026-08-19
7753-USQYQ,0.09430604982206406,Unlikely to churn,0.905693950177936,2026-08-19
5366-IJEQJ,0.5050301810865191,Likely to churn,0.5050301810865191,2026-08-19
7661-CPURM,0.09430604982206406,Unlikely to churn,0.905693950177936,2026-08-19
6233-HXJMX,0.5050301810865191,Likely to churn,0.5050301810865191,2026-08-19
5902-WBLSE,0.016241299303944315,Unlikely to churn,0.9837587006960556,2026-08-19
1981-INRFU,0.7213930348258707,Likely to churn,0.7213930348258707,2026-08-19
4971-PUYQO,0.5050301810865191,Likely to churn,0.5050301810865191,2026-08-19
3239-TPHPZ,0.016241299303944315,Unlikely to churn,0.9837587006960556,2026-08-19
5115-GZDEL,0.016241299303944315,Unlikely to churn,0.9837587006960556,2026-08-19
3338-CVVEH,0.7213930348258707,Likely to churn,0.7213930348258707,2026-08-19
8485-GJCDN,0.5149700598802395,Likely to churn,0.5149700598802395,2026-08-19
2615-YVMYX,0.35384615384615387,Unlikely to churn,0.6461538461538461,2026-08-19
2851-STERV,0.09430604982206406,Unlikely to churn,0.905693950177936,2026-08-19
4393-GEADV,0.0,Unlikely to churn,1.0,2026-08-19
8486-AYEQH,0.5050301810865191,Likely to churn,0.5050301810865191,2026-08-19
1527-SXDPN,0.10679611650485436,Unlikely to churn,0.8932038834951457,2026-08-19
6029-WTIPC,0.5050301810865191,Likely to churn,0.5050301810865191,2026-08-19
8634-CILSZ,0.057692307692307696,Unlikely to churn,0.9423076923076923,2026-08-19
5419-JKZNQ,0.5050301810865191,Likely to churn,0.5050301810865191,2026-08-19
2495-KZNFB,0.5050301810865191,Likely to churn,0.5050301810865191,2026-08-19
1409-PHXTF,0.10679611650485436,Unlikely to churn,0.8932038834951457,2026-08-19
4560-WQAQW,0.09430604982206406,Unlikely to churn,0.905693950177936,2026-08-19
9591-YVTEB,0.175,Unlikely to churn,0.825,2026-08-19
9309-BZGNT,0.09430604982206406,Unlikely to churn,0.905693950177936,2026-08-19
4274-DRSQT,0.09430604982206406,Unlikely to churn,0.905693950177936,2026-08-19
2027-DNKIV,0.09430604982206406,Unlikely to churn,0.905693950177936,2026-08-19
8075-GXIUB,1.0,Likely to churn,1.0,2026-08-19
2885-HIJDH,0.0,Unlikely to churn,1.0,2026-08-19
5424-RLQLC,0.5149700598802395,Likely to churn,0.5149700598802395,2026-08-19
6682-QJDGB,0.5050301810865191,Likely to churn,0.5050301810865191,2026-08-19
6507-DTJZV,0.5149700598802395,Likely to churn,0.5149700598802395,2026-08-19
8780-IXSTS,0.7213930348258707,Likely to churn,0.7213930348258707,2026-08-19
7673-BQGKU,0.016241299303944315,Unlikely to churn,0.9837587006960556,2026-08-19
6723-WSNTY,0.057692307692307696,Unlikely to churn,0.9423076923076923,2026-08-19
9530-EHPOH,0.5149700598802395,Likely to churn,0.5149700598802395,2026-08-19
2725-IWWBA,0.09430604982206406,Unlikely to churn,0.905693950177936,2026-08-19
0345-HKJVM,0.7213930348258707,Likely to churn,0.7213930348258707,2026-08-19
1061-PNTHC,0.35384615384615387,Unlikely to churn,0.6461538461538461,2026-08-19
0394-YONDK,0.016241299303944315,Unlikely to churn,0.9837587006960556,2026-08-19
6574-MCOEH,0.09430604982206406,Unlikely to churn,0.905693950177936,2026-08-19
7399-QHBJS,0.016241299303944315,Unlikely to churn,0.9837587006960556,2026-08-19
3049-SOLAY,0.7213930348258707,Likely to churn,0.7213930348258707,2026-08-19
0997-YTLNY,0.5050301810865191,Likely to churn,0.5050301810865191,2026-08-19
3317-HRTNN,0.5149700598802395,Likely to churn,0.5149700598802395,2026-08-19
9479-HYNYL,0.0,Unlikely to churn,1.0,2026-08-19
3235-ETOOB,0.5149700598802395,Likely to churn,0.5149700598802395,2026-08-19
9708-KFDBY,1.0,Likely to churn,1.0,2026-08-19
8058-INTPH,0.825,Likely to churn,0.825,2026-08-19
3642-GKTCT,0.057692307692307696,Unlikely to churn,0.9423076923076923,2026-08-19
0774-RMNUW,0.016241299303944315,Unlikely to churn,0.9837587006960556,2026-08-19
1334-PDUKM,0.09430604982206406,Unlikely to churn,0.905693950177936,2026-08-19
0756-MPZRL,0.09430604982206406,Unlikely to churn,0.905693950177936,2026-08-19
2242-MFOTG,0.09430604982206406,Unlikely to churn,0.905693950177936,2026-08-19
2927-CVULT,0.10679611650485436,Unlikely to churn,0.8932038834951457,2026-08-19
2144-BFDSO,0.5050301810865191,Likely to churn,0.5050301810865191,2026-08-19
8745-PVESG,0.09430604982206406,Unlikely to churn,0.905693950177936,2026-08-19
7647-GYYKX,0.016241299303944315,Unlikely to churn,0.9837587006960556,2026-08-19
5647-FXOTP,0.35384615384615387,Unlikely to churn,0.6461538461538461,2026-08-19
5569-OUICF,0.5050301810865191,Likely to churn,0.5050301810865191,2026-08-19
8821-XNHVZ,0.825,Likely to churn,0.825,2026-08-19
2082-OJVTK,0.5050301810865191,Likely to churn,0.5050301810865191,2026-08-19
9700-ISPUP,0.5149700598802395,Likely to churn,0.5149700598802395,2026-08-19
9839-ETQOE,0.5050301810865191,Likely to churn,0.5050301810865191,2026-08-19
6078-VESFR,0.5149700598802395,Likely to churn,0.5149700598802395,2026-08-19
9027-TMATR,0.016241299303944315,Unlikely to churn,0.9837587006960556,2026-08-19
5940-NFXKV,0.5050301810865191,Likely to churn,0.5050301810865191,2026-08-19
1941-HOSAM,0.825,Likely to churn,0.825,2026-08-19
9110-HSGTV,0.0,Unlikely to churn,1.0,2026-08-19
0704-VCUMB,0.016241299303944315,Unlikely to churn,0.9837587006960556,2026-08-19
6171-ZTVYB,0.5050301810865191,Likely to churn,0.5050301810865191,2026-08-19
8053-WWDRO,1.0,Likely to churn,1.0,2026-08-19
9564-KCLHR,1.0,Likely to churn,1.0,2026-08-19
1935-IMVBB,0.175,Unlikely to churn,0.825,2026-08-19
2535-PBCGC,0.016241299303944315,Unlikely to churn,0.9837587006960556,2026-08-19
2082-CEFLT,1.0,Likely to churn,1.0,2026-08-19
1470-PSXNM,0.09430604982206406,Unlikely to churn,0.905693950177936,2026-08-19
1213-NGCUN,0.5149700598802395,Likely to churn,0.5149700598802395,2026-08-19
2498-XLDZR,0.016241299303944315,Unlikely to churn,0.9837587006960556,2026-08-19
9866-OCCKE,0.0,Unlikely to churn,1.0,2026-08-19
5338-YHWYT,0.016241299303944315,Unlikely to churn,0.9837587006960556,2026-08-19
7718-UPSKJ,0.057692307692307696,Unlikely to churn,0.9423076923076923,2026-08-19
8731-WBBMB,0.5050301810865191,Likely to churn,0.5050301810865191,2026-08-19
1448-CYWKC,0.057692307692307696,Unlikely to churn,0.9423076923076923,2026-08-19
7901-IIDQV,0.09430604982206406,Unlikely to churn,0.905693950177936,2026-08-19
2690-DVRVK,1.0,Likely to churn,1.0,2026-08-19
5688-KZTSN,0.5050301810865191,Likely to churn,0.5050301810865191,2026-08-19
1270-XKUCC,0.016241299303944315,Unlikely to churn,0.9837587006960556,2026-08-19
0334-ZFJSR,0.09430604982206406,Unlikely to churn,0.905693950177936,2026-08-19
2894-QOJRX,0.5050301810865191,Likely to churn,0.5050301810865191,2026-08-19
5747-PMBSQ,0.7213930348258707,Likely to churn,0.7213930348258707,2026-08-19
5583-EJXRD,0.016241299303944315,Unlikely to churn,0.9837587006960556,2026-08-19
4565-EVZMJ,0.09430604982206406,Unlikely to churn,0.905693950177936,2026-08-19
3143-JQEGI,0.7213930348258707,Likely to churn,0.7213930348258707,2026-08-19
6386-SZZKH,0.10679611650485436,Unlikely to churn,0.8932038834951457,2026-08-19
3327-YBAKM,0.057692307692307696,Unlikely to churn,0.9423076923076923,2026-08-19
9441-QHEVC,1.0,Likely to churn,1.0,2026-08-19
6705-LNMDD,0.5050301810865191,Likely to churn,0.5050301810865191,2026-08-19
2580-ASVVY,0.016241299303944315,Unlikely to churn,0.9837587006960556,2026-08-19
3370-GQEAL,0.5050301810865191,Likely to churn,0.5050301810865191,2026-08-19
5032-USPKF,0.09430604982206406,Unlikely to churn,0.905693950177936,2026-08-19
2982-IHMFT,0.825,Likely to churn,0.825,2026-08-19
3521-SYVOR,0.5050301810865191,Likely to churn,0.5050301810865191,2026-08-19
4254-QPEDE,0.016241299303944315,Unlikely to churn,0.9837587006960556,2026-08-19
6283-GITPX,0.016241299303944315,Unlikely to churn,0.9837587006960556,2026-08-19
9526-JAWYF,0.5050301810865191,Likely to churn,0.5050301810865191,2026-08-19
0771-CHWSK,0.016241299303944315,Unlikely to churn,0.9837587006960556,2026-08-19
9788-HNGUT,0.0,Unlikely to churn,1.0,2026-08-19
9495-REDIY,0.09430604982206406,Unlikely to churn,0.905693950177936,2026-08-19
5375-XLDOF,0.0,Unlikely to churn,1.0,2026-08-19
1172-VIYBP,0.016241299303944315,Unlikely to churn,0.9837587006960556,2026-08-19
5649-VUKMC,0.2857142857142857,Unlikely to churn,0.7142857142857143,2026-08-19
6559-PDZLR,0.5050301810865191,Likely to churn,0.5050301810865191,2026-08-19
8992-OBVDG,0.5050301810865191,Likely to churn,0.5050301810865191,2026-08-19
4273-MBHYA,0.825,Likely to churn,0.825,2026-08-19
4724-WXVWF,0.5050301810865191,Likely to churn,0.5050301810865191,2026-08-19
5701-GUXDC,0.09430604982206406,Unlikely to churn,0.905693950177936,2026-08-19
1460-UZPRJ,0.016241299303944315,Unlikely to churn,0.9837587006960556,2026-08-19
6082-GLJIX,0.5050301810865191,Likely to churn,0.5050301810865191,2026-08-19
5143-EGQFK,0.5149700598802395,Likely to churn,0.5149700598802395,2026-08-19
4919-IKATY,0.7213930348258707,Likely to churn,0.7213930348258707,2026-08-19
2495-TTHBQ,1.0,Likely to churn,1.0,2026-08-19
0485-ZBSLN,0.016241299303944315,Unlikely to churn,0.9837587006960556,2026-08-19
3810-PJUHR,0.016241299303944315,Unlikely to churn,0.9837587006960556,2026-08-19
9050-QLROH,0.5050301810865191,Likely to churn,0.5050301810865191,2026-08-19
0847-HGRML,0.016241299303944315,Unlikely to churn,0.9837587006960556,2026-08-19
8232-CTLKO,0.016241299303944315,Unlikely to churn,0.9837587006960556,2026-08-19
9227-YBAXE,0.0,Unlikely to churn,1.0,2026-08-19
6168-WFVVF,0.5149700598802395,Likely to churn,0.5149700598802395,2026-08-19
9860-LISIZ,0.5050301810865191,Likely to churn,0.5050301810865191,2026-08-19
0112-QAWRZ,0.5050301810865191,Likely to churn,0.5050301810865191,2026-08-19
0877-SDMBN,0.057692307692307696,Unlikely to churn,0.9423076923076923,2026-08-19
2786-GCDPI,0.5050301810865191,Likely to churn,0.5050301810865191,2026-08-19
4043-MKDTV,0.10679611650485436,Unlikely to churn,0.8932038834951457,2026-08-19
8065-YKXKD,0.5149700598802395,Likely to churn,0.5149700598802395,2026-08-19
9637-EIHEQ,1.0,Likely to churn,1.0,2026-08-19
9229-RQABD,1.0,Likely to churn,1.0,2026-08-19
8313-KTIHG,0.5149700598802395,Likely to churn,0.5149700598802395,2026-08-19
5320-BRKGK,0.016241299303944315,Unlikely to churn,0.9837587006960556,2026-08-19
6284-KMNUF,0.057692307692307696,Unlikely to churn,0.9423076923076923,2026-08-19
9689-PTNPG,0.7213930348258707,Likely to churn,0.7213930348258707,2026-08-19
9465-RWMXL,0.5050301810865191,Likely to churn,0.5050301810865191,2026-08-19
6229-UOLQL,0.09430604982206406,Unlikely to churn,0.905693950177936,2026-08-19
2362-IBOOY,0.5050301810865191,Likely to churn,0.5050301810865191,2026-08-19
3137-LUPIX,0.5149700598802395,Likely to churn,0.5149700598802395,2026-08-19
0843-WTBXE,0.5050301810865191,Likely to churn,0.5050301810865191,2026-08-19
6143-JQKEA,0.5149700598802395,Likely to churn,0.5149700598802395,2026-08-19
8676-OOQEJ,0.5149700598802395,Likely to churn,0.5149700598802395,2026-08-19
5515-IDEJJ,1.0,Likely to churn,1.0,2026-08-19
9701-CDXHR,0.5050301810865191,Likely to churn,0.5050301810865191,2026-08-19
7450-NWRTR,0.7213930348258707,Likely to churn,0.7213930348258707,2026-08-19
8124-NZVGJ,0.09430604982206406,Unlikely to churn,0.905693950177936,2026-08-19
2162-FRZAA,0.016241299303944315,Unlikely to churn,0.9837587006960556,2026-08-19
5376-DEQCP,0.825,Likely to churn,0.825,2026-08-19
5118-MUEYH,0.5050301810865191,Likely to churn,0.5050301810865191,2026-08-19
9095-HFAFX,0.7213930348258707,Likely to churn,0.7213930348258707,2026-08-19
5627-TVBPP,1.0,Likely to churn,1.0,2026-08-19
2379-ENZGV,0.7213930348258707,Likely to churn,0.7213930348258707,2026-08-19
3936-QQFLL,1.0,Likely to churn,1.0,2026-08-19
2589-AYCRP,1.0,Likely to churn,1.0,2026-08-19
4067-HLYQI,0.5050301810865191,Likely to churn,0.5050301810865191,2026-08-19
5124-EOGYE,0.016241299303944315,Unlikely to churn,0.9837587006960556,2026-08-19
5057-RKGLH,0.016241299303944315,Unlikely to churn,0.9837587006960556,2026-08-19
0292-WEGCH,0.5050301810865191,Likely to churn,0.5050301810865191,2026-08-19
8910-ICHIU,0.057692307692307696,Unlikely to churn,0.9423076923076923,2026-08-19
4097-YODCF,0.2857142857142857,Unlikely to churn,0.7142857142857143,2026-08-19
9715-WZCLW,0.10679611650485436,Unlikely to churn,0.8932038834951457,2026-08-19
9786-YWNHU,0.016241299303944315,Unlikely to churn,0.9837587006960556,2026-08-19
6407-GSJNL,0.016241299303944315,Unlikely to churn,0.9837587006960556,2026-08-19
6005-OBZPH,0.5050301810865191,Likely to churn,0.5050301810865191,2026-08-19
4049-ZPALD,0.10679611650485436,Unlikely to churn,0.8932038834951457,2026-08-19
7932-WPTDS,1.0,Likely to churn,1.0,2026-08-19
3733-UOCWF,0.09430604982206406,Unlikely to churn,0.905693950177936,2026-08-19
6833-JMZYP,0.5050301810865191,Likely to churn,0.5050301810865191,2026-08-19
2722-VOJQL,0.057692307692307696,Unlikely to churn,0.9423076923076923,2026-08-19
1310-QRITU,0.5050301810865191,Likely to churn,0.5050301810865191,2026-08-19
8961-QDZZJ,0.057692307692307696,Unlikely to churn,0.9423076923076923,2026-08-19
9715-SBVSU,0.016241299303944315,Unlikely to churn,0.9837587006960556,2026-08-19
8490-BXHEO,0.5050301810865191,Likely to churn,0.5050301810865191,2026-08-19
7173-TETGO,0.016241299303944315,Unlikely to churn,0.9837587006960556,2026-08-19
7929-SKFGK,0.0,Unlikely to churn,1.0,2026-08-19
2300-RQGOI,0.016241299303944315,Unlikely to churn,0.9837587006960556,2026-08-19
3563-SVYLG,0.016241299303944315,Unlikely to churn,0.9837587006960556,2026-08-19
5228-EXCET,0.7213930348258707,Likely to churn,0.7213930348258707,2026-08-19
6435-VWCCY,0.0,Unlikely to churn,1.0,2026-08-19
4998-IKFSE,0.5050301810865191,Likely to churn,0.5050301810865191,2026-08-19
8630-QSGXK,0.016241299303944315,Unlikely to churn,0.9837587006960556,2026-08-19
2455-USLMV,0.5050301810865191,Likely to churn,0.5050301810865191,2026-08-19
7394-FKDNK,0.7213930348258707,Likely to churn,0.7213930348258707,2026-08-19
9488-FVZCC,0.016241299303944315,Unlikely to churn,0.9837587006960556,2026-08-19
6331-LWDTQ,0.5149700598802395,Likely to churn,0.5149700598802395,2026-08-19
5995-WWKKG,1.0,Likely to churn,1.0,2026-08-19
1597-FZREH,0.5149700598802395,Likely to churn,0.5149700598802395,2026-08-19
7879-CGSFV,0.057692307692307696,Unlikely to churn,0.9423076923076923,2026-08-19
9921-EZKBY,0.5050301810865191,Likely to churn,0.5050301810865191,2026-08-19
7432-FFVAR,0.09430604982206406,Unlikely to churn,0.905693950177936,2026-08-19
7246-ZGQDF,1.0,Likely to churn,1.0,2026-08-19
7000-WCEVQ,0.5050301810865191,Likely to churn,0.5050301810865191,2026-08-19
0727-IWKVK,0.7213930348258707,Likely to churn,0.7213930348258707,2026-08-19
5959-BELXA,0.5050301810865191,Likely to churn,0.5050301810865191,2026-08-19
4456-RHSNB,0.5050301810865191,Likely to churn,0.5050301810865191,2026-08-19
3512-IZIKN,0.016241299303944315,Unlikely to churn,0.9837587006960556,2026-08-19
2481-SBOYW,0.016241299303944315,Unlikely to churn,0.9837587006960556,2026-08-19
7109-MFBYV,0.5050301810865191,Likely to churn,0.5050301810865191,2026-08-19
1833-TCXKK,0.5050301810865191,Likely to churn,0.5050301810865191,2026-08-19
1832-PEUTS,0.0,Unlikely to churn,1.0,2026-08-19
6141-OOXUQ,1.0,Likely to churn,1.0,2026-08-19
8660-BUETV,0.5149700598802395,Likely to churn,0.5149700598802395,2026-08-19
0580-PIQHM,0.057692307692307696,Unlikely to churn,0.9423076923076923,2026-08-19
5696-CEIQJ,0.10679611650485436,Unlikely to churn,0.8932038834951457,2026-08-19
7503-ZGUZJ,0.825,Likely to churn,0.825,2026-08-19
1696-HXOWK,0.057692307692307696,Unlikely to churn,0.9423076923076923,2026-08-19
3026-ATZYV,0.09430604982206406,Unlikely to churn,0.905693950177936,2026-08-19
4012-YCFAI,0.016241299303944315,Unlikely to churn,0.9837587006960556,2026-08-19
2506-TNFCO,1.0,Likely to churn,1.0,2026-08-19
9970-QBCDA,1.0,Likely to churn,1.0,2026-08-19
8718-PTMEZ,0.5149700598802395,Likely to churn,0.5149700598802395,2026-08-19
9496-IVVRP,0.5149700598802395,Likely to churn,0.5149700598802395,2026-08-19
2207-OBZNX,0.5149700598802395,Likely to churn,0.5149700598802395,2026-08-19
2657-VPXTA,0.7213930348258707,Likely to churn,0.7213930348258707,2026-08-19
6551-VLJMV,0.016241299303944315,Unlikely to churn,0.9837587006960556,2026-08-19
1221-GHZEP,0.016241299303944315,Unlikely to churn,0.9837587006960556,2026-08-19
9289-LBQVU,0.09430604982206406,Unlikely to churn,0.905693950177936,2026-08-19
6142-VSJQO,1.0,Likely to churn,1.0,2026-08-19
3458-IDMFK,0.016241299303944315,Unlikely to churn,0.9837587006960556,2026-08-19
6933-FHBZC,0.09430604982206406,Unlikely to churn,0.905693950177936,2026-08-19
0221-NAUXK,1.0,Likely to churn,1.0,2026-08-19
9770-KXGQU,0.057692307692307696,Unlikely to churn,0.9423076923076923,2026-08-19
6437-UKHMV,0.7213930348258707,Likely to churn,0.7213930348258707,2026-08-19
6538-POCHL,0.5050301810865191,Likely to churn,0.5050301810865191,2026-08-19
6726-NNFWD,0.0,Unlikely to churn,1.0,2026-08-19
3002-WQZWT,0.5050301810865191,Likely to churn,0.5050301810865191,2026-08-19
4277-UDIEF,0.5050301810865191,Likely to churn,0.5050301810865191,2026-08-19
1208-NBVFH,0.5050301810865191,Likely to churn,0.5050301810865191,2026-08-19
4912-PIGUY,0.825,Likely to churn,0.825,2026-08-19
1114-CENIM,0.5050301810865191,Likely to churn,0.5050301810865191,2026-08-19
6060-DRTNL,0.7213930348258707,Likely to churn,0.7213930348258707,2026-08-19
2725-TTRIQ,0.0,Unlikely to churn,1.0,2026-08-19
3374-TTZTK,0.10679611650485436,Unlikely to churn,0.8932038834951457,2026-08-19
8990-ZXLSU,0.5149700598802395,Likely to churn,0.5149700598802395,2026-08-19
2275-RBYQS,1.0,Likely to churn,1.0,2026-08-19
8473-VUVJN,0.825,Likely to churn,0.825,2026-08-19
6289-CPNLD,0.09430604982206406,Unlikely to churn,0.905693950177936,2026-08-19
5536-SLHPM,0.175,Unlikely to churn,0.825,2026-08-19
4419-UJMUS,0.10679611650485436,Unlikely to churn,0.8932038834951457,2026-08-19
7794-JASDG,1.0,Likely to churn,1.0,2026-08-19
7609-YBPXG,0.0,Unlikely to churn,1.0,2026-08-19
5519-TEEUH,1.0,Likely to churn,1.0,2026-08-19
7856-GANIL,0.057692307692307696,Unlikely to churn,0.9423076923076923,2026-08-19
0804-XBFBV,0.5149700598802395,Likely to churn,0.5149700598802395,2026-08-19
2676-OXPPQ,0.5149700598802395,Likely to churn,0.5149700598802395,2026-08-19
3703-TTEPD,0.5050301810865191,Likely to churn,0.5050301810865191,2026-08-19
2799-TSLAG,0.016241299303944315,Unlikely to churn,0.9837587006960556,2026-08-19
0196-VULGZ,0.7213930348258707,Likely to churn,0.7213930348258707,2026-08-19
8837-VVWLQ,0.7213930348258707,Likely to churn,0.7213930348258707,2026-08-19
2696-NARTR,0.5149700598802395,Likely to churn,0.5149700598802395,2026-08-19
2208-NKVVH,0.016241299303944315,Unlikely to churn,0.9837587006960556,2026-08-19
7614-QVWQL,0.09430604982206406,Unlikely to churn,0.905693950177936,2026-08-19
1976-CFOCS,1.0,Likely to churn,1.0,2026-08-19
4631-OACRM,0.5050301810865191,Likely to churn,0.5050301810865191,2026-08-19
7139-JZFVG,0.016241299303944315,Unlikely to churn,0.9837587006960556,2026-08-19
4987-GQWPO,0.5050301810865191,Likely to churn,0.5050301810865191,2026-08-19
3755-JBMNH,0.5050301810865191,Likely to churn,0.5050301810865191,2026-08-19
1757-TCATG,1.0,Likely to churn,1.0,2026-08-19
6345-ULYRW,0.09430604982206406,Unlikely to churn,0.905693950177936,2026-08-19
4776-XSKYQ,0.09430604982206406,Unlikely to churn,0.905693950177936,2026-08-19
8048-DSDFQ,1.0,Likely to churn,1.0,2026-08-19
5753-QQWPW,0.09430604982206406,Unlikely to churn,0.905693950177936,2026-08-19
6010-DDPPW,0.016241299303944315,Unlikely to churn,0.9837587006960556,2026-08-19
1809-DMJHQ,0.5149700598802395,Likely to churn,0.5149700598802395,2026-08-19
6693-FRIRW,0.5050301810865191,Likely to churn,0.5050301810865191,2026-08-19
6586-MYGKD,0.016241299303944315,Unlikely to churn,0.9837587006960556,2026-08-19
3173-NVMPX,0.5149700598802395,Likely to churn,0.5149700598802395,2026-08-19
0248-PGHBZ,0.0,Unlikely to churn,1.0,2026-08-19
0623-GDISB,1.0,Likely to churn,1.0,2026-08-19
2892-GESUL,0.016241299303944315,Unlikely to churn,0.9837587006960556,2026-08-19
6923-EFPNL,0.5149700598802395,Likely to churn,0.5149700598802395,2026-08-19
7472-EQOAV,0.09430604982206406,Unlikely to churn,0.905693950177936,2026-08-19
9574-RKJIF,0.5050301810865191,Likely to churn,0.5050301810865191,2026-08-19
2043-WVTQJ,1.0,Likely to churn,1.0,2026-08-19
8034-RYTVV,0.09430604982206406,Unlikely to churn,0.905693950177936,2026-08-19
3863-QSTYI,0.175,Unlikely to churn,0.825,2026-08-19
2619-WFQWU,0.825,Likely to churn,0.825,2026-08-19
5044-LRQAQ,0.5149700598802395,Likely to churn,0.5149700598802395,2026-08-19
1716-LSAMB,0.016241299303944315,Unlikely to churn,0.9837587006960556,2026-08-19
1333-PBMXB,0.09430604982206406,Unlikely to churn,0.905693950177936,2026-08-19
6546-OPBBH,1.0,Likely to churn,1.0,2026-08-19
5985-BEHZK,0.057692307692307696,Unlikely to churn,0.9423076923076923,2026-08-19
9127-QRZMH,0.09430604982206406,Unlikely to churn,0.905693950177936,2026-08-19
5919-VCZYM,1.0,Likely to churn,1.0,2026-08-19
9644-KVCNC,0.09430604982206406,Unlikely to churn,0.905693950177936,2026-08-19
2137-DQMEV,0.09430604982206406,Unlikely to churn,0.905693950177936,2026-08-19
8174-LNWMW,0.016241299303944315,Unlikely to churn,0.9837587006960556,2026-08-19
9279-CJEOJ,0.5050301810865191,Likely to churn,0.5050301810865191,2026-08-19
7964-VEXDG,0.5050301810865191,Likely to churn,0.5050301810865191,2026-08-19
2404-JIBFC,0.0,Unlikely to churn,1.0,2026-08-19
0778-NELLA,0.5149700598802395,Likely to churn,0.5149700598802395,2026-08-19
8029-XYPWT,0.0,Unlikely to churn,1.0,2026-08-19
4614-NUVZD,0.825,Likely to churn,0.825,2026-08-19
4632-PAOYU,1.0,Likely to churn,1.0,2026-08-19
3803-KMQFW,1.0,Likely to churn,1.0,2026-08-19
6804-GDMOI,0.10679611650485436,Unlikely to churn,0.8932038834951457,2026-08-19
2990-OGYTD,0.0,Unlikely to churn,1.0,2026-08-19
6646-JPPHA,0.5050301810865191,Likely to churn,0.5050301810865191,2026-08-19
9572-MTILT,0.35384615384615387,Unlikely to churn,0.6461538461538461,2026-08-19
7658-UYUQS,0.5050301810865191,Likely to churn,0.5050301810865191,2026-08-19
7880-XSOJX,0.5149700598802395,Likely to churn,0.5149700598802395,2026-08-19
9611-CTWIH,0.7213930348258707,Likely to churn,0.7213930348258707,2026-08-19
4589-IUAJB,0.016241299303944315,Unlikely to churn,0.9837587006960556,2026-08-19
0329-GTIAJ,0.7213930348258707,Likely to churn,0.7213930348258707,2026-08-19
8746-BFOAJ,1.0,Likely to churn,1.0,2026-08-19
8457-XIGKN,0.5050301810865191,Likely to churn,0.5050301810865191,2026-08-19
6072-NUQCB,1.0,Likely to churn,1.0,2026-08-19
6629-CZTTH,1.0,Likely to churn,1.0,2026-08-19
8838-GPHZP,0.016241299303944315,Unlikely to churn,0.9837587006960556,2026-08-19
8750-QWZAJ,0.016241299303944315,Unlikely to churn,0.9837587006960556,2026-08-19
5364-EVNIB,0.7213930348258707,Likely to churn,0.7213930348258707,2026-08-19
6918-UMQCG,0.7213930348258707,Likely to churn,0.7213930348258707,2026-08-19
0675-NCDYU,0.0,Unlikely to churn,1.0,2026-08-19
6339-DKLMK,0.5149700598802395,Likely to churn,0.5149700598802395,2026-08-19
1346-PJWTK,0.175,Unlikely to churn,0.825,2026-08-19
5088-QZLRL,1.0,Likely to churn,1.0,2026-08-19
8023-QHAIO,0.175,Unlikely to churn,0.825,2026-08-19
4397-FRLTA,1.0,Likely to churn,1.0,2026-08-19
3057-VJJQE,0.016241299303944315,Unlikely to churn,0.9837587006960556,2026-08-19
5087-SUURX,0.5050301810865191,Likely to churn,0.5050301810865191,2026-08-19
2302-OUZXB,0.0,Unlikely to churn,1.0,2026-08-19
8133-ANHHJ,0.057692307692307696,Unlikely to churn,0.9423076923076923,2026-08-19
2270-CHBFN,0.5050301810865191,Likely to churn,0.5050301810865191,2026-08-19
0013-EXCHZ,0.7213930348258707,Likely to churn,0.7213930348258707,2026-08-19
5982-FPVQN,0.5050301810865191,Likely to churn,0.5050301810865191,2026-08-19
9107-UKCKY,0.09430604982206406,Unlikely to churn,0.905693950177936,2026-08-19
4654-ULTTN,0.016241299303944315,Unlikely to churn,0.9837587006960556,2026-08-19
5550-VFRLC,1.0,Likely to churn,1.0,2026-08-19
5546-BYZSM,0.5050301810865191,Likely to churn,0.5050301810865191,2026-08-19
1492-KGETH,0.09430604982206406,Unlikely to churn,0.905693950177936,2026-08-19
4929-BSTRX,1.0,Likely to churn,1.0,2026-08-19
4163-HFTUK,1.0,Likely to churn,1.0,2026-08-19
8215-NGSPE,0.016241299303944315,Unlikely to churn,0.9837587006960556,2026-08-19
2225-ZRGSG,1.0,Likely to churn,1.0,2026-08-19
8859-YSTWS,1.0,Likely to churn,1.0,2026-08-19
5271-YNWVR,0.10679611650485436,Unlikely to churn,0.8932038834951457,2026-08-19
7601-DHFWZ,0.016241299303944315,Unlikely to churn,0.9837587006960556,2026-08-19
2657-ALMWY,0.5050301810865191,Likely to churn,0.5050301810865191,2026-08-19
6330-JKLPC,0.7213930348258707,Likely to churn,0.7213930348258707,2026-08-19
4667-OHGKG,1.0,Likely to churn,1.0,2026-08-19
1998-VHJHK,1.0,Likely to churn,1.0,2026-08-19
1707-HABPF,0.09430604982206406,Unlikely to churn,0.905693950177936,2026-08-19
1660-HSOOQ,1.0,Likely to churn,1.0,2026-08-19
7253-UVNDW,0.016241299303944315,Unlikely to churn,0.9837587006960556,2026-08-19
0487-VVUVK,0.5050301810865191,Likely to churn,0.5050301810865191,2026-08-19
7228-OMTPN,0.7213930348258707,Likely to churn,0.7213930348258707,2026-08-19
5063-IUOKK,0.016241299303944315,Unlikely to churn,0.9837587006960556,2026-08-19
4508-OEBEY,0.09430604982206406,Unlikely to churn,0.905693950177936,2026-08-19
0027-KWYKW,0.5050301810865191,Likely to churn,0.5050301810865191,2026-08-19
2308-STERM,1.0,Likely to churn,1.0,2026-08-19
5982-XMDEX,0.016241299303944315,Unlikely to churn,0.9837587006960556,2026-08-19
6284-AHOOQ,0.5050301810865191,Likely to churn,0.5050301810865191,2026-08-19
6051-PTVNS,1.0,Likely to churn,1.0,2026-08-19
2344-JMOGN,0.7213930348258707,Likely to churn,0.7213930348258707,2026-08-19
3799-ISUZQ,0.5149700598802395,Likely to churn,0.5149700598802395,2026-08-19
2877-VDUER,0.09430604982206406,Unlikely to churn,0.905693950177936,2026-08-19
9152-AMKAK,0.016241299303944315,Unlikely to churn,0.9837587006960556,2026-08-19
1794-HBQTJ,1.0,Likely to churn,1.0,2026-08-19
9432-VOFYX,0.5050301810865191,Likely to churn,0.5050301810865191,2026-08-19
8049-WJCLQ,0.5149700598802395,Likely to churn,0.5149700598802395,2026-08-19
6586-PSJOX,0.09430604982206406,Unlikely to churn,0.905693950177936,2026-08-19
2460-FPSYH,0.5050301810865191,Likely to churn,0.5050301810865191,2026-08-19
9705-ZJBCG,0.09430604982206406,Unlikely to churn,0.905693950177936,2026-08-19
4818-DRBQT,0.5050301810865191,Likely to churn,0.5050301810865191,2026-08-19
1320-HTRDR,0.5149700598802395,Likely to churn,0.5149700598802395,2026-08-19
6847-KJLTS,0.35384615384615387,Unlikely to churn,0.6461538461538461,2026-08-19
9670-BPNXF,0.09430604982206406,Unlikely to churn,0.905693950177936,2026-08-19
3913-FCUUW,0.016241299303944315,Unlikely to churn,0.9837587006960556,2026-08-19
3301-VKTGC,0.09430604982206406,Unlikely to churn,0.905693950177936,2026-08-19
1493-AMTIE,1.0,Likely to churn,1.0,2026-08-19
9555-SAHUZ,0.5050301810865191,Likely to churn,0.5050301810865191,2026-08-19
0816-TSPHQ,1.0,Likely to churn,1.0,2026-08-19
9932-WBWIK,0.5149700598802395,Likely to churn,0.5149700598802395,2026-08-19
4619-EVPHY,0.09430604982206406,Unlikely to churn,0.905693950177936,2026-08-19
5286-YHCVC,0.10679611650485436,Unlikely to churn,0.8932038834951457,2026-08-19
6424-ELEYH,0.5149700598802395,Likely to churn,0.5149700598802395,2026-08-19
4391-RESHN,0.5050301810865191,Likely to churn,0.5050301810865191,2026-08-19
9115-YQHGA,0.5050301810865191,Likely to churn,0.5050301810865191,2026-08-19
4462-CYWMH,0.175,Unlikely to churn,0.825,2026-08-19
8963-MQVYN,0.5050301810865191,Likely to churn,0.5050301810865191,2026-08-19
2458-EOMRE,0.5149700598802395,Likely to churn,0.5149700598802395,2026-08-19
9334-GWGOW,0.5149700598802395,Likely to churn,0.5149700598802395,2026-08-19
6821-BUXUX,0.7213930348258707,Likely to churn,0.7213930348258707,2026-08-19
5028-HTLJB,1.0,Likely to churn,1.0,2026-08-19
9801-GDWGV,0.5050301810865191,Likely to churn,0.5050301810865191,2026-08-19
6542-LWGXJ,1.0,Likely to churn,1.0,2026-08-19
5567-GZKQY,0.016241299303944315,Unlikely to churn,0.9837587006960556,2026-08-19
1222-LRYKO,0.5149700598802395,Likely to churn,0.5149700598802395,2026-08-19
2320-JRSDE,1.0,Likely to churn,1.0,2026-08-19
2087-QAREY,0.5050301810865191,Likely to churn,0.5050301810865191,2026-08-19
0601-WZHJF,0.5050301810865191,Likely to churn,0.5050301810865191,2026-08-19
4423-JWZJN,0.09430604982206406,Unlikely to churn,0.905693950177936,2026-08-19
5143-WMWOG,1.0,Likely to churn,1.0,2026-08-19
6490-FGZAT,0.5149700598802395,Likely to churn,0.5149700598802395,2026-08-19
5393-RXQSZ,0.825,Likely to churn,0.825,2026-08-19
7452-FOLON,0.09430604982206406,Unlikely to churn,0.905693950177936,2026-08-19
2320-TZRRH,1.0,Likely to churn,1.0,2026-08-19
0231-LXVAP,0.825,Likely to churn,0.825,2026-08-19
9444-JTXHZ,0.825,Likely to churn,0.825,2026-08-19
4942-VZZOM,0.09430604982206406,Unlikely to churn,0.905693950177936,2026-08-19
5510-BOIUJ,1.0,Likely to churn,1.0,2026-08-19
7502-BNYGS,0.5050301810865191,Likely to churn,0.5050301810865191,2026-08-19
4291-HYEBC,0.09430604982206406,Unlikely to churn,0.905693950177936,2026-08-19
6147-CBCRA,0.5050301810865191,Likely to churn,0.5050301810865191,2026-08-19
6047-SUHPR,0.09430604982206406,Unlikely to churn,0.905693950177936,2026-08-19
4471-KXAUH,0.5050301810865191,Likely to churn,0.5050301810865191,2026-08-19
9752-ZNQUT,1.0,Likely to churn,1.0,2026-08-19
7638-QVMVY,0.7213930348258707,Likely to churn,0.7213930348258707,2026-08-19
1576-PFZIW,0.10679611650485436,Unlikely to churn,0.8932038834951457,2026-08-19
5666-MBJPT,0.016241299303944315,Unlikely to churn,0.9837587006960556,2026-08-19
7312-XSBAT,1.0,Likely to churn,1.0,2026-08-19
3096-GKWEB,0.5050301810865191,Likely to churn,0.5050301810865191,2026-08-19
2371-JQHZZ,0.5050301810865191,Likely to churn,0.5050301810865191,2026-08-19
0674-GCDXG,0.016241299303944315,Unlikely to churn,0.9837587006960556,2026-08-19
1121-QSIVB,0.09430604982206406,Unlikely to churn,0.905693950177936,2026-08-19
4396-KLSEH,1.0,Likely to churn,1.0,2026-08-19
3244-DCJWY,0.825,Likely to churn,0.825,2026-08-19
2824-MYYBN,0.5050301810865191,Likely to churn,0.5050301810865191,2026-08-19
0875-CABNR,0.7213930348258707,Likely to churn,0.7213930348258707,2026-08-19
6345-HOVES,0.5050301810865191,Likely to churn,0.5050301810865191,2026-08-19
8318-LCNBW,0.09430604982206406,Unlikely to churn,0.905693950177936,2026-08-19
6469-QJKZW,1.0,Likely to churn,1.0,2026-08-19
0147-ESWWR,0.5050301810865191,Likely to churn,0.5050301810865191,2026-08-19
1217-VASWC,0.057692307692307696,Unlikely to churn,0.9423076923076923,2026-08-19
7812-FZHPE,0.5050301810865191,Likely to churn,0.5050301810865191,2026-08-19
6370-ZVHDV,0.016241299303944315,Unlikely to churn,0.9837587006960556,2026-08-19
5915-DGNVC,0.09430604982206406,Unlikely to churn,0.905693950177936,2026-08-19
6260-XLACS,1.0,Likely to churn,1.0,2026-08-19
3566-CAAYU,0.016241299303944315,Unlikely to churn,0.9837587006960556,2026-08-19
4983-CCWMC,0.5149700598802395,Likely to churn,0.5149700598802395,2026-08-19
9103-CXVOK,1.0,Likely to churn,1.0,2026-08-19
2896-TBNBE,0.09430604982206406,Unlikely to churn,0.905693950177936,2026-08-19
4797-AXPXK,1.0,Likely to churn,1.0,2026-08-19
5229-PRWKT,0.7213930348258707,Likely to churn,0.7213930348258707,2026-08-19
6982-UQZLY,1.0,Likely to churn,1.0,2026-08-19
2522-WLNSF,0.09430604982206406,Unlikely to churn,0.905693950177936,2026-08-19
3841-CONLJ,1.0,Likely to churn,1.0,2026-08-19
5057-LCOUI,0.5050301810865191,Likely to churn,0.5050301810865191,2026-08-19
0193-ESZXP,0.057692307692307696,Unlikely to churn,0.9423076923076923,2026-08-19
4475-NVTLU,0.016241299303944315,Unlikely to churn,0.9837587006960556,2026-08-19
4369-HTUIF,0.7213930348258707,Likely to churn,0.7213930348258707,2026-08-19
9386-LDCZR,0.09430604982206406,Unlikely to churn,0.905693950177936,2026-08-19
9585-KKMFD,0.016241299303944315,Unlikely to churn,0.9837587006960556,2026-08-19
5399-ZIMKF,0.5149700598802395,Likely to churn,0.5149700598802395,2026-08-19
0336-KXKFK,0.016241299303944315,Unlikely to churn,0.9837587006960556,2026-08-19
5619-XZZKR,1.0,Likely to churn,1.0,2026-08-19
3948-FVVRP,0.5149700598802395,Likely to churn,0.5149700598802395,2026-08-19
5327-XOKKY,0.016241299303944315,Unlikely to churn,0.9837587006960556,2026-08-19
0983-TATYJ,0.09430604982206406,Unlikely to churn,0.905693950177936,2026-08-19
1813-JYWTO,0.016241299303944315,Unlikely to churn,0.9837587006960556,2026-08-19
0156-FVPTA,0.5050301810865191,Likely to churn,0.5050301810865191,2026-08-19
1984-FCOWB,0.057692307692307696,Unlikely to churn,0.9423076923076923,2026-08-19
0654-HMSHN,0.5050301810865191,Likely to churn,0.5050301810865191,2026-08-19
6719-OXYBR,0.5050301810865191,Likely to churn,0.5050301810865191,2026-08-19
3312-ZWLGF,0.5050301810865191,Likely to churn,0.5050301810865191,2026-08-19
6476-YHMGA,0.5050301810865191,Likely to churn,0.5050301810865191,2026-08-19
5287-QWLKY,0.35384615384615387,Unlikely to churn,0.6461538461538461,2026-08-19
0795-XCCTE,0.016241299303944315,Unlikely to churn,0.9837587006960556,2026-08-19
0168-XZKBB,0.5050301810865191,Likely to churn,0.5050301810865191,2026-08-19
3785-NRHYR,1.0,Likely to churn,1.0,2026-08-19
5196-SGOAK,0.825,Likely to churn,0.825,2026-08-19
4537-DKTAL,1.0,Likely to churn,1.0,2026-08-19
7072-MBHEV,0.5149700598802395,Likely to churn,0.5149700598802395,2026-08-19
5602-BVFMK,1.0,Likely to churn,1.0,2026-08-19
6297-NOOPG,0.10679611650485436,Unlikely to churn,0.8932038834951457,2026-08-19
1891-UAWWU,0.5050301810865191,Likely to churn,0.5050301810865191,2026-08-19
8204-TIFGJ,0.5050301810865191,Likely to churn,0.5050301810865191,2026-08-19
8050-DVOJX,0.0,Unlikely to churn,1.0,2026-08-19
6108-OQZDQ,0.7213930348258707,Likely to churn,0.7213930348258707,2026-08-19
0363-QJVFX,0.5050301810865191,Likely to churn,0.5050301810865191,2026-08-19
8903-XEBGX,1.0,Likely to churn,1.0,2026-08-19
8169-SAEJD,0.016241299303944315,Unlikely to churn,0.9837587006960556,2026-08-19
9840-DVNDC,0.7213930348258707,Likely to churn,0.7213930348258707,2026-08-19
1089-XZWHH,0.016241299303944315,Unlikely to churn,0.9837587006960556,2026-08-19
2325-WINES,0.2857142857142857,Unlikely to churn,0.7142857142857143,2026-08-19
6064-ZATLR,0.016241299303944315,Unlikely to churn,0.9837587006960556,2026-08-19
3096-JRDSO,0.5050301810865191,Likely to churn,0.5050301810865191,2026-08-19
7824-PANSQ,0.175,Unlikely to churn,0.825,2026-08-19
8042-JVNFH,0.825,Likely to churn,0.825,2026-08-19
9648-BCHKM,0.016241299303944315,Unlikely to churn,0.9837587006960556,2026-08-19
2888-ADFAO,0.016241299303944315,Unlikely to churn,0.9837587006960556,2026-08-19
8707-HOEDG,0.10679611650485436,Unlikely to churn,0.8932038834951457,2026-08-19
3374-LXDEV,0.7213930348258707,Likely to churn,0.7213930348258707,2026-08-19
4072-IPYLT,0.5050301810865191,Likely to churn,0.5050301810865191,2026-08-19
7167-PCEYD,0.016241299303944315,Unlikely to churn,0.9837587006960556,2026-08-19
4936-YPJNK,0.5149700598802395,Likely to churn,0.5149700598802395,2026-08-19
1580-BMCMR,0.5050301810865191,Likely to churn,0.5050301810865191,2026-08-19
4817-KEQSP,0.016241299303944315,Unlikely to churn,0.9837587006960556,2026-08-19
6408-WHTEF,0.0,Unlikely to churn,1.0,2026-08-19
9251-AWQGT,0.016241299303944315,Unlikely to churn,0.9837587006960556,2026-08-19
8749-CLJXC,1.0,Likely to churn,1.0,2026-08-19
7989-VCQOH,0.5050301810865191,Likely to churn,0.5050301810865191,2026-08-19
5049-GLYVG,1.0,Likely to churn,1.0,2026-08-19
4199-QHJNM,0.10679611650485436,Unlikely to churn,0.8932038834951457,2026-08-19
8882-TLVRW,0.016241299303944315,Unlikely to churn,0.9837587006960556,2026-08-19
5883-GTGVD,0.5050301810865191,Likely to churn,0.5050301810865191,2026-08-19
5135-GRQJV,0.0,Unlikely to churn,1.0,2026-08-19
2384-OVPSA,0.016241299303944315,Unlikely to churn,0.9837587006960556,2026-08-19
1371-WEPDS,0.09430604982206406,Unlikely to churn,0.905693950177936,2026-08-19
3580-GICBM,0.016241299303944315,Unlikely to churn,0.9837587006960556,2026-08-19
4817-QRJSX,0.7213930348258707,Likely to churn,0.7213930348258707,2026-08-19
9730-DRTMJ,0.09430604982206406,Unlikely to churn,0.905693950177936,2026-08-19
4686-UXDML,0.5050301810865191,Likely to churn,0.5050301810865191,2026-08-19
3349-ANQNH,0.057692307692307696,Unlikely to churn,0.9423076923076923,2026-08-19
2398-YPMUR,0.5149700598802395,Likely to churn,0.5149700598802395,2026-08-19
0932-YIXYU,0.016241299303944315,Unlikely to churn,0.9837587006960556,2026-08-19
7480-SPLEF,0.016241299303944315,Unlikely to churn,0.9837587006960556,2026-08-19
7636-XUHWW,1.0,Likely to churn,1.0,2026-08-19
1431-CYWMH,0.5050301810865191,Likely to churn,0.5050301810865191,2026-08-19
5937-EORGB,0.5050301810865191,Likely to churn,0.5050301810865191,2026-08-19
6349-JDHQP,0.016241299303944315,Unlikely to churn,0.9837587006960556,2026-08-19
5539-HIVAK,0.5050301810865191,Likely to churn,0.5050301810865191,2026-08-19
5847-MXBEO,1.0,Likely to churn,1.0,2026-08-19
9985-MWVIX,0.825,Likely to churn,0.825,2026-08-19
4583-PARNH,0.5050301810865191,Likely to churn,0.5050301810865191,2026-08-19
1116-FRYVH,0.016241299303944315,Unlikely to churn,0.9837587006960556,2026-08-19
1421-HCERK,0.5050301810865191,Likely to churn,0.5050301810865191,2026-08-19
9633-XQABV,0.5149700598802395,Likely to churn,0.5149700598802395,2026-08-19
0716-BQNDX,0.0,Unlikely to churn,1.0,2026-08-19
1265-XTECC,0.057692307692307696,Unlikely to churn,0.9423076923076923,2026-08-19
1183-CANVH,0.09430604982206406,Unlikely to churn,0.905693950177936,2026-08-19
1972-XMUWV,0.016241299303944315,Unlikely to churn,0.9837587006960556,2026-08-19
8679-LZBMD,0.09430604982206406,Unlikely to churn,0.905693950177936,2026-08-19
3407-JMJQQ,0.10679611650485436,Unlikely to churn,0.8932038834951457,2026-08-19
6252-DFGTK,0.09430604982206406,Unlikely to churn,0.905693950177936,2026-08-19
1539-LNKHM,0.5149700598802395,Likely to churn,0.5149700598802395,2026-08-19
8645-KOMJQ,0.0,Unlikely to churn,1.0,2026-08-19
0289-IVARM,0.5050301810865191,Likely to churn,0.5050301810865191,2026-08-19
9761-XUJWD,0.5149700598802395,Likely to churn,0.5149700598802395,2026-08-19
4057-FKCZK,0.0,Unlikely to churn,1.0,2026-08-19
4291-TPNFG,0.0,Unlikely to churn,1.0,2026-08-19
6087-YPWHO,0.016241299303944315,Unlikely to churn,0.9837587006960556,2026-08-19
3090-QFUVD,1.0,Likely to churn,1.0,2026-08-19
2237-ZFSMY,0.2857142857142857,Unlikely to churn,0.7142857142857143,2026-08-19
1722-LDZJS,1.0,Likely to churn,1.0,2026-08-19
1818-ESQMW,0.5050301810865191,Likely to churn,0.5050301810865191,2026-08-19
4871-JTKJF,1.0,Likely to churn,1.0,2026-08-19
1415-YFWLT,0.825,Likely to churn,0.825,2026-08-19
7401-RUBNK,0.5050301810865191,Likely to churn,0.5050301810865191,2026-08-19
0506-YLVKJ,0.016241299303944315,Unlikely to churn,0.9837587006960556,2026-08-19
8661-BOYNW,0.0,Unlikely to churn,1.0,2026-08-19
6711-VTNRE,0.5050301810865191,Likely to churn,0.5050301810865191,2026-08-19
4815-GBTCD,1.0,Likely to churn,1.0,2026-08-19
2805-AUFQN,0.016241299303944315,Unlikely to churn,0.9837587006960556,2026-08-19
0980-PVMRC,0.5050301810865191,Likely to churn,0.5050301810865191,2026-08-19
7233-DRTRF,0.35384615384615387,Unlikely to churn,0.6461538461538461,2026-08-19
3500-RMZLT,0.5050301810865191,Likely to churn,0.5050301810865191,2026-08-19
3873-NFTGI,0.5050301810865191,Likely to churn,0.5050301810865191,2026-08-19
1162-ECVII,0.0,Unlikely to churn,1.0,2026-08-19
7048-GXDAY,0.5050301810865191,Likely to churn,0.5050301810865191,2026-08-19
8571-ZCMCX,0.016241299303944315,Unlikely to churn,0.9837587006960556,2026-08-19
1169-WCVAK,0.5050301810865191,Likely to churn,0.5050301810865191,2026-08-19
4548-SDBKE,0.7213930348258707,Likely to churn,0.7213930348258707,2026-08-19
8066-POXGX,0.5149700598802395,Likely to churn,0.5149700598802395,2026-08-19
7129-CAKJW,0.5050301810865191,Likely to churn,0.5050301810865191,2026-08-19
8695-ARGXZ,0.5050301810865191,Likely to churn,0.5050301810865191,2026-08-19
3570-YUEKJ,0.5050301810865191,Likely to churn,0.5050301810865191,2026-08-19
4143-OOBWZ,0.7213930348258707,Likely to churn,0.7213930348258707,2026-08-19
1555-HAPSU,0.016241299303944315,Unlikely to churn,0.9837587006960556,2026-08-19
1697-NVVGY,0.5050301810865191,Likely to churn,0.5050301810865191,2026-08-19
7854-EKTJL,1.0,Likely to churn,1.0,2026-08-19
8464-EETCQ,0.016241299303944315,Unlikely to churn,0.9837587006960556,2026-08-19
2419-FSORS,0.0,Unlikely to churn,1.0,2026-08-19
8132-YPVBX,0.7213930348258707,Likely to churn,0.7213930348258707,2026-08-19
9102-IAYHT,0.5050301810865191,Likely to churn,0.5050301810865191,2026-08-19
6754-LZUKA,0.0,Unlikely to churn,1.0,2026-08-19
3422-LYEPQ,0.825,Likely to churn,0.825,2026-08-19
8099-MZPUJ,0.10679611650485436,Unlikely to churn,0.8932038834951457,2026-08-19
0787-LHDYT,0.5050301810865191,Likely to churn,0.5050301810865191,2026-08-19
2642-DTVCO,0.7213930348258707,Likely to churn,0.7213930348258707,2026-08-19
0374-IOEGQ,0.5149700598802395,Likely to churn,0.5149700598802395,2026-08-19
4361-JEIVL,1.0,Likely to churn,1.0,2026-08-19
3197-NNYNB,0.10679611650485436,Unlikely to churn,0.8932038834951457,2026-08-19
3396-DKDEL,0.0,Unlikely to churn,1.0,2026-08-19
1752-OZXFY,0.09430604982206406,Unlikely to churn,0.905693950177936,2026-08-19
9066-QRSDU,0.09430604982206406,Unlikely to churn,0.905693950177936,2026-08-19
9112-WSNPU,0.5050301810865191,Likely to churn,0.5050301810865191,2026-08-19
9867-NNXLC,0.5050301810865191,Likely to churn,0.5050301810865191,2026-08-19
5321-NTRKC,0.016241299303944315,Unlikely to churn,0.9837587006960556,2026-08-19
1363-TXLSL,0.825,Likely to churn,0.825,2026-08-19
9507-EXLTT,0.825,Likely to churn,0.825,2026-08-19
3161-GETRM,0.5050301810865191,Likely to churn,0.5050301810865191,2026-08-19
0402-OAMEN,0.016241299303944315,Unlikely to churn,0.9837587006960556,2026-08-19
6933-VLYFX,0.09430604982206406,Unlikely to churn,0.905693950177936,2026-08-19
6754-WKSHP,0.09430604982206406,Unlikely to churn,0.905693950177936,2026-08-19
9846-GKXAS,0.7213930348258707,Likely to churn,0.7213930348258707,2026-08-19
6017-PPLPX,0.5050301810865191,Likely to churn,0.5050301810865191,2026-08-19
4976-LNFVV,0.5050301810865191,Likely to churn,0.5050301810865191,2026-08-19
5055-MGMGF,0.35384615384615387,Unlikely to churn,0.6461538461538461,2026-08-19
4641-FROLU,0.016241299303944315,Unlikely to churn,0.9837587006960556,2026-08-19
2862-JVEOY,1.0,Likely to churn,1.0,2026-08-19
2969-QWUBZ,1.0,Likely to churn,1.0,2026-08-19
9822-BIIGN,0.5050301810865191,Likely to churn,0.5050301810865191,2026-08-19
2077-MPJQO,0.5149700598802395,Likely to churn,0.5149700598802395,2026-08-19
1534-OULXE,0.09430604982206406,Unlikely to churn,0.905693950177936,2026-08-19
7136-RVDTZ,0.09430604982206406,Unlikely to churn,0.905693950177936,2026-08-19
2971-SGAFL,0.7213930348258707,Likely to churn,0.7213930348258707,2026-08-19
1480-IVEVR,0.09430604982206406,Unlikely to churn,0.905693950177936,2026-08-19
2905-KFQUV,0.5149700598802395,Likely to churn,0.5149700598802395,2026-08-19
4581-SSPWD,0.5149700598802395,Likely to churn,0.5149700598802395,2026-08-19
3370-HXOPH,0.5149700598802395,Likely to churn,0.5149700598802395,2026-08-19
9391-YZEJW,0.057692307692307696,Unlikely to churn,0.9423076923076923,2026-08-19
9958-MEKUC,0.10679611650485436,Unlikely to churn,0.8932038834951457,2026-08-19
0281-CNTZX,0.016241299303944315,Unlikely to churn,0.9837587006960556,2026-08-19
6927-WTFIV,0.5050301810865191,Likely to churn,0.5050301810865191,2026-08-19
4118-CEVPF,0.057692307692307696,Unlikely to churn,0.9423076923076923,2026-08-19
3398-ZOUAA,0.5050301810865191,Likely to churn,0.5050301810865191,2026-08-19
9114-VEPUF,0.057692307692307696,Unlikely to churn,0.9423076923076923,2026-08-19
7876-BEUTG,0.5050301810865191,Likely to churn,0.5050301810865191,2026-08-19
2338-BQEZT,0.175,Unlikely to churn,0.825,2026-08-19
9873-MNDKV,0.5149700598802395,Likely to churn,0.5149700598802395,2026-08-19
0378-NHQXU,0.5050301810865191,Likely to churn,0.5050301810865191,2026-08-19
8241-JUIQO,1.0,Likely to churn,1.0,2026-08-19
2194-IIQOF,0.0,Unlikely to churn,1.0,2026-08-19
4512-ZUIYL,0.5149700598802395,Likely to churn,0.5149700598802395,2026-08-19
9631-RXVJM,0.016241299303944315,Unlikely to churn,0.9837587006960556,2026-08-19
9584-EXCDZ,0.5050301810865191,Likely to churn,0.5050301810865191,2026-08-19
7969-AULMZ,0.5050301810865191,Likely to churn,0.5050301810865191,2026-08-19
5093-FEGLU,0.016241299303944315,Unlikely to churn,0.9837587006960556,2026-08-19
2621-UDNLU,1.0,Likely to churn,1.0,2026-08-19
7526-IVLYU,1.0,Likely to churn,1.0,2026-08-19
2428-HYUNX,0.016241299303944315,Unlikely to churn,0.9837587006960556,2026-08-19
9214-EKVXR,1.0,Likely to churn,1.0,2026-08-19
3410-MHHUM,0.057692307692307696,Unlikely to churn,0.9423076923076923,2026-08-19
0568-ONFPC,0.5149700598802395,Likely to churn,0.5149700598802395,2026-08-19
0733-VUNUW,0.5050301810865191,Likely to churn,0.5050301810865191,2026-08-19
4550-EVXNY,1.0,Likely to churn,1.0,2026-08-19
2122-YWVYA,0.5050301810865191,Likely to churn,0.5050301810865191,2026-08-19
2968-SSGAA,0.7213930348258707,Likely to churn,0.7213930348258707,2026-08-19
2296-DKZFP,0.016241299303944315,Unlikely to churn,0.9837587006960556,2026-08-19
4844-JJWUY,0.825,Likely to churn,0.825,2026-08-19
6777-TGHTM,0.057692307692307696,Unlikely to churn,0.9423076923076923,2026-08-19
8909-BOLNL,1.0,Likely to churn,1.0,2026-08-19
6603-YRDCJ,0.016241299303944315,Unlikely to churn,0.9837587006960556,2026-08-19
3538-WZPHD,1.0,Likely to churn,1.0,2026-08-19
3229-USWAR,0.09430604982206406,Unlikely to churn,0.905693950177936,2026-08-19
2138-VFAPZ,0.016241299303944315,Unlikely to churn,0.9837587006960556,2026-08-19
6131-JLWZM,0.5149700598802395,Likely to churn,0.5149700598802395,2026-08-19
4785-QRJHC,0.09430604982206406,Unlikely to churn,0.905693950177936,2026-08-19
0269-XFESX,0.09430604982206406,Unlikely to churn,0.905693950177936,2026-08-19
1709-EJDOX,0.016241299303944315,Unlikely to churn,0.9837587006960556,2026-08-19
4316-XCSLJ,0.5050301810865191,Likely to churn,0.5050301810865191,2026-08-19
8610-WFCJF,0.5050301810865191,Likely to churn,0.5050301810865191,2026-08-19
9693-XMUOB,0.175,Unlikely to churn,0.825,2026-08-19
0383-CLDDA,0.0,Unlikely to churn,1.0,2026-08-19
4905-JEFDW,0.09430604982206406,Unlikely to churn,0.905693950177936,2026-08-19
2709-UQGNP,0.5149700598802395,Likely to churn,0.5149700598802395,2026-08-19
3549-ZTMNH,0.016241299303944315,Unlikely to churn,0.9837587006960556,2026-08-19
7881-INRLC,0.5050301810865191,Likely to churn,0.5050301810865191,2026-08-19
8033-ATFAS,0.5050301810865191,Likely to churn,0.5050301810865191,2026-08-19
1635-NZATJ,0.016241299303944315,Unlikely to churn,0.9837587006960556,2026-08-19
0562-HKHML,0.016241299303944315,Unlikely to churn,0.9837587006960556,2026-08-19
8277-RVRSV,1.0,Likely to churn,1.0,2026-08-19
9943-VSZUV,0.175,Unlikely to churn,0.825,2026-08-19
0117-LFRMW,0.5050301810865191,Likely to churn,0.5050301810865191,2026-08-19
6172-FECYY,0.5050301810865191,Likely to churn,0.5050301810865191,2026-08-19
7054-ENNGU,0.5149700598802395,Likely to churn,0.5149700598802395,2026-08-19
1455-HFBXA,0.0,Unlikely to churn,1.0,2026-08-19
9402-CXWPL,0.057692307692307696,Unlikely to churn,0.9423076923076923,2026-08-19
1628-BIZYP,0.825,Likely to churn,0.825,2026-08-19
1965-AKTSX,0.5050301810865191,Likely to churn,0.5050301810865191,2026-08-19
0082-LDZUE,1.0,Likely to churn,1.0,2026-08-19
4786-UKSNZ,1.0,Likely to churn,1.0,2026-08-19
5343-SGUBI,0.09430604982206406,Unlikely to churn,0.905693950177936,2026-08-19
0856-NAOES,0.5149700598802395,Likely to churn,0.5149700598802395,2026-08-19
1976-AZZPJ,0.5149700598802395,Likely to churn,0.5149700598802395,2026-08-19
7248-VZQLC,0.5050301810865191,Likely to churn,0.5050301810865191,2026-08-19
6156-UZDLF,0.09430604982206406,Unlikely to churn,0.905693950177936,2026-08-19
3099-OONVS,0.5050301810865191,Likely to churn,0.5050301810865191,2026-08-19
9500-WBGRP,0.016241299303944315,Unlikely to churn,0.9837587006960556,2026-08-19
5183-KLYEM,0.0,Unlikely to churn,1.0,2026-08-19
5144-PQCDZ,1.0,Likely to churn,1.0,2026-08-19
8514-VZHEB,0.016241299303944315,Unlikely to churn,0.9837587006960556,2026-08-19
6625-IUTTT,0.016241299303944315,Unlikely to churn,0.9837587006960556,2026-08-19
9355-NPPFS,0.5050301810865191,Likely to churn,0.5050301810865191,2026-08-19
0068-FIGTF,0.09430604982206406,Unlikely to churn,0.905693950177936,2026-08-19
5965-GGPRW,0.10679611650485436,Unlikely to churn,0.8932038834951457,2026-08-19
8035-PWSEV,0.7213930348258707,Likely to churn,0.7213930348258707,2026-08-19
2236-HILPA,0.016241299303944315,Unlikely to churn,0.9837587006960556,2026-08-19
1840-BIUOG,0.09430604982206406,Unlikely to churn,0.905693950177936,2026-08-19
1356-MKYSK,0.7213930348258707,Likely to churn,0.7213930348258707,2026-08-19
6080-LNESI,0.016241299303944315,Unlikely to churn,0.9837587006960556,2026-08-19
1830-IPXVJ,0.016241299303944315,Unlikely to churn,0.9837587006960556,2026-08-19
5828-DWPIL,0.175,Unlikely to churn,0.825,2026-08-19
8398-TBIYD,0.0,Unlikely to churn,1.0,2026-08-19
0011-IGKFF,0.7213930348258707,Likely to churn,0.7213930348258707,2026-08-19
4192-GORJT,0.7213930348258707,Likely to churn,0.7213930348258707,2026-08-19
6496-SLWHQ,0.7213930348258707,Likely to churn,0.7213930348258707,2026-08-19
9912-GVSEQ,0.5050301810865191,Likely to churn,0.5050301810865191,2026-08-19
2931-FSOHN,0.5149700598802395,Likely to churn,0.5149700598802395,2026-08-19
9418-RUKPH,0.016241299303944315,Unlikely to churn,0.9837587006960556,2026-08-19
5383-MMTWC,0.7213930348258707,Likely to churn,0.7213930348258707,2026-08-19
9971-ZWPBF,0.5050301810865191,Likely to churn,0.5050301810865191,2026-08-19
4712-AUQZO,0.5050301810865191,Likely to churn,0.5050301810865191,2026-08-19
9711-FJTBX,0.09430604982206406,Unlikely to churn,0.905693950177936,2026-08-19
2908-ZTPNF,0.5050301810865191,Likely to churn,0.5050301810865191,2026-08-19
7240-ETPTR,0.5149700598802395,Likely to churn,0.5149700598802395,2026-08-19
2202-CUYXZ,0.825,Likely to churn,0.825,2026-08-19
5995-OIGLP,0.5149700598802395,Likely to churn,0.5149700598802395,2026-08-19
8421-WZOOW,0.175,Unlikely to churn,0.825,2026-08-19
6261-RCVNS,0.09430604982206406,Unlikely to churn,0.905693950177936,2026-08-19
7951-QKZPL,0.016241299303944315,Unlikely to churn,0.9837587006960556,2026-08-19
1414-YADCW,0.0,Unlikely to churn,1.0,2026-08-19
8756-RDDLT,0.175,Unlikely to churn,0.825,2026-08-19
2862-PFNIK,1.0,Likely to churn,1.0,2026-08-19
5816-QVHRX,0.5050301810865191,Likely to churn,0.5050301810865191,2026-08-19
4430-YHXGG,1.0,Likely to churn,1.0,2026-08-19
6888-SBYAI,1.0,Likely to churn,1.0,2026-08-19
7395-XWZOY,0.5050301810865191,Likely to churn,0.5050301810865191,2026-08-19
7169-YWAMK,0.016241299303944315,Unlikely to churn,0.9837587006960556,2026-08-19
3640-PHQXK,0.5050301810865191,Likely to churn,0.5050301810865191,2026-08-19
6877-LGWXO,0.5050301810865191,Likely to churn,0.5050301810865191,2026-08-19
6859-RKMZJ,0.5149700598802395,Likely to churn,0.5149700598802395,2026-08-19
2729-VNVAP,0.016241299303944315,Unlikely to churn,0.9837587006960556,2026-08-19
2957-JIRMN,0.09430604982206406,Unlikely to churn,0.905693950177936,2026-08-19
2049-BAFNW,1.0,Likely to churn,1.0,2026-08-19
3842-QTGDL,0.5050301810865191,Likely to churn,0.5050301810865191,2026-08-19
7163-OCEQI,0.09430604982206406,Unlikely to churn,0.905693950177936,2026-08-19
9782-LGXMC,0.5050301810865191,Likely to churn,0.5050301810865191,2026-08-19
5975-BAICR,0.09430604982206406,Unlikely to churn,0.905693950177936,2026-08-19
8019-ENHXU,0.5050301810865191,Likely to churn,0.5050301810865191,2026-08-19
5167-GBFRE,1.0,Likely to churn,1.0,2026-08-19
9033-EOXWV,0.09430604982206406,Unlikely to churn,0.905693950177936,2026-08-19
4673-KKSLS,0.5050301810865191,Likely to churn,0.5050301810865191,2026-08-19
4853-OITSN,0.7213930348258707,Likely to churn,0.7213930348258707,2026-08-19
9800-OUIGR,0.016241299303944315,Unlikely to churn,0.9837587006960556,2026-08-19
1324-NLTJE,0.5050301810865191,Likely to churn,0.5050301810865191,2026-08-19
2324-EFHVG,0.10679611650485436,Unlikely to churn,0.8932038834951457,2026-08-19
7094-MSZAO,0.5149700598802395,Likely to churn,0.5149700598802395,2026-08-19
1522-VVDMG,0.7213930348258707,Likely to churn,0.7213930348258707,2026-08-19
6907-CQGPN,0.5050301810865191,Likely to churn,0.5050301810865191,2026-08-19
0780-XNZFN,0.016241299303944315,Unlikely to churn,0.9837587006960556,2026-08-19
0239-OXEXL,0.5050301810865191,Likely to churn,0.5050301810865191,2026-08-19
2675-IJRGJ,0.016241299303944315,Unlikely to churn,0.9837587006960556,2026-08-19
7049-GKVZY,0.09430604982206406,Unlikely to churn,0.905693950177936,2026-08-19
8577-QSOCG,0.016241299303944315,Unlikely to churn,0.9837587006960556,2026-08-19
3721-CNZHX,1.0,Likely to churn,1.0,2026-08-19
0212-ISBBF,0.5050301810865191,Likely to churn,0.5050301810865191,2026-08-19
9185-TQCVP,0.5050301810865191,Likely to churn,0.5050301810865191,2026-08-19
3585-YNADK,0.09430604982206406,Unlikely to churn,0.905693950177936,2026-08-19
5271-DBYSJ,0.7213930348258707,Likely to churn,0.7213930348258707,2026-08-19
1099-GODLO,0.016241299303944315,Unlikely to churn,0.9837587006960556,2026-08-19
6828-HMKWP,0.016241299303944315,Unlikely to churn,0.9837587006960556,2026-08-19
5567-WSELE,0.7213930348258707,Likely to churn,0.7213930348258707,2026-08-19
1472-TNCWL,0.5050301810865191,Likely to churn,0.5050301810865191,2026-08-19
8063-RJYNF,0.5050301810865191,Likely to churn,0.5050301810865191,2026-08-19
0687-ZVTHB,0.09430604982206406,Unlikely to churn,0.905693950177936,2026-08-19
2080-GKCWQ,0.5149700598802395,Likely to churn,0.5149700598802395,2026-08-19
9661-ACXBS,0.5050301810865191,Likely to churn,0.5050301810865191,2026-08-19
2193-SFWQW,0.0,Unlikely to churn,1.0,2026-08-19
5656-JAMLX,0.016241299303944315,Unlikely to churn,0.9837587006960556,2026-08-19
3462-BJQQA,0.7213930348258707,Likely to churn,0.7213930348258707,2026-08-19
0442-TDYUO,0.016241299303944315,Unlikely to churn,0.9837587006960556,2026-08-19
6733-LRIZX,0.10679611650485436,Unlikely to churn,0.8932038834951457,2026-08-19
9503-XJUME,1.0,Likely to churn,1.0,2026-08-19
4367-NHWMM,1.0,Likely to churn,1.0,2026-08-19
3727-RJMEO,0.7213930348258707,Likely to churn,0.7213930348258707,2026-08-19
3779-OSWCF,0.0,Unlikely to churn,1.0,2026-08-19
6736-DHUQI,0.09430604982206406,Unlikely to churn,0.905693950177936,2026-08-19
3915-ODIYG,0.09430604982206406,Unlikely to churn,0.905693950177936,2026-08-19
1360-RCYRT,0.5050301810865191,Likely to churn,0.5050301810865191,2026-08-19
2724-FJDYW,0.09430604982206406,Unlikely to churn,0.905693950177936,2026-08-19
4451-RWASJ,1.0,Likely to churn,1.0,2026-08-19
6646-VRFOL,0.5050301810865191,Likely to churn,0.5050301810865191,2026-08-19
3460-TJBWI,0.016241299303944315,Unlikely to churn,0.9837587006960556,2026-08-19
5917-HBSDW,0.5050301810865191,Likely to churn,0.5050301810865191,2026-08-19
5685-IIXLY,0.7213930348258707,Likely to churn,0.7213930348258707,2026-08-19
5671-UUNXD,0.057692307692307696,Unlikely to churn,0.9423076923076923,2026-08-19
0956-ACVZC,0.057692307692307696,Unlikely to churn,0.9423076923076923,2026-08-19
2325-NBPZG,0.5149700598802395,Likely to churn,0.5149700598802395,2026-08-19
4250-ZBWLV,0.057692307692307696,Unlikely to churn,0.9423076923076923,2026-08-19
4482-FTFFX,0.5149700598802395,Likely to churn,0.5149700598802395,2026-08-19
8859-DZTGQ,0.016241299303944315,Unlikely to churn,0.9837587006960556,2026-08-19
0440-MOGPM,0.09430604982206406,Unlikely to churn,0.905693950177936,2026-08-19
0020-JDNXP,0.09430604982206406,Unlikely to churn,0.905693950177936,2026-08-19
3752-CQSJI,0.5149700598802395,Likely to churn,0.5149700598802395,2026-08-19
5025-GOOKI,0.5050301810865191,Likely to churn,0.5050301810865191,2026-08-19
4698-KVLLG,0.016241299303944315,Unlikely to churn,0.9837587006960556,2026-08-19
5095-AESKG,0.7213930348258707,Likely to churn,0.7213930348258707,2026-08-19
2887-JPYLU,0.5050301810865191,Likely to churn,0.5050301810865191,2026-08-19
4770-QAZXN,0.5149700598802395,Likely to churn,0.5149700598802395,2026-08-19
4896-CPRPF,0.016241299303944315,Unlikely to churn,0.9837587006960556,2026-08-19
1871-MOWRM,0.7213930348258707,Likely to churn,0.7213930348258707,2026-08-19
9714-EDSUC,0.7213930348258707,Likely to churn,0.7213930348258707,2026-08-19
2027-OAQQC,0.5050301810865191,Likely to churn,0.5050301810865191,2026-08-19
0282-NVSJS,0.5149700598802395,Likely to churn,0.5149700598802395,2026-08-19
9090-SGQXL,0.35384615384615387,Unlikely to churn,0.6461538461538461,2026-08-19
6595-YGXIT,0.5050301810865191,Likely to churn,0.5050301810865191,2026-08-19
7353-YOWFP,1.0,Likely to churn,1.0,2026-08-19
9835-ZIITK,0.057692307692307696,Unlikely to churn,0.9423076923076923,2026-08-19
8008-ESFLK,0.057692307692307696,Unlikely to churn,0.9423076923076923,2026-08-19
7537-CBQUZ,0.35384615384615387,Unlikely to churn,0.6461538461538461,2026-08-19
1555-DJEQW,0.0,Unlikely to churn,1.0,2026-08-19
5649-TJHOV,0.5050301810865191,Likely to churn,0.5050301810865191,2026-08-19
0519-XUZJU,0.825,Likely to churn,0.825,2026-08-19
3363-EWLGO,1.0,Likely to churn,1.0,2026-08-19
4750-UKWJK,1.0,Likely to churn,1.0,2026-08-19
6338-AVWCY,0.5149700598802395,Likely to churn,0.5149700598802395,2026-08-19
1689-YQBYY,0.5149700598802395,Likely to churn,0.5149700598802395,2026-08-19
4487-ZYJZK,1.0,Likely to churn,1.0,2026-08-19
2959-FENLU,0.7213930348258707,Likely to churn,0.7213930348258707,2026-08-19
0708-LGSMF,0.5149700598802395,Likely to churn,0.5149700598802395,2026-08-19
9253-QXKBE,0.5050301810865191,Likely to churn,0.5050301810865191,2026-08-19
7634-HLQJR,0.016241299303944315,Unlikely to churn,0.9837587006960556,2026-08-19
0487-RPVUM,0.175,Unlikely to churn,0.825,2026-08-19
4079-ULGFR,0.5050301810865191,Likely to churn,0.5050301810865191,2026-08-19
2516-XSJKX,0.016241299303944315,Unlikely to churn,0.9837587006960556,2026-08-19
0057-QBUQH,0.016241299303944315,Unlikely to churn,0.9837587006960556,2026-08-19
9445-SZLCH,0.5050301810865191,Likely to churn,0.5050301810865191,2026-08-19
6599-SFQVE,0.5149700598802395,Likely to churn,0.5149700598802395,2026-08-19
8331-ZXFOE,0.09430604982206406,Unlikely to churn,0.905693950177936,2026-08-19
4003-FUSHP,0.5050301810865191,Likely to churn,0.5050301810865191,2026-08-19
0356-ERHVT,0.5149700598802395,Likely to churn,0.5149700598802395,2026-08-19
7325-ENZFI,0.09430604982206406,Unlikely to churn,0.905693950177936,2026-08-19
4884-ZTHVF,0.7213930348258707,Likely to churn,0.7213930348258707,2026-08-19
3920-HIHMQ,0.5050301810865191,Likely to churn,0.5050301810865191,2026-08-19
3055-OYMSE,0.5050301810865191,Likely to churn,0.5050301810865191,2026-08-19
0613-WUXUM,0.016241299303944315,Unlikely to churn,0.9837587006960556,2026-08-19
7568-PODML,1.0,Likely to churn,1.0,2026-08-19
4458-KVRBJ,0.016241299303944315,Unlikely to churn,0.9837587006960556,2026-08-19
5349-IECLD,0.7213930348258707,Likely to churn,0.7213930348258707,2026-08-19
1397-XKKWR,0.09430604982206406,Unlikely to churn,0.905693950177936,2026-08-19
3945-GFWQL,0.5149700598802395,Likely to churn,0.5149700598802395,2026-08-19
8097-OMULG,0.09430604982206406,Unlikely to churn,0.905693950177936,2026-08-19
6013-BHCAW,0.0,Unlikely to churn,1.0,2026-08-19
0401-WDBXM,0.10679611650485436,Unlikely to churn,0.8932038834951457,2026-08-19
3387-PLKUI,0.5149700598802395,Likely to churn,0.5149700598802395,2026-08-19
6096-EGVTU,0.09430604982206406,Unlikely to churn,0.905693950177936,2026-08-19
3797-VTIDR,1.0,Likely to churn,1.0,2026-08-19
5081-NWSUP,0.09430604982206406,Unlikely to churn,0.905693950177936,2026-08-19
2580-ATZSQ,0.09430604982206406,Unlikely to churn,0.905693950177936,2026-08-19
8085-MSNLK,0.10679611650485436,Unlikely to churn,0.8932038834951457,2026-08-19
9691-HKOVS,0.09430604982206406,Unlikely to churn,0.905693950177936,2026-08-19
9881-VCZEP,0.5050301810865191,Likely to churn,0.5050301810865191,2026-08-19
9526-BIHHD,1.0,Likely to churn,1.0,2026-08-19
8757-TFHHJ,1.0,Likely to churn,1.0,2026-08-19
4523-WXCEF,0.35384615384615387,Unlikely to churn,0.6461538461538461,2026-08-19
1468-DEFNC,0.016241299303944315,Unlikely to churn,0.9837587006960556,2026-08-19
5119-KEPFY,0.5050301810865191,Likely to churn,0.5050301810865191,2026-08-19
8364-TRMMK,0.5149700598802395,Likely to churn,0.5149700598802395,2026-08-19
0916-KNFAJ,0.016241299303944315,Unlikely to churn,0.9837587006960556,2026-08-19
8319-QBEHW,0.09430604982206406,Unlikely to churn,0.905693950177936,2026-08-19
3063-QFSZL,1.0,Likely to churn,1.0,2026-08-19
8775-LHDJH,0.825,Likely to churn,0.825,2026-08-19
9625-QNLUX,0.10679611650485436,Unlikely to churn,0.8932038834951457,2026-08-19
3097-NQYSN,0.7213930348258707,Likely to churn,0.7213930348258707,2026-08-19
4024-CSNBY,0.10679611650485436,Unlikely to churn,0.8932038834951457,2026-08-19
7110-BDTWG,0.016241299303944315,Unlikely to churn,0.9837587006960556,2026-08-19
7493-GVFIO,0.016241299303944315,Unlikely to churn,0.9837587006960556,2026-08-19
0690-SRQID,1.0,Likely to churn,1.0,2026-08-19
9605-WGJVW,0.825,Likely to churn,0.825,2026-08-19
9114-DPSIA,0.0,Unlikely to churn,1.0,2026-08-19
4700-UBQMV,0.09430604982206406,Unlikely to churn,0.905693950177936,2026-08-19
7711-GQBZC,0.016241299303944315,Unlikely to churn,0.9837587006960556,2026-08-19
3565-UNOCC,0.5050301810865191,Likely to churn,0.5050301810865191,2026-08-19
4627-MIHJH,0.10679611650485436,Unlikely to churn,0.8932038834951457,2026-08-19
9795-NREXC,0.0,Unlikely to churn,1.0,2026-08-19
8573-CGOCC,0.5050301810865191,Likely to churn,0.5050301810865191,2026-08-19
7356-AYNJP,1.0,Likely to churn,1.0,2026-08-19
9249-FXSCK,0.057692307692307696,Unlikely to churn,0.9423076923076923,2026-08-19
5493-SDRDQ,1.0,Likely to churn,1.0,2026-08-19
6286-SUUWT,1.0,Likely to churn,1.0,2026-08-19
4819-HJPIW,0.5050301810865191,Likely to churn,0.5050301810865191,2026-08-19
8654-DHAOW,1.0,Likely to churn,1.0,2026-08-19
5438-QMDDL,0.5050301810865191,Likely to churn,0.5050301810865191,2026-08-19
9812-GHVRI,0.5050301810865191,Likely to churn,0.5050301810865191,2026-08-19
5553-AOINX,0.057692307692307696,Unlikely to churn,0.9423076923076923,2026-08-19
1228-ZLNBX,0.5050301810865191,Likely to churn,0.5050301810865191,2026-08-19
4226-KKDON,0.5149700598802395,Likely to churn,0.5149700598802395,2026-08-19
3831-YCPUO,0.0,Unlikely to churn,1.0,2026-08-19
7445-WMRBW,0.09430604982206406,Unlikely to churn,0.905693950177936,2026-08-19
3308-DGHKL,0.016241299303944315,Unlikely to churn,0.9837587006960556,2026-08-19
9924-JPRMC,0.0,Unlikely to churn,1.0,2026-08-19
0080-EMYVY,0.09430604982206406,Unlikely to churn,0.905693950177936,2026-08-19
6218-KNUBD,0.5149700598802395,Likely to churn,0.5149700598802395,2026-08-19
7337-CINUD,0.016241299303944315,Unlikely to churn,0.9837587006960556,2026-08-19
7609-NRNCA,1.0,Likely to churn,1.0,2026-08-19
0623-EJQEG,0.09430604982206406,Unlikely to churn,0.905693950177936,2026-08-19
7153-CHRBV,0.09430604982206406,Unlikely to churn,0.905693950177936,2026-08-19
0871-URUWO,0.7213930348258707,Likely to churn,0.7213930348258707,2026-08-19
9190-MFJLN,0.5050301810865191,Likely to churn,0.5050301810865191,2026-08-19
6198-PNNSZ,0.057692307692307696,Unlikely to churn,0.9423076923076923,2026-08-19
3317-VLGQT,0.5050301810865191,Likely to churn,0.5050301810865191,2026-08-19
4132-POCZS,0.5050301810865191,Likely to churn,0.5050301810865191,2026-08-19
5614-DNZCE,0.016241299303944315,Unlikely to churn,0.9837587006960556,2026-08-19
1095-JUDTC,0.5050301810865191,Likely to churn,0.5050301810865191,2026-08-19
3896-RCYYE,0.175,Unlikely to churn,0.825,2026-08-19
9638-JIQYA,1.0,Likely to churn,1.0,2026-08-19
3258-SANFR,0.5149700598802395,Likely to churn,0.5149700598802395,2026-08-19
3726-TBHQT,0.0,Unlikely to churn,1.0,2026-08-19
3190-ITQXP,0.016241299303944315,Unlikely to churn,0.9837587006960556,2026-08-19
0870-VEMYL,0.5149700598802395,Likely to churn,0.5149700598802395,2026-08-19
4833-QTJNO,0.175,Unlikely to churn,0.825,2026-08-19
3039-MJSLN,1.0,Likely to churn,1.0,2026-08-19
0178-CIIKR,1.0,Likely to churn,1.0,2026-08-19
5385-SUIRI,0.5050301810865191,Likely to churn,0.5050301810865191,2026-08-19
3982-XWFZQ,0.5050301810865191,Likely to churn,0.5050301810865191,2026-08-19
5774-QPLTF,1.0,Likely to churn,1.0,2026-08-19
2322-VCZHZ,0.5050301810865191,Likely to churn,0.5050301810865191,2026-08-19
5010-IPEAQ,0.016241299303944315,Unlikely to churn,0.9837587006960556,2026-08-19
4009-ALQFH,0.5050301810865191,Likely to churn,0.5050301810865191,2026-08-19
6383-ZTSIW,0.057692307692307696,Unlikely to churn,0.9423076923076923,2026-08-19
8990-YOZLV,0.016241299303944315,Unlikely to churn,0.9837587006960556,2026-08-19
3069-SSVSN,0.09430604982206406,Unlikely to churn,0.905693950177936,2026-08-19
5222-IMUKT,0.5050301810865191,Likely to churn,0.5050301810865191,2026-08-19
3627-FCRDW,0.5149700598802395,Likely to churn,0.5149700598802395,2026-08-19
7562-GSUHK,0.5050301810865191,Likely to churn,0.5050301810865191,2026-08-19
6685-XSHHU,0.016241299303944315,Unlikely to churn,0.9837587006960556,2026-08-19
8901-UPRHR,0.0,Unlikely to churn,1.0,2026-08-19
4903-UYAVB,1.0,Likely to churn,1.0,2026-08-19
0118-JPNOY,0.5050301810865191,Likely to churn,0.5050301810865191,2026-08-19
6776-TLWOI,1.0,Likely to churn,1.0,2026-08-19
3845-FXCYS,1.0,Likely to churn,1.0,2026-08-19
5857-XRECV,1.0,Likely to churn,1.0,2026-08-19
0725-CXOTM,0.09430604982206406,Unlikely to churn,0.905693950177936,2026-08-19
4343-EJVQB,0.5149700598802395,Likely to churn,0.5149700598802395,2026-08-19
9000-PLFUZ,0.016241299303944315,Unlikely to churn,0.9837587006960556,2026-08-19
3427-GGZZI,0.5050301810865191,Likely to churn,0.5050301810865191,2026-08-19
7779-ORAEL,0.016241299303944315,Unlikely to churn,0.9837587006960556,2026-08-19
0644-OQMDK,0.5149700598802395,Likely to churn,0.5149700598802395,2026-08-19
4077-CROMM,0.5050301810865191,Likely to churn,0.5050301810865191,2026-08-19
3154-CFSZG,0.5050301810865191,Likely to churn,0.5050301810865191,2026-08-19
2868-MZAGQ,0.825,Likely to churn,0.825,2026-08-19
4847-QNOKA,1.0,Likely to churn,1.0,2026-08-19
2220-IAHLS,1.0,Likely to churn,1.0,2026-08-19
1658-XUHBX,0.175,Unlikely to churn,0.825,2026-08-19
6379-RXJRQ,0.5149700598802395,Likely to churn,0.5149700598802395,2026-08-19
2378-HTWFW,0.5050301810865191,Likely to churn,0.5050301810865191,2026-08-19
8650-RHRKE,1.0,Likely to churn,1.0,2026-08-19
4377-VDHYI,0.09430604982206406,Unlikely to churn,0.905693950177936,2026-08-19
0475-RIJEP,0.5050301810865191,Likely to churn,0.5050301810865191,2026-08-19
1260-TTRXI,0.5149700598802395,Likely to churn,0.5149700598802395,2026-08-19
3719-TDVQB,0.016241299303944315,Unlikely to churn,0.9837587006960556,2026-08-19
6328-ZPBGN,0.7213930348258707,Likely to churn,0.7213930348258707,2026-08-19
0201-MIBOL,0.10679611650485436,Unlikely to churn,0.8932038834951457,2026-08-19
4937-QPZPO,0.057692307692307696,Unlikely to churn,0.9423076923076923,2026-08-19
2925-VDZHY,0.0,Unlikely to churn,1.0,2026-08-19
6981-TDRFT,0.09430604982206406,Unlikely to churn,0.905693950177936,2026-08-19
3413-CSSTH,0.5050301810865191,Likely to churn,0.5050301810865191,2026-08-19
8033-VCZGH,0.057692307692307696,Unlikely to churn,0.9423076923076923,2026-08-19
4789-KWMXN,0.057692307692307696,Unlikely to churn,0.9423076923076923,2026-08-19
0224-NIJLP,0.016241299303944315,Unlikely to churn,0.9837587006960556,2026-08-19
7542-CYDDM,0.5050301810865191,Likely to churn,0.5050301810865191,2026-08-19
4718-WXBGI,0.0,Unlikely to churn,1.0,2026-08-19
2867-UIMSS,0.825,Likely to churn,0.825,2026-08-19
8495-PRWFH,0.5050301810865191,Likely to churn,0.5050301810865191,2026-08-19
0439-IFYUN,0.5050301810865191,Likely to churn,0.5050301810865191,2026-08-19
5716-LIBJC,0.2857142857142857,Unlikely to churn,0.7142857142857143,2026-08-19
2868-LLSKM,0.09430604982206406,Unlikely to churn,0.905693950177936,2026-08-19
8111-RKSPX,0.5149700598802395,Likely to churn,0.5149700598802395,2026-08-19
2988-QRAJY,0.10679611650485436,Unlikely to churn,0.8932038834951457,2026-08-19
1585-MQSSU,0.5050301810865191,Likely to churn,0.5050301810865191,2026-08-19
0071-NDAFP,0.016241299303944315,Unlikely to churn,0.9837587006960556,2026-08-19
2856-NNASM,0.5050301810865191,Likely to churn,0.5050301810865191,2026-08-19
7328-ZJAJO,0.016241299303944315,Unlikely to churn,0.9837587006960556,2026-08-19
6458-CYIDZ,0.7213930348258707,Likely to churn,0.7213930348258707,2026-08-19
8559-CIZFV,0.09430604982206406,Unlikely to churn,0.905693950177936,2026-08-19
1090-PYKCI,0.057692307692307696,Unlikely to churn,0.9423076923076923,2026-08-19
3058-WQDRE,0.5149700598802395,Likely to churn,0.5149700598802395,2026-08-19
7547-EKNFS,0.5050301810865191,Likely to churn,0.5050301810865191,2026-08-19
2279-AXJJK,0.5050301810865191,Likely to churn,0.5050301810865191,2026-08-19
6769-DYBQN,0.5050301810865191,Likely to churn,0.5050301810865191,2026-08-19
0909-SELIE,0.0,Unlikely to churn,1.0,2026-08-19
3417-TSCIC,0.09430604982206406,Unlikely to churn,0.905693950177936,2026-08-19
1042-HFUCW,0.09430604982206406,Unlikely to churn,0.905693950177936,2026-08-19
4439-JMPMT,0.7213930348258707,Likely to churn,0.7213930348258707,2026-08-19
6537-OTKMY,0.09430604982206406,Unlikely to churn,0.905693950177936,2026-08-19
8999-EXMNO,0.016241299303944315,Unlikely to churn,0.9837587006960556,2026-08-19
6725-TPKJO,0.016241299303944315,Unlikely to churn,0.9837587006960556,2026-08-19
2446-BEGGB,0.7213930348258707,Likely to churn,0.7213930348258707,2026-08-19
7162-WPHPM,0.016241299303944315,Unlikely to churn,0.9837587006960556,2026-08-19
1599-MMYRQ,0.09430604982206406,Unlikely to churn,0.905693950177936,2026-08-19
8821-KVZKQ,0.09430604982206406,Unlikely to churn,0.905693950177936,2026-08-19
1496-GGSUK,1.0,Likely to churn,1.0,2026-08-19
6434-TTGJP,0.016241299303944315,Unlikely to churn,0.9837587006960556,2026-08-19
0042-JVWOJ,1.0,Likely to churn,1.0,2026-08-19
0130-SXOUN,0.175,Unlikely to churn,0.825,2026-08-19
2575-GFSOE,0.5149700598802395,Likely to churn,0.5149700598802395,2026-08-19
2330-PQGDQ,0.09430604982206406,Unlikely to churn,0.905693950177936,2026-08-19
1452-UZOSF,0.10679611650485436,Unlikely to churn,0.8932038834951457,2026-08-19
2097-YVPKN,0.016241299303944315,Unlikely to churn,0.9837587006960556,2026-08-19
2842-JTCCU,1.0,Likely to churn,1.0,2026-08-19
8597-CTXVJ,0.09430604982206406,Unlikely to churn,0.905693950177936,2026-08-19
6631-HMANX,0.0,Unlikely to churn,1.0,2026-08-19
9962-BFPDU,1.0,Likely to churn,1.0,2026-08-19
3296-SILRA,0.825,Likely to churn,0.825,2026-08-19
9681-OXGVC,0.7213930348258707,Likely to churn,0.7213930348258707,2026-08-19
6394-HHHZM,1.0,Likely to churn,1.0,2026-08-19
5995-LFTLE,0.016241299303944315,Unlikely to churn,0.9837587006960556,2026-08-19
5180-UCIIQ,0.5050301810865191,Likely to churn,0.5050301810865191,2026-08-19
1932-UEDCX,0.5050301810865191,Likely to churn,0.5050301810865191,2026-08-19
7153-OANIO,0.825,Likely to churn,0.825,2026-08-19
5188-HGMLP,0.5050301810865191,Likely to churn,0.5050301810865191,2026-08-19
0665-XHDJU,0.10679611650485436,Unlikely to churn,0.8932038834951457,2026-08-19
6521-YYTYI,0.825,Likely to churn,0.825,2026-08-19
8878-HMWBV,0.5149700598802395,Likely to churn,0.5149700598802395,2026-08-19
8265-HKSOW,0.10679611650485436,Unlikely to churn,0.8932038834951457,2026-08-19
3544-FBCAS,0.0,Unlikely to churn,1.0,2026-08-19
5331-RGMTT,0.5050301810865191,Likely to churn,0.5050301810865191,2026-08-19
4759-PXTAN,0.09430604982206406,Unlikely to churn,0.905693950177936,2026-08-19
7054-DMVAS,0.016241299303944315,Unlikely to churn,0.9837587006960556,2026-08-19
3428-MMGUB,0.0,Unlikely to churn,1.0,2026-08-19
6549-BTYPG,0.016241299303944315,Unlikely to churn,0.9837587006960556,2026-08-19
7823-JSOAG,0.5149700598802395,Likely to churn,0.5149700598802395,2026-08-19
3705-RHRFR,0.10679611650485436,Unlikely to churn,0.8932038834951457,2026-08-19
9374-YOLBJ,1.0,Likely to churn,1.0,2026-08-19
9074-KGVOX,0.5050301810865191,Likely to churn,0.5050301810865191,2026-08-19
6128-DAFVY,0.175,Unlikely to churn,0.825,2026-08-19
9933-QRGTX,0.10679611650485436,Unlikely to churn,0.8932038834951457,2026-08-19
4476-OSWTN,0.057692307692307696,Unlikely to churn,0.9423076923076923,2026-08-19
3751-KTZEL,1.0,Likely to churn,1.0,2026-08-19
1977-STDKI,0.825,Likely to churn,0.825,2026-08-19
5066-GFJMM,1.0,Likely to churn,1.0,2026-08-19
2661-GKBTK,0.016241299303944315,Unlikely to churn,0.9837587006960556,2026-08-19
0458-HEUZG,0.016241299303944315,Unlikely to churn,0.9837587006960556,2026-08-19
7268-WNTCP,0.016241299303944315,Unlikely to churn,0.9837587006960556,2026-08-19
0824-VWDPO,0.057692307692307696,Unlikely to churn,0.9423076923076923,2026-08-19
8409-WQJUX,0.09430604982206406,Unlikely to churn,0.905693950177936,2026-08-19
2578-JQPHZ,0.10679611650485436,Unlikely to churn,0.8932038834951457,2026-08-19
3278-FSIXX,1.0,Likely to churn,1.0,2026-08-19
5813-UECBU,0.5050301810865191,Likely to churn,0.5050301810865191,2026-08-19
0328-GRPMV,0.825,Likely to churn,0.825,2026-08-19
9746-UGFAC,1.0,Likely to churn,1.0,2026-08-19
2946-KIQSP,0.5050301810865191,Likely to churn,0.5050301810865191,2026-08-19
0625-AFOHS,0.016241299303944315,Unlikely to churn,0.9837587006960556,2026-08-19
6726-WEXXK,0.09430604982206406,Unlikely to churn,0.905693950177936,2026-08-19
4636-OLWOE,0.09430604982206406,Unlikely to churn,0.905693950177936,2026-08-19
4342-HENTK,0.5149700598802395,Likely to churn,0.5149700598802395,2026-08-19
4685-ERGHK,0.09430604982206406,Unlikely to churn,0.905693950177936,2026-08-19
0885-HMGPY,0.016241299303944315,Unlikely to churn,0.9837587006960556,2026-08-19
5003-OKNNK,1.0,Likely to churn,1.0,2026-08-19
4195-SMMNX,1.0,Likely to churn,1.0,2026-08-19
7208-PSIHR,0.10679611650485436,Unlikely to churn,0.8932038834951457,2026-08-19
4012-ZTHBR,0.5050301810865191,Likely to churn,0.5050301810865191,2026-08-19
0489-WMEMG,0.09430604982206406,Unlikely to churn,0.905693950177936,2026-08-19
7435-ZNUYY,1.0,Likely to churn,1.0,2026-08-19
1354-YZFNB,0.016241299303944315,Unlikely to churn,0.9837587006960556,2026-08-19
6956-SMUCM,0.7213930348258707,Likely to churn,0.7213930348258707,2026-08-19
2985-FMWYF,0.5050301810865191,Likely to churn,0.5050301810865191,2026-08-19
2812-ENYMO,0.09430604982206406,Unlikely to churn,0.905693950177936,2026-08-19
2717-HVIZY,0.5149700598802395,Likely to churn,0.5149700598802395,2026-08-19
3223-WZWJM,0.5050301810865191,Likely to churn,0.5050301810865191,2026-08-19
3422-GALYP,0.7213930348258707,Likely to churn,0.7213930348258707,2026-08-19
9053-JZFKV,0.0,Unlikely to churn,1.0,2026-08-19
2530-ENDWQ,1.0,Likely to churn,1.0,2026-08-19
2890-WFBHU,0.09430604982206406,Unlikely to churn,0.905693950177936,2026-08-19
0327-WFZSY,0.057692307692307696,Unlikely to churn,0.9423076923076923,2026-08-19
7977-HXJKU,0.016241299303944315,Unlikely to churn,0.9837587006960556,2026-08-19
6615-ZGEDR,1.0,Likely to churn,1.0,2026-08-19
7033-CLAMM,0.016241299303944315,Unlikely to churn,0.9837587006960556,2026-08-19
4023-RTIQM,0.09430604982206406,Unlikely to churn,0.905693950177936,2026-08-19
0864-FVJNJ,0.057692307692307696,Unlikely to churn,0.9423076923076923,2026-08-19
7356-IWLFW,0.5050301810865191,Likely to churn,0.5050301810865191,2026-08-19
9541-PWTWO,0.0,Unlikely to churn,1.0,2026-08-19
3967-VQOGC,0.016241299303944315,Unlikely to churn,0.9837587006960556,2026-08-19
7872-RDDLZ,0.175,Unlikely to churn,0.825,2026-08-19
9250-WYPLL,0.5149700598802395,Likely to churn,0.5149700598802395,2026-08-19
6308-CQRBU,0.0,Unlikely to churn,1.0,2026-08-19
2754-XBHTB,0.5149700598802395,Likely to churn,0.5149700598802395,2026-08-19
1597-LHYNC,0.5050301810865191,Likely to churn,0.5050301810865191,2026-08-19
0186-CAERR,0.057692307692307696,Unlikely to churn,0.9423076923076923,2026-08-19
3043-SUDUA,0.5050301810865191,Likely to churn,0.5050301810865191,2026-08-19
5442-BHQNG,0.5149700598802395,Likely to churn,0.5149700598802395,2026-08-19
2169-RRLFW,0.016241299303944315,Unlikely to churn,0.9837587006960556,2026-08-19
5872-OEQNH,0.09430604982206406,Unlikely to churn,0.905693950177936,2026-08-19
3162-KKZXO,0.057692307692307696,Unlikely to churn,0.9423076923076923,2026-08-19
7055-VKGDA,0.057692307692307696,Unlikely to churn,0.9423076923076923,2026-08-19
0754-UKWQP,0.7213930348258707,Likely to churn,0.7213930348258707,2026-08-19
8873-GLDMH,0.5149700598802395,Likely to churn,0.5149700598802395,2026-08-19
5696-JVVQY,0.016241299303944315,Unlikely to churn,0.9837587006960556,2026-08-19
8946-BFWSG,0.016241299303944315,Unlikely to churn,0.9837587006960556,2026-08-19
7493-TPUWZ,0.825,Likely to churn,0.825,2026-08-19
0547-HURJB,0.5149700598802395,Likely to churn,0.5149700598802395,2026-08-19
8904-OPDCK,0.5050301810865191,Likely to churn,0.5050301810865191,2026-08-19
8845-LWKGE,0.09430604982206406,Unlikely to churn,0.905693950177936,2026-08-19
1577-HKTFG,0.5050301810865191,Likely to churn,0.5050301810865191,2026-08-19
8752-STIVR,0.7213930348258707,Likely to churn,0.7213930348258707,2026-08-19
0691-NIKRI,0.057692307692307696,Unlikely to churn,0.9423076923076923,2026-08-19
5022-JNQEQ,0.5149700598802395,Likely to churn,0.5149700598802395,2026-08-19
4558-FANTW,0.5050301810865191,Likely to churn,0.5050301810865191,2026-08-19
3249-VHRIP,0.016241299303944315,Unlikely to churn,0.9837587006960556,2026-08-19
3736-BLEPA,0.09430604982206406,Unlikely to churn,0.905693950177936,2026-08-19
4701-LKOZD,0.0,Unlikely to churn,1.0,2026-08-19
6603-QWSPR,0.10679611650485436,Unlikely to churn,0.8932038834951457,2026-08-19
9921-QFQUL,0.5050301810865191,Likely to churn,0.5050301810865191,2026-08-19
1929-ZCBHE,0.09430604982206406,Unlikely to churn,0.905693950177936,2026-08-19
4378-MYPGO,0.10679611650485436,Unlikely to churn,0.8932038834951457,2026-08-19
8651-ENBZX,0.057692307692307696,Unlikely to churn,0.9423076923076923,2026-08-19
4129-LYCOI,0.10679611650485436,Unlikely to churn,0.8932038834951457,2026-08-19
7798-JVXYM,0.5050301810865191,Likely to churn,0.5050301810865191,2026-08-19
8647-SDTWQ,0.175,Unlikely to churn,0.825,2026-08-19
2696-ECXKC,0.057692307692307696,Unlikely to churn,0.9423076923076923,2026-08-19
2081-KJSQF,1.0,Likely to churn,1.0,2026-08-19
7623-TRNQN,1.0,Likely to churn,1.0,2026-08-19
3323-CPBWR,0.5050301810865191,Likely to churn,0.5050301810865191,2026-08-19
9330-IJWIO,0.7213930348258707,Likely to churn,0.7213930348258707,2026-08-19
3384-CTMSF,0.5050301810865191,Likely to churn,0.5050301810865191,2026-08-19
0902-RFHOF,1.0,Likely to churn,1.0,2026-08-19
9286-DOJGF,0.5050301810865191,Likely to churn,0.5050301810865191,2026-08-19
6048-QBXKL,1.0,Likely to churn,1.0,2026-08-19
9661-MHUMO,1.0,Likely to churn,1.0,2026-08-19
7718-RXDGG,0.5050301810865191,Likely to churn,0.5050301810865191,2026-08-19
1025-FALIX,0.5050301810865191,Likely to churn,0.5050301810865191,2026-08-19
3451-VAWLI,0.016241299303944315,Unlikely to churn,0.9837587006960556,2026-08-19
3407-QGWLG,1.0,Likely to churn,1.0,2026-08-19
1842-EZJMK,0.5050301810865191,Likely to churn,0.5050301810865191,2026-08-19
2347-WKKAE,0.5050301810865191,Likely to churn,0.5050301810865191,2026-08-19
8735-DCXNF,0.5149700598802395,Likely to churn,0.5149700598802395,2026-08-19
3214-IYUUQ,0.057692307692307696,Unlikely to churn,0.9423076923076923,2026-08-19
1936-UAFEH,0.10679611650485436,Unlikely to churn,0.8932038834951457,2026-08-19
3587-PMCOY,0.2857142857142857,Unlikely to churn,0.7142857142857143,2026-08-19
8079-XRJRS,0.09430604982206406,Unlikely to churn,0.905693950177936,2026-08-19
1027-LKKQQ,0.016241299303944315,Unlikely to churn,0.9837587006960556,2026-08-19
7148-XZPHA,0.175,Unlikely to churn,0.825,2026-08-19
8073-IJDCM,1.0,Likely to churn,1.0,2026-08-19
5309-TAIKL,0.5149700598802395,Likely to churn,0.5149700598802395,2026-08-19
6856-RAURS,0.5149700598802395,Likely to churn,0.5149700598802395,2026-08-19
8778-LMWTJ,0.5149700598802395,Likely to churn,0.5149700598802395,2026-08-19
9717-IOAAF,0.016241299303944315,Unlikely to churn,0.9837587006960556,2026-08-19
8884-ADFVN,0.7213930348258707,Likely to churn,0.7213930348258707,2026-08-19
2845-KDHVX,0.016241299303944315,Unlikely to churn,0.9837587006960556,2026-08-19
0848-SOMKO,0.016241299303944315,Unlikely to churn,0.9837587006960556,2026-08-19
2720-WGKHP,0.7213930348258707,Likely to churn,0.7213930348258707,2026-08-19
6734-FQAJX,0.10679611650485436,Unlikely to churn,0.8932038834951457,2026-08-19
2869-ADAWR,0.5050301810865191,Likely to churn,0.5050301810865191,2026-08-19
1535-VTJOQ,0.016241299303944315,Unlikely to churn,0.9837587006960556,2026-08-19
6368-TZZDT,0.016241299303944315,Unlikely to churn,0.9837587006960556,2026-08-19
0943-ZQPXH,0.5050301810865191,Likely to churn,0.5050301810865191,2026-08-19
1293-BSEUN,0.016241299303944315,Unlikely to churn,0.9837587006960556,2026-08-19
9894-EZEWG,0.825,Likely to churn,0.825,2026-08-19
1302-TPUBN,0.016241299303944315,Unlikely to churn,0.9837587006960556,2026-08-19
7851-FLGGQ,1.0,Likely to churn,1.0,2026-08-19
0637-UBJRP,0.7213930348258707,Likely to churn,0.7213930348258707,2026-08-19
0940-OUQEC,0.7213930348258707,Likely to churn,0.7213930348258707,2026-08-19
2378-VTKDH,0.35384615384615387,Unlikely to churn,0.6461538461538461,2026-08-19
0927-CNGRH,1.0,Likely to churn,1.0,2026-08-19
8608-OZTLB,0.09430604982206406,Unlikely to churn,0.905693950177936,2026-08-19
2335-GSODA,0.016241299303944315,Unlikely to churn,0.9837587006960556,2026-08-19
1952-DVVSW,1.0,Likely to churn,1.0,2026-08-19
0702-PGIBZ,0.7213930348258707,Likely to churn,0.7213930348258707,2026-08-19
6656-GULJQ,0.0,Unlikely to churn,1.0,2026-08-19
9853-JFZDU,0.5050301810865191,Likely to churn,0.5050301810865191,2026-08-19
1963-VAUKV,1.0,Likely to churn,1.0,2026-08-19
3777-XROBG,0.016241299303944315,Unlikely to churn,0.9837587006960556,2026-08-19
6994-FGRHH,0.057692307692307696,Unlikely to churn,0.9423076923076923,2026-08-19
4000-VGMQP,0.09430604982206406,Unlikely to churn,0.905693950177936,2026-08-19
3999-WRNGR,0.175,Unlikely to churn,0.825,2026-08-19
3466-RITXD,0.5050301810865191,Likely to churn,0.5050301810865191,2026-08-19
2680-XKKNJ,0.09430604982206406,Unlikely to churn,0.905693950177936,2026-08-19
3058-HJCUY,0.057692307692307696,Unlikely to churn,0.9423076923076923,2026-08-19
2974-GGUXS,0.5050301810865191,Likely to churn,0.5050301810865191,2026-08-19
7994-XIRTR,0.09430604982206406,Unlikely to churn,0.905693950177936,2026-08-19
3259-FDWOY,0.10679611650485436,Unlikely to churn,0.8932038834951457,2026-08-19
2101-RANCD,0.175,Unlikely to churn,0.825,2026-08-19
7921-BEPCI,0.016241299303944315,Unlikely to churn,0.9837587006960556,2026-08-19
0807-ZABDG,0.5149700598802395,Likely to churn,0.5149700598802395,2026-08-19
8510-TMWYB,0.016241299303944315,Unlikely to churn,0.9837587006960556,2026-08-19
3258-ZKPAI,0.0,Unlikely to churn,1.0,2026-08-19
1428-IEDPR,0.10679611650485436,Unlikely to churn,0.8932038834951457,2026-08-19
5298-GSTLM,0.057692307692307696,Unlikely to churn,0.9423076923076923,2026-08-19
4450-YOOHP,0.5050301810865191,Likely to churn,0.5050301810865191,2026-08-19
6728-CZFEI,0.09430604982206406,Unlikely to churn,0.905693950177936,2026-08-19
5748-RNCJT,0.10679611650485436,Unlikely to churn,0.8932038834951457,2026-08-19
3653-NCRDJ,1.0,Likely to churn,1.0,2026-08-19
6121-TNHBO,0.09430604982206406,Unlikely to churn,0.905693950177936,2026-08-19
5119-NZPTV,0.5149700598802395,Likely to churn,0.5149700598802395,2026-08-19
6519-ZHPXP,0.0,Unlikely to churn,1.0,2026-08-19
7739-LAXOG,0.5050301810865191,Likely to churn,0.5050301810865191,2026-08-19
3472-QPRCH,0.016241299303944315,Unlikely to churn,0.9837587006960556,2026-08-19
8224-UAXBZ,0.09430604982206406,Unlikely to churn,0.905693950177936,2026-08-19
9610-WCESF,0.016241299303944315,Unlikely to churn,0.9837587006960556,2026-08-19
9776-CLUJA,0.5050301810865191,Likely to churn,0.5050301810865191,2026-08-19
2486-WYVVE,0.09430604982206406,Unlikely to churn,0.905693950177936,2026-08-19
3865-ZYKAD,0.175,Unlikely to churn,0.825,2026-08-19
1422-DGUBX,0.09430604982206406,Unlikely to churn,0.905693950177936,2026-08-19
2999-AANRQ,0.016241299303944315,Unlikely to churn,0.9837587006960556,2026-08-19
8668-KNZTI,0.09430604982206406,Unlikely to churn,0.905693950177936,2026-08-19
0480-KYJVA,0.016241299303944315,Unlikely to churn,0.9837587006960556,2026-08-19
6034-ZRYCV,0.016241299303944315,Unlikely to churn,0.9837587006960556,2026-08-19
9746-YKGXB,0.09430604982206406,Unlikely to churn,0.905693950177936,2026-08-19
3926-YZVVX,0.09430604982206406,Unlikely to churn,0.905693950177936,2026-08-19
6000-UKLWI,0.016241299303944315,Unlikely to churn,0.9837587006960556,2026-08-19
2079-FBMZK,0.5149700598802395,Likely to churn,0.5149700598802395,2026-08-19
6332-FBZRI,0.09430604982206406,Unlikely to churn,0.905693950177936,2026-08-19
2096-XOTMO,0.5050301810865191,Likely to churn,0.5050301810865191,2026-08-19
3266-FTKHB,0.016241299303944315,Unlikely to churn,0.9837587006960556,2026-08-19
8221-EQDGL,0.5050301810865191,Likely to churn,0.5050301810865191,2026-08-19
2346-LOCWC,0.016241299303944315,Unlikely to churn,0.9837587006960556,2026-08-19
6608-QQLVK,1.0,Likely to churn,1.0,2026-08-19
0298-XACET,0.016241299303944315,Unlikely to churn,0.9837587006960556,2026-08-19
7560-QJAVJ,0.016241299303944315,Unlikely to churn,0.9837587006960556,2026-08-19
2995-YWTCD,0.016241299303944315,Unlikely to churn,0.9837587006960556,2026-08-19
3551-HUAZH,0.825,Likely to churn,0.825,2026-08-19
9137-UIYPG,0.5050301810865191,Likely to churn,0.5050301810865191,2026-08-19
2809-ZMYOQ,0.5050301810865191,Likely to churn,0.5050301810865191,2026-08-19
5084-OOVCJ,0.5050301810865191,Likely to churn,0.5050301810865191,2026-08-19
0254-WWRKD,0.09430604982206406,Unlikely to churn,0.905693950177936,2026-08-19
7727-SHVZV,0.5149700598802395,Likely to churn,0.5149700598802395,2026-08-19
6302-JGYRJ,0.09430604982206406,Unlikely to churn,0.905693950177936,2026-08-19
5339-PXDVH,0.7213930348258707,Likely to churn,0.7213930348258707,2026-08-19
2205-LPVGL,0.09430604982206406,Unlikely to churn,0.905693950177936,2026-08-19
8782-NUUOL,0.09430604982206406,Unlikely to churn,0.905693950177936,2026-08-19
3685-YLCMQ,0.057692307692307696,Unlikely to churn,0.9423076923076923,2026-08-19
7601-WFVZV,1.0,Likely to churn,1.0,2026-08-19
4609-KNNWG,0.016241299303944315,Unlikely to churn,0.9837587006960556,2026-08-19
4868-AADLV,0.057692307692307696,Unlikely to churn,0.9423076923076923,2026-08-19
9529-OFXHY,0.5050301810865191,Likely to churn,0.5050301810865191,2026-08-19
8634-MPHTR,0.5050301810865191,Likely to churn,0.5050301810865191,2026-08-19
2669-QVCRG,0.5050301810865191,Likely to churn,0.5050301810865191,2026-08-19
2478-EEWWM,0.175,Unlikely to churn,0.825,2026-08-19
9174-IHETN,0.016241299303944315,Unlikely to churn,0.9837587006960556,2026-08-19
2233-TXSIU,0.09430604982206406,Unlikely to churn,0.905693950177936,2026-08-19
9644-UMGQA,0.5149700598802395,Likely to churn,0.5149700598802395,2026-08-19
3256-EZDBI,0.5050301810865191,Likely to churn,0.5050301810865191,2026-08-19
8761-NSOBC,0.5050301810865191,Likely to churn,0.5050301810865191,2026-08-19
0419-YAAPX,0.5050301810865191,Likely to churn,0.5050301810865191,2026-08-19
8413-VONUO,0.7213930348258707,Likely to churn,0.7213930348258707,2026-08-19
0872-CASZJ,0.09430604982206406,Unlikely to churn,0.905693950177936,2026-08-19
4726-DLWQN,0.5050301810865191,Likely to churn,0.5050301810865191,2026-08-19
8164-OCKUJ,0.016241299303944315,Unlikely to churn,0.9837587006960556,2026-08-19
3094-JOJAI,0.5050301810865191,Likely to churn,0.5050301810865191,2026-08-19
9494-MRNYX,0.5149700598802395,Likely to churn,0.5149700598802395,2026-08-19
2599-CZABP,0.09430604982206406,Unlikely to churn,0.905693950177936,2026-08-19
7945-PRBVF,0.016241299303944315,Unlikely to churn,0.9837587006960556,2026-08-19
4544-RXFMG,0.09430604982206406,Unlikely to churn,0.905693950177936,2026-08-19
0859-YGKFW,1.0,Likely to churn,1.0,2026-08-19
1150-FTQGN,0.057692307692307696,Unlikely to churn,0.9423076923076923,2026-08-19
9223-UCPVT,0.825,Likely to churn,0.825,2026-08-19
7196-LIWRH,0.016241299303944315,Unlikely to churn,0.9837587006960556,2026-08-19
5448-VWNAM,0.5050301810865191,Likely to churn,0.5050301810865191,2026-08-19
1177-XZBJL,0.09430604982206406,Unlikely to churn,0.905693950177936,2026-08-19
3518-FSTWG,0.0,Unlikely to churn,1.0,2026-08-19
9330-VOFSZ,0.10679611650485436,Unlikely to churn,0.8932038834951457,2026-08-19
4351-QLCSU,1.0,Likely to churn,1.0,2026-08-19
0939-EREMR,0.5149700598802395,Likely to churn,0.5149700598802395,2026-08-19
9389-ACWBI,0.5149700598802395,Likely to churn,0.5149700598802395,2026-08-19
5419-JPRRN,0.825,Likely to churn,0.825,2026-08-19
3644-QXEHN,0.7213930348258707,Likely to churn,0.7213930348258707,2026-08-19
2911-IJORQ,0.09430604982206406,Unlikely to churn,0.905693950177936,2026-08-19
5921-NGYRH,0.175,Unlikely to churn,0.825,2026-08-19
2100-BDNSN,0.5149700598802395,Likely to churn,0.5149700598802395,2026-08-19
5998-DZLYR,0.10679611650485436,Unlikely to churn,0.8932038834951457,2026-08-19
0488-GSLFR,1.0,Likely to churn,1.0,2026-08-19
9318-NKNFC,1.0,Likely to churn,1.0,2026-08-19
3985-HOYPM,1.0,Likely to churn,1.0,2026-08-19
9728-FTTVZ,1.0,Likely to churn,1.0,2026-08-19
9548-LERKT,0.016241299303944315,Unlikely to churn,0.9837587006960556,2026-08-19
6576-FBXOJ,0.09430604982206406,Unlikely to churn,0.905693950177936,2026-08-19
4310-KEDTB,0.5050301810865191,Likely to churn,0.5050301810865191,2026-08-19
7254-IQWOZ,1.0,Likely to churn,1.0,2026-08-19
2474-BRUCM,0.5050301810865191,Likely to churn,0.5050301810865191,2026-08-19
4062-HBMOS,0.5050301810865191,Likely to churn,0.5050301810865191,2026-08-19
0742-NXBGR,0.825,Likely to churn,0.825,2026-08-19
2676-ISHSF,1.0,Likely to churn,1.0,2026-08-19
9236-NDUCW,0.016241299303944315,Unlikely to churn,0.9837587006960556,2026-08-19
4753-PADAS,0.057692307692307696,Unlikely to churn,0.9423076923076923,2026-08-19
6103-QCKFX,0.5050301810865191,Likely to churn,0.5050301810865191,2026-08-19
7781-EWARA,0.09430604982206406,Unlikely to churn,0.905693950177936,2026-08-19
6110-OHIHY,0.7213930348258707,Likely to churn,0.7213930348258707,2026-08-19
7018-FPXHH,0.016241299303944315,Unlikely to churn,0.9837587006960556,2026-08-19
5889-LFOLL,0.7213930348258707,Likely to churn,0.7213930348258707,2026-08-19
5708-EVONK,0.175,Unlikely to churn,0.825,2026-08-19
8708-XPXHZ,0.5050301810865191,Likely to churn,0.5050301810865191,2026-08-19
0616-ATFGB,1.0,Likely to churn,1.0,2026-08-19
0572-ZJKLT,0.10679611650485436,Unlikely to churn,0.8932038834951457,2026-08-19
5135-RDDQL,0.016241299303944315,Unlikely to churn,0.9837587006960556,2026-08-19
1353-LJWEM,0.5149700598802395,Likely to churn,0.5149700598802395,2026-08-19
1794-SWWKL,0.5050301810865191,Likely to churn,0.5050301810865191,2026-08-19
6166-YIPFO,0.016241299303944315,Unlikely to churn,0.9837587006960556,2026-08-19
7016-BPGEU,0.5050301810865191,Likely to churn,0.5050301810865191,2026-08-19
6876-ADESB,1.0,Likely to churn,1.0,2026-08-19
9332-GYWLO,0.5149700598802395,Likely to churn,0.5149700598802395,2026-08-19
1963-SVUCV,1.0,Likely to churn,1.0,2026-08-19
4184-VODJZ,0.09430604982206406,Unlikely to churn,0.905693950177936,2026-08-19
0220-EBGCE,0.7213930348258707,Likely to churn,0.7213930348258707,2026-08-19
1092-WPIVQ,0.016241299303944315,Unlikely to churn,0.9837587006960556,2026-08-19
7233-IOQNP,0.5050301810865191,Likely to churn,0.5050301810865191,2026-08-19
2834-JKOOW,0.09430604982206406,Unlikely to churn,0.905693950177936,2026-08-19
2754-VDLTR,0.7213930348258707,Likely to churn,0.7213930348258707,2026-08-19
2400-FEQME,0.016241299303944315,Unlikely to churn,0.9837587006960556,2026-08-19
3190-XFANI,0.057692307692307696,Unlikely to churn,0.9423076923076923,2026-08-19
7551-DACSP,0.5149700598802395,Likely to churn,0.5149700598802395,2026-08-19
4957-SREEC,0.016241299303944315,Unlikely to churn,0.9837587006960556,2026-08-19
7235-NXZCP,0.5149700598802395,Likely to churn,0.5149700598802395,2026-08-19
0230-UBYPQ,0.09430604982206406,Unlikely to churn,0.905693950177936,2026-08-19
4923-ADWXJ,0.5050301810865191,Likely to churn,0.5050301810865191,2026-08-19
1763-KUAAW,1.0,Likely to churn,1.0,2026-08-19
1104-TNLZA,0.5050301810865191,Likely to churn,0.5050301810865191,2026-08-19
5195-KPUNQ,0.057692307692307696,Unlikely to churn,0.9423076923076923,2026-08-19
0520-FDVVT,0.2857142857142857,Unlikely to churn,0.7142857142857143,2026-08-19
3439-GVUSX,1.0,Likely to churn,1.0,2026-08-19
1444-VVSGW,0.057692307692307696,Unlikely to churn,0.9423076923076923,2026-08-19
5712-PTIWW,0.7213930348258707,Likely to churn,0.7213930348258707,2026-08-19
5949-HGVJL,0.5050301810865191,Likely to churn,0.5050301810865191,2026-08-19
5203-XEHAX,0.09430604982206406,Unlikely to churn,0.905693950177936,2026-08-19
1635-HDGFT,0.016241299303944315,Unlikely to churn,0.9837587006960556,2026-08-19
3315-TOTBP,0.5050301810865191,Likely to churn,0.5050301810865191,2026-08-19
8050-XGRVL,0.09430604982206406,Unlikely to churn,0.905693950177936,2026-08-19
6661-HBGWL,0.5050301810865191,Likely to churn,0.5050301810865191,2026-08-19
1518-VOWAV,0.5149700598802395,Likely to churn,0.5149700598802395,2026-08-19
9828-QHFBK,0.5050301810865191,Likely to churn,0.5050301810865191,2026-08-19
3908-MKIMJ,0.016241299303944315,Unlikely to churn,0.9837587006960556,2026-08-19
5012-YSPJJ,0.5050301810865191,Likely to churn,0.5050301810865191,2026-08-19
5909-ECHUI,1.0,Likely to churn,1.0,2026-08-19
1309-BXVOQ,0.5050301810865191,Likely to churn,0.5050301810865191,2026-08-19
6728-VOIFY,0.057692307692307696,Unlikely to churn,0.9423076923076923,2026-08-19
9317-WZPGV,0.7213930348258707,Likely to churn,0.7213930348258707,2026-08-19
4891-NLUBA,0.016241299303944315,Unlikely to churn,0.9837587006960556,2026-08-19
2856-HYAPG,1.0,Likely to churn,1.0,2026-08-19
8969-PRHFK,1.0,Likely to churn,1.0,2026-08-19
0661-KQHNK,1.0,Likely to churn,1.0,2026-08-19
8709-KRDVL,0.5050301810865191,Likely to churn,0.5050301810865191,2026-08-19
4488-PSYCG,0.5050301810865191,Likely to churn,0.5050301810865191,2026-08-19
1427-VERSM,0.175,Unlikely to churn,0.825,2026-08-19
9801-NOSHQ,1.0,Likely to churn,1.0,2026-08-19
6339-YPSAH,0.5149700598802395,Likely to churn,0.5149700598802395,2026-08-19
3621-CEOVK,0.5050301810865191,Likely to churn,0.5050301810865191,2026-08-19
6906-ANDWJ,0.5050301810865191,Likely to churn,0.5050301810865191,2026-08-19
2159-TURXX,1.0,Likely to churn,1.0,2026-08-19
1548-FEHVL,0.35384615384615387,Unlikely to churn,0.6461538461538461,2026-08-19
3795-CAWEX,0.0,Unlikely to churn,1.0,2026-08-19
6215-NQCPY,0.5050301810865191,Likely to churn,0.5050301810865191,2026-08-19
5647-URDKA,0.016241299303944315,Unlikely to churn,0.9837587006960556,2026-08-19
2229-DPMBI,0.016241299303944315,Unlikely to churn,0.9837587006960556,2026-08-19
9626-WEQRM,1.0,Likely to churn,1.0,2026-08-19
2188-SXWVT,0.09430604982206406,Unlikely to churn,0.905693950177936,2026-08-19
6258-PVZWJ,0.0,Unlikely to churn,1.0,2026-08-19
1094-BKOSX,0.09430604982206406,Unlikely to churn,0.905693950177936,2026-08-19
6969-MVBAI,0.7213930348258707,Likely to churn,0.7213930348258707,2026-08-19
2978-XXSOG,0.5050301810865191,Likely to churn,0.5050301810865191,2026-08-19
2342-CKIAO,1.0,Likely to churn,1.0,2026-08-19
6953-PBDIN,0.016241299303944315,Unlikely to churn,0.9837587006960556,2026-08-19
3898-BSJYF,0.09430604982206406,Unlikely to churn,0.905693950177936,2026-08-19
3938-YFPXD,0.0,Unlikely to churn,1.0,2026-08-19
7696-AMHOD,0.09430604982206406,Unlikely to churn,0.905693950177936,2026-08-19
2453-SAFNS,0.09430604982206406,Unlikely to churn,0.905693950177936,2026-08-19
9558-IHEZX,0.10679611650485436,Unlikely to churn,0.8932038834951457,2026-08-19
9617-UDPEU,1.0,Likely to churn,1.0,2026-08-19
6340-DACFT,0.016241299303944315,Unlikely to churn,0.9837587006960556,2026-08-19
4955-VCWBI,1.0,Likely to churn,1.0,2026-08-19
6813-GZQCG,0.016241299303944315,Unlikely to churn,0.9837587006960556,2026-08-19
7426-GSWPO,0.35384615384615387,Unlikely to churn,0.6461538461538461,2026-08-19
3389-KTRXV,0.016241299303944315,Unlikely to churn,0.9837587006960556,2026-08-19
3118-UHVVQ,0.016241299303944315,Unlikely to churn,0.9837587006960556,2026-08-19
1031-IIDEO,0.825,Likely to churn,0.825,2026-08-19
5832-XKAES,0.5149700598802395,Likely to churn,0.5149700598802395,2026-08-19
3205-MXZRA,0.09430604982206406,Unlikely to churn,0.905693950177936,2026-08-19
4701-AHWMW,0.175,Unlikely to churn,0.825,2026-08-19
8317-BVKSO,0.5050301810865191,Likely to churn,0.5050301810865191,2026-08-19
5702-KVQRD,0.0,Unlikely to churn,1.0,2026-08-19
0083-PIVIK,0.09430604982206406,Unlikely to churn,0.905693950177936,2026-08-19
9210-IAHGH,0.5149700598802395,Likely to churn,0.5149700598802395,2026-08-19
6169-PGNCD,0.016241299303944315,Unlikely to churn,0.9837587006960556,2026-08-19
0023-XUOPT,0.7213930348258707,Likely to churn,0.7213930348258707,2026-08-19
4592-IWTJI,1.0,Likely to churn,1.0,2026-08-19
4909-JOUPP,0.0,Unlikely to churn,1.0,2026-08-19
4657-FWVFY,0.5050301810865191,Likely to churn,0.5050301810865191,2026-08-19
2257-BOVXD,0.5050301810865191,Likely to churn,0.5050301810865191,2026-08-19
7729-JTEEC,1.0,Likely to churn,1.0,2026-08-19
7632-MNYOY,0.057692307692307696,Unlikely to churn,0.9423076923076923,2026-08-19
6518-LGAOV,0.5050301810865191,Likely to churn,0.5050301810865191,2026-08-19
7242-QZLXF,1.0,Likely to churn,1.0,2026-08-19
4576-CSAJH,0.09430604982206406,Unlikely to churn,0.905693950177936,2026-08-19
1000-AJSLD,1.0,Likely to churn,1.0,2026-08-19
9696-RMYBA,0.7213930348258707,Likely to churn,0.7213930348258707,2026-08-19
8690-UPCZI,0.09430604982206406,Unlikely to churn,0.905693950177936,2026-08-19
1062-LHZOD,1.0,Likely to churn,1.0,2026-08-19
9770-LXDBK,1.0,Likely to churn,1.0,2026-08-19
4086-WITJG,0.016241299303944315,Unlikely to churn,0.9837587006960556,2026-08-19
8344-WFMFH,0.5149700598802395,Likely to churn,0.5149700598802395,2026-08-19
9600-NAXZN,0.5050301810865191,Likely to churn,0.5050301810865191,2026-08-19
8822-KNBHV,0.09430604982206406,Unlikely to churn,0.905693950177936,2026-08-19
8404-FYDIB,0.5050301810865191,Likely to churn,0.5050301810865191,2026-08-19
2791-SFVEW,0.5149700598802395,Likely to churn,0.5149700598802395,2026-08-19
6457-USBER,0.825,Likely to churn,0.825,2026-08-19
6762-NSODU,0.016241299303944315,Unlikely to churn,0.9837587006960556,2026-08-19
4662-EKDPQ,0.5149700598802395,Likely to churn,0.5149700598802395,2026-08-19
9248-OJYKK,0.825,Likely to churn,0.825,2026-08-19
9888-ZCUMM,0.016241299303944315,Unlikely to churn,0.9837587006960556,2026-08-19
3398-FSHON,0.7213930348258707,Likely to churn,0.7213930348258707,2026-08-19
3319-DWOEP,0.7213930348258707,Likely to churn,0.7213930348258707,2026-08-19
1074-WVEVG,1.0,Likely to churn,1.0,2026-08-19
9979-RGMZT,0.2857142857142857,Unlikely to churn,0.7142857142857143,2026-08-19
6437-UDQJM,0.0,Unlikely to churn,1.0,2026-08-19
1226-IENZN,0.5050301810865191,Likely to churn,0.5050301810865191,2026-08-19
2108-GLPQB,0.5050301810865191,Likely to churn,0.5050301810865191,2026-08-19
9259-PACGQ,0.5050301810865191,Likely to churn,0.5050301810865191,2026-08-19
4415-IJZTP,0.825,Likely to churn,0.825,2026-08-19
1465-VINDH,0.7213930348258707,Likely to churn,0.7213930348258707,2026-08-19
5474-LAMUQ,1.0,Likely to churn,1.0,2026-08-19
3468-DRVQJ,0.09430604982206406,Unlikely to churn,0.905693950177936,2026-08-19
1122-YJBCS,0.09430604982206406,Unlikely to churn,0.905693950177936,2026-08-19
4990-ALDGW,0.016241299303944315,Unlikely to churn,0.9837587006960556,2026-08-19
4816-OKWNX,0.057692307692307696,Unlikely to churn,0.9423076923076923,2026-08-19
3315-IKYZQ,0.09430604982206406,Unlikely to churn,0.905693950177936,2026-08-19
2810-FTLEM,0.5050301810865191,Likely to churn,0.5050301810865191,2026-08-19
4747-LCAQL,0.5050301810865191,Likely to churn,0.5050301810865191,2026-08-19
3411-WLRSQ,0.5149700598802395,Likely to churn,0.5149700598802395,2026-08-19
0898-XCGTF,0.057692307692307696,Unlikely to churn,0.9423076923076923,2026-08-19
8006-PYCSW,1.0,Likely to churn,1.0,2026-08-19
8249-THVEC,1.0,Likely to churn,1.0,2026-08-19
8722-PRFDV,0.016241299303944315,Unlikely to churn,0.9837587006960556,2026-08-19
2164-SOQXL,0.5050301810865191,Likely to churn,0.5050301810865191,2026-08-19
4020-KIUDI,1.0,Likely to churn,1.0,2026-08-19
5850-BDWCY,0.5149700598802395,Likely to churn,0.5149700598802395,2026-08-19
2038-YSEZE,0.5050301810865191,Likely to churn,0.5050301810865191,2026-08-19
0827-ITJPH,0.016241299303944315,Unlikely to churn,0.9837587006960556,2026-08-19
8799-OXZMD,0.5050301810865191,Likely to churn,0.5050301810865191,2026-08-19
1925-TIBLE,0.7213930348258707,Likely to churn,0.7213930348258707,2026-08-19
1705-GUHPV,0.016241299303944315,Unlikely to churn,0.9837587006960556,2026-08-19
4779-ZGICK,0.016241299303944315,Unlikely to churn,0.9837587006960556,2026-08-19
0048-PIHNL,1.0,Likely to churn,1.0,2026-08-19
0818-OCPZO,0.5050301810865191,Likely to churn,0.5050301810865191,2026-08-19
3967-KXAPS,0.0,Unlikely to churn,1.0,2026-08-19
1447-GIQMR,1.0,Likely to churn,1.0,2026-08-19
3704-IEAXF,0.016241299303944315,Unlikely to churn,0.9837587006960556,2026-08-19
6810-VCAEX,0.09430604982206406,Unlikely to churn,0.905693950177936,2026-08-19
0674-EYYZV,1.0,Likely to churn,1.0,2026-08-19
4480-MBMLB,0.2857142857142857,Unlikely to churn,0.7142857142857143,2026-08-19
1395-OFUWC,0.5050301810865191,Likely to churn,0.5050301810865191,2026-08-19
0822-QGCXA,0.5050301810865191,Likely to churn,0.5050301810865191,2026-08-19
0872-NXJYS,0.7213930348258707,Likely to churn,0.7213930348258707,2026-08-19
2832-KJCRD,0.5050301810865191,Likely to churn,0.5050301810865191,2026-08-19
3588-WSTTJ,0.5050301810865191,Likely to churn,0.5050301810865191,2026-08-19
4075-WKNIU,0.016241299303944315,Unlikely to churn,0.9837587006960556,2026-08-19
5090-EMGTC,0.10679611650485436,Unlikely to churn,0.8932038834951457,2026-08-19
2346-CZYIL,0.016241299303944315,Unlikely to churn,0.9837587006960556,2026-08-19
3798-EPWRR,1.0,Likely to churn,1.0,2026-08-19
6258-NGCNG,0.5149700598802395,Likely to churn,0.5149700598802395,2026-08-19
4186-ZBUEW,0.09430604982206406,Unlikely to churn,0.905693950177936,2026-08-19
5274-XHAKY,0.5050301810865191,Likely to churn,0.5050301810865191,2026-08-19
1442-BQPVU,0.5149700598802395,Likely to churn,0.5149700598802395,2026-08-19
3978-YNKDD,0.016241299303944315,Unlikely to churn,0.9837587006960556,2026-08-19
4940-KHCWD,0.016241299303944315,Unlikely to churn,0.9837587006960556,2026-08-19
9412-ARGBX,0.10679611650485436,Unlikely to churn,0.8932038834951457,2026-08-19
1389-CXMLU,0.7213930348258707,Likely to churn,0.7213930348258707,2026-08-19
9589-ABEPT,0.0,Unlikely to churn,1.0,2026-08-19
9388-ZEYVT,0.09430604982206406,Unlikely to churn,0.905693950177936,2026-08-19
0305-SQECB,0.09430604982206406,Unlikely to churn,0.905693950177936,2026-08-19
7605-SNLQG,0.5050301810865191,Likely to churn,0.5050301810865191,2026-08-19
4670-TABXH,0.0,Unlikely to churn,1.0,2026-08-19
5561-NWEVX,0.7213930348258707,Likely to churn,0.7213930348258707,2026-08-19
0064-SUDOG,0.016241299303944315,Unlikely to churn,0.9837587006960556,2026-08-19
8561-NMTBD,0.057692307692307696,Unlikely to churn,0.9423076923076923,2026-08-19
5161-XEUVX,0.10679611650485436,Unlikely to churn,0.8932038834951457,2026-08-19
8292-FRFZQ,0.09430604982206406,Unlikely to churn,0.905693950177936,2026-08-19
8591-NXRCV,0.5050301810865191,Likely to churn,0.5050301810865191,2026-08-19
7895-VONWT,0.5050301810865191,Likely to churn,0.5050301810865191,2026-08-19
4526-RMTLL,0.016241299303944315,Unlikely to churn,0.9837587006960556,2026-08-19
6253-GNHWH,0.016241299303944315,Unlikely to churn,0.9837587006960556,2026-08-19
4566-NECEV,0.7213930348258707,Likely to churn,0.7213930348258707,2026-08-19
8080-POTJR,0.09430604982206406,Unlikely to churn,0.905693950177936,2026-08-19
6906-MPARY,0.09430604982206406,Unlikely to churn,0.905693950177936,2026-08-19
3662-FXJFO,0.016241299303944315,Unlikely to churn,0.9837587006960556,2026-08-19
8107-RZLNV,0.10679611650485436,Unlikely to churn,0.8932038834951457,2026-08-19
0516-OOHAR,0.2857142857142857,Unlikely to churn,0.7142857142857143,2026-08-19
2027-CWDNU,0.5050301810865191,Likely to churn,0.5050301810865191,2026-08-19
2737-WFVYW,1.0,Likely to churn,1.0,2026-08-19
9912-OMZDS,0.057692307692307696,Unlikely to churn,0.9423076923076923,2026-08-19
3733-ZEECP,0.5050301810865191,Likely to churn,0.5050301810865191,2026-08-19
7878-RTCZG,1.0,Likely to churn,1.0,2026-08-19
2452-MRMZF,0.016241299303944315,Unlikely to churn,0.9837587006960556,2026-08-19
2272-QAGFO,0.5050301810865191,Likely to churn,0.5050301810865191,2026-08-19
7103-IPXPJ,0.057692307692307696,Unlikely to churn,0.9423076923076923,2026-08-19
4342-HFXWS,0.09430604982206406,Unlikely to churn,0.905693950177936,2026-08-19
3545-CNWRG,0.5050301810865191,Likely to churn,0.5050301810865191,2026-08-19
1785-BPHTP,0.5050301810865191,Likely to churn,0.5050301810865191,2026-08-19
4989-LIXVT,0.175,Unlikely to churn,0.825,2026-08-19
7315-WYOAW,0.7213930348258707,Likely to churn,0.7213930348258707,2026-08-19
1173-XZPYF,0.7213930348258707,Likely to churn,0.7213930348258707,2026-08-19
9850-OWRHQ,0.5149700598802395,Likely to churn,0.5149700598802395,2026-08-19
3768-NLUBH,0.35384615384615387,Unlikely to churn,0.6461538461538461,2026-08-19
8676-TRMJS,0.5149700598802395,Likely to churn,0.5149700598802395,2026-08-19
2509-TFPJU,0.016241299303944315,Unlikely to churn,0.9837587006960556,2026-08-19
9530-GRMJG,0.0,Unlikely to churn,1.0,2026-08-19
6898-RBTLU,0.016241299303944315,Unlikely to churn,0.9837587006960556,2026-08-19
5481-NTDOH,0.057692307692307696,Unlikely to churn,0.9423076923076923,2026-08-19
2068-WWXQZ,0.016241299303944315,Unlikely to churn,0.9837587006960556,2026-08-19
7359-SSBJK,0.016241299303944315,Unlikely to churn,0.9837587006960556,2026-08-19
2061-VVFST,0.5050301810865191,Likely to churn,0.5050301810865191,2026-08-19
0685-MLYYM,0.5149700598802395,Likely to churn,0.5149700598802395,2026-08-19
0749-IRGQE,0.5149700598802395,Likely to churn,0.5149700598802395,2026-08-19
2380-DAMQP,0.0,Unlikely to churn,1.0,2026-08-19
2256-YLYLP,0.016241299303944315,Unlikely to churn,0.9837587006960556,2026-08-19
1272-ILHFG,1.0,Likely to churn,1.0,2026-08-19
0164-XAIRP,0.016241299303944315,Unlikely to churn,0.9837587006960556,2026-08-19
5666-CYCYZ,0.5050301810865191,Likely to churn,0.5050301810865191,2026-08-19
4011-ARPHK,0.5050301810865191,Likely to churn,0.5050301810865191,2026-08-19
8182-PNAGI,0.5149700598802395,Likely to churn,0.5149700598802395,2026-08-19
6365-HITVU,0.0,Unlikely to churn,1.0,2026-08-19
7558-IMLMT,0.016241299303944315,Unlikely to churn,0.9837587006960556,2026-08-19
9488-FYQAU,0.10679611650485436,Unlikely to churn,0.8932038834951457,2026-08-19
3590-TCXTB,1.0,Likely to churn,1.0,2026-08-19
6994-KERXL,0.5149700598802395,Likely to churn,0.5149700598802395,2026-08-19
7957-RYHQD,0.5050301810865191,Likely to churn,0.5050301810865191,2026-08-19
2180-DXNEG,0.7213930348258707,Likely to churn,0.7213930348258707,2026-08-19
1960-UOTYM,0.016241299303944315,Unlikely to churn,0.9837587006960556,2026-08-19
2740-JFBOK,0.5149700598802395,Likely to churn,0.5149700598802395,2026-08-19
6500-JVEGC,0.057692307692307696,Unlikely to churn,0.9423076923076923,2026-08-19
5515-AKOAJ,0.5050301810865191,Likely to churn,0.5050301810865191,2026-08-19
8976-OQHGT,0.5149700598802395,Likely to churn,0.5149700598802395,2026-08-19
5245-VDBUR,0.09430604982206406,Unlikely to churn,0.905693950177936,2026-08-19
6230-BSUXY,0.825,Likely to churn,0.825,2026-08-19
8469-SNFFH,0.09430604982206406,Unlikely to churn,0.905693950177936,2026-08-19
2144-ESWKO,0.09430604982206406,Unlikely to churn,0.905693950177936,2026-08-19
1241-FPMOF,0.016241299303944315,Unlikely to churn,0.9837587006960556,2026-08-19
9928-BZVLZ,0.016241299303944315,Unlikely to churn,0.9837587006960556,2026-08-19
4114-QMKVN,0.09430604982206406,Unlikely to churn,0.905693950177936,2026-08-19
2775-SEFEE,0.016241299303944315,Unlikely to churn,0.9837587006960556,2026-08-19
9003-CPATH,0.5050301810865191,Likely to churn,0.5050301810865191,2026-08-19
1754-GKYPY,0.5050301810865191,Likely to churn,0.5050301810865191,2026-08-19
5294-CDGWY,0.09430604982206406,Unlikely to churn,0.905693950177936,2026-08-19
7956-XQWGU,0.5050301810865191,Likely to churn,0.5050301810865191,2026-08-19
1591-MQJTP,0.09430604982206406,Unlikely to churn,0.905693950177936,2026-08-19
5295-PCJOO,0.5149700598802395,Likely to churn,0.5149700598802395,2026-08-19
2369-FEVNO,1.0,Likely to churn,1.0,2026-08-19
9863-JZAIC,0.5050301810865191,Likely to churn,0.5050301810865191,2026-08-19
7471-MQPOS,0.09430604982206406,Unlikely to churn,0.905693950177936,2026-08-19
7660-HDPJV,1.0,Likely to churn,1.0,2026-08-19
5115-SQAAU,0.016241299303944315,Unlikely to churn,0.9837587006960556,2026-08-19
9845-QOMAD,1.0,Likely to churn,1.0,2026-08-19
7672-VFMXZ,0.175,Unlikely to churn,0.825,2026-08-19
9739-JLPQJ,0.0,Unlikely to churn,1.0,2026-08-19
9916-AYHTC,0.016241299303944315,Unlikely to churn,0.9837587006960556,2026-08-19
3855-ONCAR,0.7213930348258707,Likely to churn,0.7213930348258707,2026-08-19
1488-SYSFC,0.5050301810865191,Likely to churn,0.5050301810865191,2026-08-19
7931-PXHFC,0.09430604982206406,Unlikely to churn,0.905693950177936,2026-08-19
3990-QYKBE,0.5050301810865191,Likely to churn,0.5050301810865191,2026-08-19
0970-QXPXW,1.0,Likely to churn,1.0,2026-08-19
3259-KNMRR,0.016241299303944315,Unlikely to churn,0.9837587006960556,2026-08-19
6120-RJKLU,0.016241299303944315,Unlikely to churn,0.9837587006960556,2026-08-19
9572-WUKSB,1.0,Likely to churn,1.0,2026-08-19
5893-KCLGT,0.016241299303944315,Unlikely to churn,0.9837587006960556,2026-08-19
0076-LVEPS,0.5050301810865191,Likely to churn,0.5050301810865191,2026-08-19
3640-JQGJG,0.5149700598802395,Likely to churn,0.5149700598802395,2026-08-19
4919-MOAVT,0.5149700598802395,Likely to churn,0.5149700598802395,2026-08-19
1596-OQSPS,0.5149700598802395,Likely to churn,0.5149700598802395,2026-08-19
9867-XOBQA,0.016241299303944315,Unlikely to churn,0.9837587006960556,2026-08-19
9546-KDTRB,0.5050301810865191,Likely to churn,0.5050301810865191,2026-08-19
3090-HAWSU,0.10679611650485436,Unlikely to churn,0.8932038834951457,2026-08-19
9820-RMCQV,0.5149700598802395,Likely to churn,0.5149700598802395,2026-08-19
3174-RKMOW,0.5050301810865191,Likely to churn,0.5050301810865191,2026-08-19
1760-CAZHT,0.5050301810865191,Likely to churn,0.5050301810865191,2026-08-19
7839-QRKXN,1.0,Likely to churn,1.0,2026-08-19
8441-SHIPE,0.016241299303944315,Unlikely to churn,0.9837587006960556,2026-08-19
5204-QZXPU,0.5050301810865191,Likely to churn,0.5050301810865191,2026-08-19
4597-ELFTS,0.09430604982206406,Unlikely to churn,0.905693950177936,2026-08-19
1320-GVNHT,0.0,Unlikely to churn,1.0,2026-08-19
1047-RNXZV,0.016241299303944315,Unlikely to churn,0.9837587006960556,2026-08-19
3541-ZNUHK,0.175,Unlikely to churn,0.825,2026-08-19
8450-JOVAH,1.0,Likely to churn,1.0,2026-08-19
8725-JEDFD,0.5050301810865191,Likely to churn,0.5050301810865191,2026-08-19
7562-UXTPG,0.5149700598802395,Likely to churn,0.5149700598802395,2026-08-19
8071-SBTRN,0.0,Unlikely to churn,1.0,2026-08-19
1113-IUJYX,0.2857142857142857,Unlikely to churn,0.7142857142857143,2026-08-19
6668-CNMFP,0.09430604982206406,Unlikely to churn,0.905693950177936,2026-08-19
5626-MGTUK,0.5050301810865191,Likely to churn,0.5050301810865191,2026-08-19
5681-LLOEI,0.09430604982206406,Unlikely to churn,0.905693950177936,2026-08-19
8212-DJRCH,0.7213930348258707,Likely to churn,0.7213930348258707,2026-08-19
4323-OHFOW,0.057692307692307696,Unlikely to churn,0.9423076923076923,2026-08-19
4933-BSAIP,0.016241299303944315,Unlikely to churn,0.9837587006960556,2026-08-19
2030-BTZRO,0.016241299303944315,Unlikely to churn,0.9837587006960556,2026-08-19
1116-DXXDF,0.10679611650485436,Unlikely to churn,0.8932038834951457,2026-08-19
9274-CNFMO,0.5149700598802395,Likely to churn,0.5149700598802395,2026-08-19
7758-XKCBS,0.5050301810865191,Likely to churn,0.5050301810865191,2026-08-19
8992-JQYUN,1.0,Likely to churn,1.0,2026-08-19
6563-VNPMN,0.5050301810865191,Likely to churn,0.5050301810865191,2026-08-19
0617-AQNWT,0.016241299303944315,Unlikely to churn,0.9837587006960556,2026-08-19
2267-WTPYD,0.175,Unlikely to churn,0.825,2026-08-19
0270-THENM,0.016241299303944315,Unlikely to churn,0.9837587006960556,2026-08-19
2446-PLQVO,0.825,Likely to churn,0.825,2026-08-19
4707-MAXGU,0.016241299303944315,Unlikely to churn,0.9837587006960556,2026-08-19
2710-WYVXG,0.016241299303944315,Unlikely to churn,0.9837587006960556,2026-08-19
3005-NFMTA,0.175,Unlikely to churn,0.825,2026-08-19
6300-BWMJX,0.175,Unlikely to churn,0.825,2026-08-19
8784-CGILN,0.5050301810865191,Likely to churn,0.5050301810865191,2026-08-19
5389-FFVKB,0.5050301810865191,Likely to churn,0.5050301810865191,2026-08-19
7009-LGECI,0.5149700598802395,Likely to churn,0.5149700598802395,2026-08-19
8444-WRIDW,0.175,Unlikely to churn,0.825,2026-08-19
5022-KVDQT,0.5050301810865191,Likely to churn,0.5050301810865191,2026-08-19
7976-CICYS,1.0,Likely to churn,1.0,2026-08-19
1036-GUDCL,0.175,Unlikely to churn,0.825,2026-08-19
2005-DWQZJ,0.016241299303944315,Unlikely to churn,0.9837587006960556,2026-08-19
8148-WOCMK,0.016241299303944315,Unlikely to churn,0.9837587006960556,2026-08-19
7815-PDTHL,0.016241299303944315,Unlikely to churn,0.9837587006960556,2026-08-19
9451-LPGOO,0.7213930348258707,Likely to churn,0.7213930348258707,2026-08-19
9173-IVZVP,0.016241299303944315,Unlikely to churn,0.9837587006960556,2026-08-19
9129-UXERG,0.5050301810865191,Likely to churn,0.5050301810865191,2026-08-19
3635-JBPSG,0.016241299303944315,Unlikely to churn,0.9837587006960556,2026-08-19
7964-ZRKKG,0.09430604982206406,Unlikely to churn,0.905693950177936,2026-08-19
5868-YWPDW,0.7213930348258707,Likely to churn,0.7213930348258707,2026-08-19
6229-LSCKB,0.7213930348258707,Likely to churn,0.7213930348258707,2026-08-19
2025-JKFWI,0.7213930348258707,Likely to churn,0.7213930348258707,2026-08-19
4078-SAYYN,0.7213930348258707,Likely to churn,0.7213930348258707,2026-08-19
1724-IQWNM,1.0,Likely to churn,1.0,2026-08-19
8217-QYOHV,0.5149700598802395,Likely to churn,0.5149700598802395,2026-08-19
5546-QUERU,1.0,Likely to churn,1.0,2026-08-19
9940-HPQPG,0.7213930348258707,Likely to churn,0.7213930348258707,2026-08-19
6897-UUBNU,0.5050301810865191,Likely to churn,0.5050301810865191,2026-08-19
6127-IYJOZ,1.0,Likely to churn,1.0,2026-08-19
6618-RYATB,0.825,Likely to churn,0.825,2026-08-19
8930-XOTDP,0.5050301810865191,Likely to churn,0.5050301810865191,2026-08-19
5916-QEWPT,0.5149700598802395,Likely to churn,0.5149700598802395,2026-08-19
5060-TQUQN,0.5050301810865191,Likely to churn,0.5050301810865191,2026-08-19
0531-XBKMM,0.016241299303944315,Unlikely to churn,0.9837587006960556,2026-08-19
8465-SBRXP,0.10679611650485436,Unlikely to churn,0.8932038834951457,2026-08-19
2408-PSJVE,0.5050301810865191,Likely to churn,0.5050301810865191,2026-08-19
9079-YEXQJ,0.5050301810865191,Likely to churn,0.5050301810865191,2026-08-19
9700-ZCLOT,1.0,Likely to churn,1.0,2026-08-19
8738-JOKAR,0.09430604982206406,Unlikely to churn,0.905693950177936,2026-08-19
4534-WGCIR,0.016241299303944315,Unlikely to churn,0.9837587006960556,2026-08-19
1930-WNXSB,0.175,Unlikely to churn,0.825,2026-08-19
2685-SREOM,0.5050301810865191,Likely to churn,0.5050301810865191,2026-08-19
3508-CFVZL,0.0,Unlikely to churn,1.0,2026-08-19
0402-CQAJN,0.5050301810865191,Likely to churn,0.5050301810865191,2026-08-19
6692-UDPJC,0.5050301810865191,Likely to churn,0.5050301810865191,2026-08-19
1273-MTETI,0.7213930348258707,Likely to churn,0.7213930348258707,2026-08-19
0657-DOGUM,0.09430604982206406,Unlikely to churn,0.905693950177936,2026-08-19
5480-HPRRX,1.0,Likely to churn,1.0,2026-08-19
8792-AOROI,0.016241299303944315,Unlikely to churn,0.9837587006960556,2026-08-19
0295-PPHDO,0.825,Likely to churn,0.825,2026-08-19
5146-YYFRZ,0.016241299303944315,Unlikely to churn,0.9837587006960556,2026-08-19
1195-OIYEJ,0.7213930348258707,Likely to churn,0.7213930348258707,2026-08-19
5906-CVLHP,0.09430604982206406,Unlikely to churn,0.905693950177936,2026-08-19
3452-SRFEG,0.5050301810865191,Likely to churn,0.5050301810865191,2026-08-19
4070-OKWVH,0.5050301810865191,Likely to churn,0.5050301810865191,2026-08-19
5297-MDOIR,0.09430604982206406,Unlikely to churn,0.905693950177936,2026-08-19
6369-MCAKO,0.0,Unlikely to churn,1.0,2026-08-19
4926-UMJZD,0.5050301810865191,Likely to churn,0.5050301810865191,2026-08-19
6848-HJTXY,0.016241299303944315,Unlikely to churn,0.9837587006960556,2026-08-19
6341-AEVKX,0.057692307692307696,Unlikely to churn,0.9423076923076923,2026-08-19
4501-EQDRN,1.0,Likely to churn,1.0,2026-08-19
2990-HWIML,0.7213930348258707,Likely to churn,0.7213930348258707,2026-08-19
0682-USIXD,0.5050301810865191,Likely to churn,0.5050301810865191,2026-08-19
6976-BWGLQ,0.016241299303944315,Unlikely to churn,0.9837587006960556,2026-08-19
7078-NVFAM,0.5050301810865191,Likely to churn,0.5050301810865191,2026-08-19
8065-QBYTO,0.057692307692307696,Unlikely to churn,0.9423076923076923,2026-08-19
2133-TSRRM,0.5050301810865191,Likely to churn,0.5050301810865191,2026-08-19
7384-GHBPI,1.0,Likely to churn,1.0,2026-08-19
7603-USHJS,0.5149700598802395,Likely to churn,0.5149700598802395,2026-08-19
7234-FECYN,0.7213930348258707,Likely to churn,0.7213930348258707,2026-08-19
2511-ALLCS,0.016241299303944315,Unlikely to churn,0.9837587006960556,2026-08-19
3191-CSNMG,0.7213930348258707,Likely to churn,0.7213930348258707,2026-08-19
7952-OBOYL,0.7213930348258707,Likely to churn,0.7213930348258707,2026-08-19
7470-DYNOE,0.09430604982206406,Unlikely to churn,0.905693950177936,2026-08-19
7853-OETYL,1.0,Likely to churn,1.0,2026-08-19
1545-ACTAS,0.057692307692307696,Unlikely to churn,0.9423076923076923,2026-08-19
5876-HZVZM,0.5149700598802395,Likely to churn,0.5149700598802395,2026-08-19
1400-MMYXY,0.7213930348258707,Likely to churn,0.7213930348258707,2026-08-19
5126-RCXYW,0.016241299303944315,Unlikely to churn,0.9837587006960556,2026-08-19
3085-QUOZK,1.0,Likely to churn,1.0,2026-08-19
2363-BJLSL,0.175,Unlikely to churn,0.825,2026-08-19
1956-YIFGE,0.2857142857142857,Unlikely to churn,0.7142857142857143,2026-08-19
3926-CUQZX,1.0,Likely to churn,1.0,2026-08-19
7921-LMDFQ,0.057692307692307696,Unlikely to churn,0.9423076923076923,2026-08-19
2925-MXLSX,0.09430604982206406,Unlikely to churn,0.905693950177936,2026-08-19
5820-PTRYM,0.09430604982206406,Unlikely to churn,0.905693950177936,2026-08-19
9609-BENEA,0.09430604982206406,Unlikely to churn,0.905693950177936,2026-08-19
6211-WHMYA,0.175,Unlikely to churn,0.825,2026-08-19
4459-BBGHE,0.5050301810865191,Likely to churn,0.5050301810865191,2026-08-19
9945-PSVIP,0.016241299303944315,Unlikely to churn,0.9837587006960556,2026-08-19
1041-RXHRA,0.5050301810865191,Likely to churn,0.5050301810865191,2026-08-19
1750-CSKKM,0.5149700598802395,Likely to churn,0.5149700598802395,2026-08-19
9108-EJFJP,1.0,Likely to churn,1.0,2026-08-19
0530-IJVDB,0.0,Unlikely to churn,1.0,2026-08-19
0508-SQWPL,0.016241299303944315,Unlikely to churn,0.9837587006960556,2026-08-19
2215-ZAFGX,0.7213930348258707,Likely to churn,0.7213930348258707,2026-08-19
8213-TAZPM,0.057692307692307696,Unlikely to churn,0.9423076923076923,2026-08-19
7142-HVGBG,0.5050301810865191,Likely to churn,0.5050301810865191,2026-08-19
1304-SEGFY,0.10679611650485436,Unlikely to churn,0.8932038834951457,2026-08-19
7242-EDTYC,0.016241299303944315,Unlikely to churn,0.9837587006960556,2026-08-19
2904-GGUAZ,0.0,Unlikely to churn,1.0,2026-08-19
8267-ZNYVZ,0.2857142857142857,Unlikely to churn,0.7142857142857143,2026-08-19
5136-GFPMB,0.5050301810865191,Likely to churn,0.5050301810865191,2026-08-19
2595-KIWPV,0.016241299303944315,Unlikely to churn,0.9837587006960556,2026-08-19
5243-SAOTC,0.5050301810865191,Likely to churn,0.5050301810865191,2026-08-19
9398-MMQTO,0.5149700598802395,Likely to churn,0.5149700598802395,2026-08-19
7619-PLRLP,0.09430604982206406,Unlikely to churn,0.905693950177936,2026-08-19
6457-GIRWB,1.0,Likely to churn,1.0,2026-08-19
6508-NJYRO,1.0,Likely to churn,1.0,2026-08-19
1450-SKCVI,0.175,Unlikely to churn,0.825,2026-08-19
4710-NKCAW,0.5149700598802395,Likely to churn,0.5149700598802395,2026-08-19
5306-BVTKJ,0.09430604982206406,Unlikely to churn,0.905693950177936,2026-08-19
0357-NVCRI,0.5050301810865191,Likely to churn,0.5050301810865191,2026-08-19
5570-PTWEH,0.5149700598802395,Likely to churn,0.5149700598802395,2026-08-19
2371-KFUOG,0.057692307692307696,Unlikely to churn,0.9423076923076923,2026-08-19
0463-ZSDNT,0.5149700598802395,Likely to churn,0.5149700598802395,2026-08-19
6502-MJQAE,1.0,Likely to churn,1.0,2026-08-19
6257-DTAYD,0.10679611650485436,Unlikely to churn,0.8932038834951457,2026-08-19
4616-ULAOA,0.10679611650485436,Unlikely to churn,0.8932038834951457,2026-08-19
7693-LCKZL,0.7213930348258707,Likely to churn,0.7213930348258707,2026-08-19
7746-AWNQW,0.5050301810865191,Likely to churn,0.5050301810865191,2026-08-19
5996-EBTKM,0.016241299303944315,Unlikely to churn,0.9837587006960556,2026-08-19
2758-RNWXS,0.09430604982206406,Unlikely to churn,0.905693950177936,2026-08-19
2314-TNDJQ,0.016241299303944315,Unlikely to churn,0.9837587006960556,2026-08-19
2405-LBMUW,0.09430604982206406,Unlikely to churn,0.905693950177936,2026-08-19
3454-JFUBC,0.016241299303944315,Unlikely to churn,0.9837587006960556,2026-08-19
0032-PGELS,1.0,Likely to churn,1.0,2026-08-19
9039-ZVJDC,1.0,Likely to churn,1.0,2026-08-19
6797-LNAQX,0.10679611650485436,Unlikely to churn,0.8932038834951457,2026-08-19
9013-AQORL,0.5050301810865191,Likely to churn,0.5050301810865191,2026-08-19
2898-MRKPI,0.057692307692307696,Unlikely to churn,0.9423076923076923,2026-08-19
2750-BJLSB,0.057692307692307696,Unlikely to churn,0.9423076923076923,2026-08-19
3648-GZPHF,0.09430604982206406,Unlikely to churn,0.905693950177936,2026-08-19
2075-RMJIK,0.5149700598802395,Likely to churn,0.5149700598802395,2026-08-19
9588-YRFHY,0.016241299303944315,Unlikely to churn,0.9837587006960556,2026-08-19
6394-MFYNG,0.5050301810865191,Likely to churn,0.5050301810865191,2026-08-19
1564-NTYXF,0.7213930348258707,Likely to churn,0.7213930348258707,2026-08-19
9364-YKUVW,0.5050301810865191,Likely to churn,0.5050301810865191,2026-08-19
5392-AKEMH,0.5149700598802395,Likely to churn,0.5149700598802395,2026-08-19
2451-YMUXS,0.016241299303944315,Unlikely to churn,0.9837587006960556,2026-08-19
3914-FDRHP,0.7213930348258707,Likely to churn,0.7213930348258707,2026-08-19
3078-ZKNTS,0.016241299303944315,Unlikely to churn,0.9837587006960556,2026-08-19
1024-KPRBB,0.09430604982206406,Unlikely to churn,0.905693950177936,2026-08-19
4690-PKDQG,0.5050301810865191,Likely to churn,0.5050301810865191,2026-08-19
8155-IBNHG,0.5050301810865191,Likely to churn,0.5050301810865191,2026-08-19
0886-QGENL,0.5050301810865191,Likely to churn,0.5050301810865191,2026-08-19
9547-ITEFG,0.7213930348258707,Likely to churn,0.7213930348258707,2026-08-19
1264-FUHCX,0.09430604982206406,Unlikely to churn,0.905693950177936,2026-08-19
7789-CRUVC,0.175,Unlikely to churn,0.825,2026-08-19
6598-KELSS,0.09430604982206406,Unlikely to churn,0.905693950177936,2026-08-19
8739-WWKDU,0.5050301810865191,Likely to churn,0.5050301810865191,2026-08-19
8685-WHQPW,0.5050301810865191,Likely to churn,0.5050301810865191,2026-08-19
4745-LSPLO,1.0,Likely to churn,1.0,2026-08-19
8083-YTZES,0.5149700598802395,Likely to churn,0.5149700598802395,2026-08-19
7240-FQLHE,0.5050301810865191,Likely to churn,0.5050301810865191,2026-08-19
6664-FPDAC,0.057692307692307696,Unlikely to churn,0.9423076923076923,2026-08-19
9972-VAFJJ,0.057692307692307696,Unlikely to churn,0.9423076923076923,2026-08-19
0422-UXFAP,0.057692307692307696,Unlikely to churn,0.9423076923076923,2026-08-19
1904-WAJAA,0.016241299303944315,Unlikely to churn,0.9837587006960556,2026-08-19
5130-YPIRV,0.016241299303944315,Unlikely to churn,0.9837587006960556,2026-08-19
2843-CQMEG,0.5050301810865191,Likely to churn,0.5050301810865191,2026-08-19
6439-PKTRR,0.0,Unlikely to churn,1.0,2026-08-19
5351-QESIO,1.0,Likely to churn,1.0,2026-08-19
0786-VSSUD,0.5050301810865191,Likely to churn,0.5050301810865191,2026-08-19
5568-DMXZS,0.5149700598802395,Likely to churn,0.5149700598802395,2026-08-19
8468-FZTOE,0.016241299303944315,Unlikely to churn,0.9837587006960556,2026-08-19
6633-SYEUS,0.5050301810865191,Likely to churn,0.5050301810865191,2026-08-19
6447-GORXK,0.5050301810865191,Likely to churn,0.5050301810865191,2026-08-19
6967-PEJLL,0.09430604982206406,Unlikely to churn,0.905693950177936,2026-08-19
3976-BWUCK,0.5050301810865191,Likely to churn,0.5050301810865191,2026-08-19
5981-ZVXOT,0.2857142857142857,Unlikely to churn,0.7142857142857143,2026-08-19
1684-FLBGS,0.5050301810865191,Likely to churn,0.5050301810865191,2026-08-19
1389-WNUIB,0.09430604982206406,Unlikely to churn,0.905693950177936,2026-08-19
0376-OIWME,0.5050301810865191,Likely to churn,0.5050301810865191,2026-08-19
3585-ISXZP,0.7213930348258707,Likely to churn,0.7213930348258707,2026-08-19
0218-QNVAS,0.057692307692307696,Unlikely to churn,0.9423076923076923,2026-08-19
6583-QGCSI,0.5050301810865191,Likely to churn,0.5050301810865191,2026-08-19
0804-YGEQV,0.09430604982206406,Unlikely to churn,0.905693950177936,2026-08-19
7164-BPTUT,0.0,Unlikely to churn,1.0,2026-08-19
4174-LPGTI,0.09430604982206406,Unlikely to churn,0.905693950177936,2026-08-19
2523-EWWZL,0.5050301810865191,Likely to churn,0.5050301810865191,2026-08-19
0928-XUTSN,0.7213930348258707,Likely to churn,0.7213930348258707,2026-08-19
2108-XWMPY,1.0,Likely to churn,1.0,2026-08-19
0052-YNYOT,1.0,Likely to churn,1.0,2026-08-19
6304-IJFSQ,0.5149700598802395,Likely to churn,0.5149700598802395,2026-08-19
9586-JGQKH,0.10679611650485436,Unlikely to churn,0.8932038834951457,2026-08-19
4501-VCPFK,0.5050301810865191,Likely to churn,0.5050301810865191,2026-08-19
6075-SLNIL,0.5050301810865191,Likely to churn,0.5050301810865191,2026-08-19
9347-AERRL,1.0,Likely to churn,1.0,2026-08-19
0093-XWZFY,0.5050301810865191,Likely to churn,0.5050301810865191,2026-08-19
2274-XUATA,0.016241299303944315,Unlikely to churn,0.9837587006960556,2026-08-19
1980-KXVPM,0.5149700598802395,Likely to churn,0.5149700598802395,2026-08-19
7703-ZEKEF,0.5050301810865191,Likely to churn,0.5050301810865191,2026-08-19
0723-DRCLG,0.825,Likely to churn,0.825,2026-08-19
5482-NUPNA,0.5149700598802395,Likely to churn,0.5149700598802395,2026-08-19
6691-CCIHA,0.0,Unlikely to churn,1.0,2026-08-19
1685-BQULA,0.5050301810865191,Likely to churn,0.5050301810865191,2026-08-19
9053-EJUNL,0.5050301810865191,Likely to churn,0.5050301810865191,2026-08-19
0666-UXTJO,0.5050301810865191,Likely to churn,0.5050301810865191,2026-08-19
1471-GIQKQ,1.0,Likely to churn,1.0,2026-08-19
4807-IZYOZ,0.016241299303944315,Unlikely to churn,0.9837587006960556,2026-08-19
1122-JWTJW,0.825,Likely to churn,0.825,2026-08-19
9710-NJERN,0.016241299303944315,Unlikely to churn,0.9837587006960556,2026-08-19
9837-FWLCH,0.5149700598802395,Likely to churn,0.5149700598802395,2026-08-19
1699-HPSBG,0.09430604982206406,Unlikely to churn,0.905693950177936,2026-08-19
7203-OYKCT,0.057692307692307696,Unlikely to churn,0.9423076923076923,2026-08-19
1035-IPQPU,0.35384615384615387,Unlikely to churn,0.6461538461538461,2026-08-19
7398-LXGYX,0.5050301810865191,Likely to churn,0.5050301810865191,2026-08-19
2823-LKABH,0.5050301810865191,Likely to churn,0.5050301810865191,2026-08-19
8775-CEBBJ,0.5149700598802395,Likely to churn,0.5149700598802395,2026-08-19
0550-DCXLH,0.5149700598802395,Likely to churn,0.5149700598802395,2026-08-19
9281-CEDRU,0.016241299303944315,Unlikely to churn,0.9837587006960556,2026-08-19
2235-DWLJU,0.5149700598802395,Likely to churn,0.5149700598802395,2026-08-19
0871-OPBXW,1.0,Likely to churn,1.0,2026-08-19
3605-JISKB,0.09430604982206406,Unlikely to churn,0.905693950177936,2026-08-19
6894-LFHLY,0.825,Likely to churn,0.825,2026-08-19
9767-FFLEM,0.5050301810865191,Likely to churn,0.5050301810865191,2026-08-19
0639-TSIQW,0.35384615384615387,Unlikely to churn,0.6461538461538461,2026-08-19
8456-QDAVC,0.5050301810865191,Likely to churn,0.5050301810865191,2026-08-19
7750-EYXWZ,0.09430604982206406,Unlikely to churn,0.905693950177936,2026-08-19
2569-WGERO,0.016241299303944315,Unlikely to churn,0.9837587006960556,2026-08-19
6840-RESVB,0.09430604982206406,Unlikely to churn,0.905693950177936,2026-08-19
2234-XADUH,0.057692307692307696,Unlikely to churn,0.9423076923076923,2026-08-19
4801-JZAZL,0.5149700598802395,Likely to churn,0.5149700598802395,2026-08-19
8361-LTMKD,0.5149700598802395,Likely to churn,0.5149700598802395,2026-08-19
3186-AJIEK,0.10679611650485436,Unlikely to churn,0.8932038834951457,2026-08-19
